scheme,function,fault,source,test,detected,detail
mayo,EF,binOpFault/EF_line105_opA,correction_paired_result.txt,correction,no,no position with disagreeing pairs
mayo,EF,binOpFault/EF_line105_opA,ineffective_paired_result.txt,ineffective,no,no position with disagreeing pairs
mayo,EF,binOpFault/EF_line105_opB,correction_paired_result.txt,correction,no,no position with disagreeing pairs
mayo,EF,binOpFault/EF_line105_opB,ineffective_paired_result.txt,ineffective,no,no position with disagreeing pairs
mayo,EF,binOpFault/EF_line105_undef,correction_paired_result.txt,correction,no,no position with disagreeing pairs
mayo,EF,binOpFault/EF_line105_undef,ineffective_paired_result.txt,ineffective,no,no position with disagreeing pairs
mayo,EF,binOpFault/EF_line105_zero,correction_paired_result.txt,correction,no,no position with disagreeing pairs
mayo,EF,binOpFault/EF_line105_zero,ineffective_paired_result.txt,ineffective,no,no position with disagreeing pairs
mayo,EF,binOpFault/EF_line108_opA,correction_paired_result.txt,correction,no,no position with disagreeing pairs
mayo,EF,binOpFault/EF_line108_opA,ineffective_paired_result.txt,ineffective,no,no position with disagreeing pairs
mayo,EF,binOpFault/EF_line108_opB,correction_paired_result.txt,correction,no,no position with disagreeing pairs
mayo,EF,binOpFault/EF_line108_opB,ineffective_paired_result.txt,ineffective,no,no position with disagreeing pairs
mayo,EF,binOpFault/EF_line108_undef,correction_paired_result.txt,correction,no,no position with disagreeing pairs
mayo,EF,binOpFault/EF_line108_undef,ineffective_paired_result.txt,ineffective,no,no position with disagreeing pairs
mayo,EF,binOpFault/EF_line108_zero,correction_paired_result.txt,correction,no,no position with disagreeing pairs
mayo,EF,binOpFault/EF_line108_zero,ineffective_paired_result.txt,ineffective,no,no position with disagreeing pairs
mayo,EF,binOpFault/EF_line109_opA,correction_paired_result.txt,correction,no,no position with disagreeing pairs
mayo,EF,binOpFault/EF_line109_opA,ineffective_paired_result.txt,ineffective,no,no position with disagreeing pairs
mayo,EF,binOpFault/EF_line109_opB,correction_paired_result.txt,correction,no,no position with disagreeing pairs
mayo,EF,binOpFault/EF_line109_opB,ineffective_paired_result.txt,ineffective,no,no position with disagreeing pairs
mayo,EF,binOpFault/EF_line109_undef,correction_paired_result.txt,correction,no,no position with disagreeing pairs
mayo,EF,binOpFault/EF_line109_undef,ineffective_paired_result.txt,ineffective,no,no position with disagreeing pairs
mayo,EF,binOpFault/EF_line109_zero,correction_paired_result.txt,correction,no,no position with disagreeing pairs
mayo,EF,binOpFault/EF_line109_zero,ineffective_paired_result.txt,ineffective,no,no position with disagreeing pairs
mayo,EF,binOpFault/EF_line72_opA,correction_paired_result.txt,correction,no,no position with disagreeing pairs
mayo,EF,binOpFault/EF_line72_opA,ineffective_paired_result.txt,ineffective,no,no position with disagreeing pairs
mayo,EF,binOpFault/EF_line72_opB,correction_paired_result.txt,correction,no,no position with disagreeing pairs
mayo,EF,binOpFault/EF_line72_opB,ineffective_paired_result.txt,ineffective,no,no position with disagreeing pairs
mayo,EF,binOpFault/EF_line72_undef,correction_paired_result.txt,correction,no,no position with disagreeing pairs
mayo,EF,binOpFault/EF_line72_undef,ineffective_paired_result.txt,ineffective,no,no position with disagreeing pairs
mayo,EF,binOpFault/EF_line72_zero,correction_paired_result.txt,correction,no,no position with disagreeing pairs
mayo,EF,binOpFault/EF_line72_zero,ineffective_paired_result.txt,ineffective,no,no position with disagreeing pairs
mayo,EF,binOpFault/EF_line75_opA,correction_paired_result.txt,correction,no,no position with disagreeing pairs
mayo,EF,binOpFault/EF_line75_opA,ineffective_paired_result.txt,ineffective,no,no position with disagreeing pairs
mayo,EF,binOpFault/EF_line75_opB,correction_paired_result.txt,correction,no,no position with disagreeing pairs
mayo,EF,binOpFault/EF_line75_opB,ineffective_paired_result.txt,ineffective,no,no position with disagreeing pairs
mayo,EF,binOpFault/EF_line75_undef,correction_paired_result.txt,correction,no,no position with disagreeing pairs
mayo,EF,binOpFault/EF_line75_undef,ineffective_paired_result.txt,ineffective,no,no position with disagreeing pairs
mayo,EF,binOpFault/EF_line75_zero,correction_paired_result.txt,correction,no,no position with disagreeing pairs
mayo,EF,binOpFault/EF_line75_zero,ineffective_paired_result.txt,ineffective,no,no position with disagreeing pairs
mayo,EF,loadStoreSkip/EF_line104_mem,correction_paired_result.txt,correction,no,no position with disagreeing pairs
mayo,EF,loadStoreSkip/EF_line104_mem,ineffective_paired_result.txt,ineffective,no,no position with disagreeing pairs
mayo,EF,loadStoreSkip/EF_line107_mem,correction_paired_result.txt,correction,no,no position with disagreeing pairs
mayo,EF,loadStoreSkip/EF_line107_mem,ineffective_paired_result.txt,ineffective,no,no position with disagreeing pairs
mayo,EF,loadStoreSkip/EF_line113_mem,correction_paired_result.txt,correction,no,no position with disagreeing pairs
mayo,EF,loadStoreSkip/EF_line113_mem,ineffective_paired_result.txt,ineffective,no,no position with disagreeing pairs
mayo,EF,loadStoreSkip/EF_line147_mem,correction_paired_result.txt,correction,no,no position with disagreeing pairs
mayo,EF,loadStoreSkip/EF_line147_mem,ineffective_paired_result.txt,ineffective,no,no position with disagreeing pairs
mayo,EF,loadStoreSkip/EF_line151_mem,correction_paired_result.txt,correction,no,no position with disagreeing pairs
mayo,EF,loadStoreSkip/EF_line151_mem,ineffective_paired_result.txt,ineffective,no,no position with disagreeing pairs
mayo,EF,loadStoreSkip/EF_line44_mem,correction_paired_result.txt,correction,no,no position with disagreeing pairs
mayo,EF,loadStoreSkip/EF_line44_mem,ineffective_paired_result.txt,ineffective,no,no position with disagreeing pairs
mayo,EF,loadStoreSkip/EF_line46_mem,correction_paired_result.txt,correction,no,no position with disagreeing pairs
mayo,EF,loadStoreSkip/EF_line46_mem,ineffective_paired_result.txt,ineffective,no,no position with disagreeing pairs
mayo,EF,loadStoreSkip/EF_line71_mem,correction_paired_result.txt,correction,no,no position with disagreeing pairs
mayo,EF,loadStoreSkip/EF_line71_mem,ineffective_paired_result.txt,ineffective,no,no position with disagreeing pairs
mayo,EF,loadStoreSkip/EF_line74_mem,correction_paired_result.txt,correction,no,no position with disagreeing pairs
mayo,EF,loadStoreSkip/EF_line74_mem,ineffective_paired_result.txt,ineffective,no,no position with disagreeing pairs
mayo,EF,loadStoreSkip/EF_line76_mem,correction_paired_result.txt,correction,no,no position with disagreeing pairs
mayo,EF,loadStoreSkip/EF_line76_mem,ineffective_paired_result.txt,ineffective,no,no position with disagreeing pairs
mayo,EF,loopOrFuncSkip/EF_fnSkip_ef_pack_m_vec_line22,correction_paired_result.txt,correction,no,no position with disagreeing pairs
mayo,EF,loopOrFuncSkip/EF_fnSkip_ef_pack_m_vec_line22,ineffective_paired_result.txt,ineffective,no,no position with disagreeing pairs
mayo,EF,loopOrFuncSkip/EF_fnSkip_ef_unpack_m_vec_line141,correction_paired_result.txt,correction,no,no position with disagreeing pairs
mayo,EF,loopOrFuncSkip/EF_fnSkip_ef_unpack_m_vec_line141,ineffective_paired_result.txt,ineffective,no,no position with disagreeing pairs
mayo,EF,loopOrFuncSkip/EF_fnSkip_inverse_f_line87,correction_paired_result.txt,correction,no,no position with disagreeing pairs
mayo,EF,loopOrFuncSkip/EF_fnSkip_inverse_f_line87,ineffective_paired_result.txt,ineffective,no,no position with disagreeing pairs
mayo,EF,loopOrFuncSkip/EF_fnSkip_m_extract_element_line124,correction_paired_result.txt,correction,no,no position with disagreeing pairs
mayo,EF,loopOrFuncSkip/EF_fnSkip_m_extract_element_line124,ineffective_paired_result.txt,ineffective,no,no position with disagreeing pairs
mayo,EF,loopOrFuncSkip/EF_fnSkip_m_extract_element_line79,correction_paired_result.txt,correction,no,no position with disagreeing pairs
mayo,EF,loopOrFuncSkip/EF_fnSkip_m_extract_element_line79,ineffective_paired_result.txt,ineffective,no,no position with disagreeing pairs
mayo,EF,loopOrFuncSkip/EF_fnSkip_mayo_memset_line4,correction_paired_result.txt,correction,no,no position with disagreeing pairs
mayo,EF,loopOrFuncSkip/EF_fnSkip_mayo_memset_line4,ineffective_paired_result.txt,ineffective,no,no position with disagreeing pairs
mayo,EF,loopOrFuncSkip/EF_fnSkip_vec_mul_add_u64_line128,correction_paired_result.txt,correction,no,no position with disagreeing pairs
mayo,EF,loopOrFuncSkip/EF_fnSkip_vec_mul_add_u64_line128,ineffective_paired_result.txt,ineffective,no,no position with disagreeing pairs
mayo,EF,loopOrFuncSkip/EF_fnSkip_vec_mul_add_u64_line88,correction_paired_result.txt,correction,no,no position with disagreeing pairs
mayo,EF,loopOrFuncSkip/EF_fnSkip_vec_mul_add_u64_line88,ineffective_paired_result.txt,ineffective,no,no position with disagreeing pairs
mayo,P1P1t_times_O,loopOrFuncSkip/P1P1t_times_O_fnSkip_m_vec_mul_add_line28,correction_paired_result.txt,correction,no,no position with disagreeing pairs
mayo,P1P1t_times_O,loopOrFuncSkip/P1P1t_times_O_fnSkip_m_vec_mul_add_line28,ineffective_paired_result.txt,ineffective,no,no position with disagreeing pairs
mayo,P1P1t_times_O,loopOrFuncSkip/P1P1t_times_O_fnSkip_m_vec_mul_add_line39,correction_paired_result.txt,correction,yes,pos 320: 240/240 pairs disagree (+36 more position(s))
mayo,P1P1t_times_O,loopOrFuncSkip/P1P1t_times_O_fnSkip_m_vec_mul_add_line39,ineffective_paired_result.txt,ineffective,yes,pos 320: 30/240 pairs disagree (+36 more position(s))
mayo,P1_times_O,loopOrFuncSkip/P1_times_O_fnSkip_mul_add_m_upper_triangular_mat_x_mat_line0,correction_paired_result.txt,correction,yes,pos 0: 1/16 secret values with y1 = y2 xor alpha (+1 more position(s))
mayo,P1_times_O,loopOrFuncSkip/P1_times_O_fnSkip_mul_add_m_upper_triangular_mat_x_mat_line0,ineffective_paired_result.txt,ineffective,yes,pos 0: 30/240 pairs disagree (+37 more position(s))
mayo,P1_times_Vt,loopOrFuncSkip/P1_times_Vt_fnSkip_mul_add_m_upper_triangular_mat_x_mat_trans_line0,correction_paired_result.txt,correction,yes,pos 139: 16/16 secret values with y1 = y2 xor alpha
mayo,P1_times_Vt,loopOrFuncSkip/P1_times_Vt_fnSkip_mul_add_m_upper_triangular_mat_x_mat_trans_line0,ineffective_paired_result.txt,ineffective,yes,pos 0: 30/240 pairs disagree (+37 more position(s))
mayo,add_f,binOpFault/add_f_line0_opA,correction_paired_result.txt,correction,yes,pos 0: 15/16 secret values with y1 = y2 xor alpha
mayo,add_f,binOpFault/add_f_line0_opA,ineffective_paired_result.txt,ineffective,yes,pos 0: 30/240 pairs disagree
mayo,add_f,binOpFault/add_f_line0_opB,correction_paired_result.txt,correction,no,no position with disagreeing pairs
mayo,add_f,binOpFault/add_f_line0_opB,ineffective_paired_result.txt,ineffective,no,no position with disagreeing pairs
mayo,add_f,binOpFault/add_f_line0_undef,correction_paired_result.txt,correction,no,no position with disagreeing pairs
mayo,add_f,binOpFault/add_f_line0_undef,ineffective_paired_result.txt,ineffective,yes,pos 0: 30/240 pairs disagree
mayo,add_f,binOpFault/add_f_line0_zero,correction_paired_result.txt,correction,no,no position with disagreeing pairs
mayo,add_f,binOpFault/add_f_line0_zero,ineffective_paired_result.txt,ineffective,yes,pos 0: 30/240 pairs disagree
mayo,compute_A,binOpFault/compute_A_line102_opA,correction_paired_result.txt,correction,yes,pos 72: 15/16 secret values with y1 = y2 xor alpha (+14 more position(s))
mayo,compute_A,binOpFault/compute_A_line102_opA,ineffective_paired_result.txt,ineffective,yes,pos 72: 30/240 pairs disagree (+8 more position(s))
mayo,compute_A,binOpFault/compute_A_line102_opB,correction_paired_result.txt,correction,yes,pos 2606: 16/16 secret values with y1 = y2 xor alpha
mayo,compute_A,binOpFault/compute_A_line102_opB,ineffective_paired_result.txt,ineffective,no,no position with disagreeing pairs
mayo,compute_A,binOpFault/compute_A_line102_opC,correction_paired_result.txt,correction,no,no position with disagreeing pairs
mayo,compute_A,binOpFault/compute_A_line102_opC,ineffective_paired_result.txt,ineffective,no,no position with disagreeing pairs
mayo,compute_A,binOpFault/compute_A_line102_undef,correction_paired_result.txt,correction,yes,pos 72: 15/16 secret values with y1 = y2 xor alpha (+14 more position(s))
mayo,compute_A,binOpFault/compute_A_line102_undef,ineffective_paired_result.txt,ineffective,yes,pos 72: 30/240 pairs disagree (+8 more position(s))
mayo,compute_A,binOpFault/compute_A_line102_zero,correction_paired_result.txt,correction,yes,pos 72: 15/16 secret values with y1 = y2 xor alpha (+15 more position(s))
mayo,compute_A,binOpFault/compute_A_line102_zero,ineffective_paired_result.txt,ineffective,yes,pos 72: 30/240 pairs disagree (+8 more position(s))
mayo,compute_A,binOpFault/compute_A_line112_opA,correction_paired_result.txt,correction,no,no position with disagreeing pairs
mayo,compute_A,binOpFault/compute_A_line112_opA,ineffective_paired_result.txt,ineffective,yes,pos 1304: 30/240 pairs disagree (+7 more position(s))
mayo,compute_A,binOpFault/compute_A_line112_opB,correction_paired_result.txt,correction,yes,pos 2606: 16/16 secret values with y1 = y2 xor alpha
mayo,compute_A,binOpFault/compute_A_line112_opB,ineffective_paired_result.txt,ineffective,no,no position with disagreeing pairs
mayo,compute_A,binOpFault/compute_A_line112_opC,correction_paired_result.txt,correction,no,no position with disagreeing pairs
mayo,compute_A,binOpFault/compute_A_line112_opC,ineffective_paired_result.txt,ineffective,no,no position with disagreeing pairs
mayo,compute_A,binOpFault/compute_A_line112_undef,correction_paired_result.txt,correction,yes,pos 2606: 16/16 secret values with y1 = y2 xor alpha
mayo,compute_A,binOpFault/compute_A_line112_undef,ineffective_paired_result.txt,ineffective,no,no position with disagreeing pairs
mayo,compute_A,binOpFault/compute_A_line112_zero,correction_paired_result.txt,correction,yes,pos 2606: 16/16 secret values with y1 = y2 xor alpha
mayo,compute_A,binOpFault/compute_A_line112_zero,ineffective_paired_result.txt,ineffective,no,no position with disagreeing pairs
mayo,compute_A,binOpFault/compute_A_line121_opA,correction_paired_result.txt,correction,yes,pos 2606: 16/16 secret values with y1 = y2 xor alpha
mayo,compute_A,binOpFault/compute_A_line121_opA,ineffective_paired_result.txt,ineffective,no,no position with disagreeing pairs
mayo,compute_A,binOpFault/compute_A_line121_opB,correction_paired_result.txt,correction,no,no position with disagreeing pairs
mayo,compute_A,binOpFault/compute_A_line121_opB,ineffective_paired_result.txt,ineffective,no,no position with disagreeing pairs
mayo,compute_A,binOpFault/compute_A_line121_opC,correction_paired_result.txt,correction,no,no position with disagreeing pairs
mayo,compute_A,binOpFault/compute_A_line121_opC,ineffective_paired_result.txt,ineffective,no,no position with disagreeing pairs
mayo,compute_A,binOpFault/compute_A_line121_undef,correction_paired_result.txt,correction,yes,pos 2606: 16/16 secret values with y1 = y2 xor alpha
mayo,compute_A,binOpFault/compute_A_line121_undef,ineffective_paired_result.txt,ineffective,no,no position with disagreeing pairs
mayo,compute_A,binOpFault/compute_A_line121_zero,correction_paired_result.txt,correction,yes,pos 2606: 16/16 secret values with y1 = y2 xor alpha
mayo,compute_A,binOpFault/compute_A_line121_zero,ineffective_paired_result.txt,ineffective,no,no position with disagreeing pairs
mayo,compute_A,binOpFault/compute_A_line12_opA,correction_paired_result.txt,correction,no,no position with disagreeing pairs
mayo,compute_A,binOpFault/compute_A_line12_opA,ineffective_paired_result.txt,ineffective,no,no position with disagreeing pairs
mayo,compute_A,binOpFault/compute_A_line12_opB,correction_paired_result.txt,correction,no,no position with disagreeing pairs
mayo,compute_A,binOpFault/compute_A_line12_opB,ineffective_paired_result.txt,ineffective,no,no position with disagreeing pairs
mayo,compute_A,binOpFault/compute_A_line12_opC,correction_paired_result.txt,correction,no,no position with disagreeing pairs
mayo,compute_A,binOpFault/compute_A_line12_opC,ineffective_paired_result.txt,ineffective,no,no position with disagreeing pairs
mayo,compute_A,binOpFault/compute_A_line12_undef,correction_paired_result.txt,correction,no,no position with disagreeing pairs
mayo,compute_A,binOpFault/compute_A_line12_undef,ineffective_paired_result.txt,ineffective,no,no position with disagreeing pairs
mayo,compute_A,binOpFault/compute_A_line12_zero,correction_paired_result.txt,correction,no,no position with disagreeing pairs
mayo,compute_A,binOpFault/compute_A_line12_zero,ineffective_paired_result.txt,ineffective,no,no position with disagreeing pairs
mayo,compute_A,binOpFault/compute_A_line195_opA,correction_paired_result.txt,correction,yes,pos 4: 16/16 secret values with y1 = y2 xor alpha (+6 more position(s))
mayo,compute_A,binOpFault/compute_A_line195_opA,ineffective_paired_result.txt,ineffective,no,no position with disagreeing pairs
mayo,compute_A,binOpFault/compute_A_line195_opB,correction_paired_result.txt,correction,yes,pos 4: 16/16 secret values with y1 = y2 xor alpha (+6 more position(s))
mayo,compute_A,binOpFault/compute_A_line195_opB,ineffective_paired_result.txt,ineffective,no,no position with disagreeing pairs
mayo,compute_A,binOpFault/compute_A_line195_opC,correction_paired_result.txt,correction,yes,pos 4: 16/16 secret values with y1 = y2 xor alpha (+6 more position(s))
mayo,compute_A,binOpFault/compute_A_line195_opC,ineffective_paired_result.txt,ineffective,no,no position with disagreeing pairs
mayo,compute_A,binOpFault/compute_A_line195_undef,correction_paired_result.txt,correction,yes,pos 4: 16/16 secret values with y1 = y2 xor alpha (+6 more position(s))
mayo,compute_A,binOpFault/compute_A_line195_undef,ineffective_paired_result.txt,ineffective,no,no position with disagreeing pairs
mayo,compute_A,binOpFault/compute_A_line195_zero,correction_paired_result.txt,correction,yes,pos 4: 16/16 secret values with y1 = y2 xor alpha (+6 more position(s))
mayo,compute_A,binOpFault/compute_A_line195_zero,ineffective_paired_result.txt,ineffective,no,no position with disagreeing pairs
mayo,compute_A,binOpFault/compute_A_line196_opA,correction_paired_result.txt,correction,yes,pos 1230: 16/16 secret values with y1 = y2 xor alpha (+2 more position(s))
mayo,compute_A,binOpFault/compute_A_line196_opA,ineffective_paired_result.txt,ineffective,no,no position with disagreeing pairs
mayo,compute_A,binOpFault/compute_A_line196_opB,correction_paired_result.txt,correction,yes,pos 13: 16/16 secret values with y1 = y2 xor alpha (+6 more position(s))
mayo,compute_A,binOpFault/compute_A_line196_opB,ineffective_paired_result.txt,ineffective,no,no position with disagreeing pairs
mayo,compute_A,binOpFault/compute_A_line196_opC,correction_paired_result.txt,correction,yes,pos 1230: 16/16 secret values with y1 = y2 xor alpha (+2 more position(s))
mayo,compute_A,binOpFault/compute_A_line196_opC,ineffective_paired_result.txt,ineffective,no,no position with disagreeing pairs
mayo,compute_A,binOpFault/compute_A_line196_undef,correction_paired_result.txt,correction,yes,pos 13: 16/16 secret values with y1 = y2 xor alpha (+6 more position(s))
mayo,compute_A,binOpFault/compute_A_line196_undef,ineffective_paired_result.txt,ineffective,no,no position with disagreeing pairs
mayo,compute_A,binOpFault/compute_A_line196_zero,correction_paired_result.txt,correction,yes,pos 13: 16/16 secret values with y1 = y2 xor alpha (+6 more position(s))
mayo,compute_A,binOpFault/compute_A_line196_zero,ineffective_paired_result.txt,ineffective,no,no position with disagreeing pairs
mayo,compute_A,binOpFault/compute_A_line197_opA,correction_paired_result.txt,correction,yes,pos 13: 16/16 secret values with y1 = y2 xor alpha (+6 more position(s))
mayo,compute_A,binOpFault/compute_A_line197_opA,ineffective_paired_result.txt,ineffective,no,no position with disagreeing pairs
mayo,compute_A,binOpFault/compute_A_line197_opB,correction_paired_result.txt,correction,yes,pos 13: 16/16 secret values with y1 = y2 xor alpha (+6 more position(s))
mayo,compute_A,binOpFault/compute_A_line197_opB,ineffective_paired_result.txt,ineffective,no,no position with disagreeing pairs
mayo,compute_A,binOpFault/compute_A_line197_opC,correction_paired_result.txt,correction,yes,pos 13: 16/16 secret values with y1 = y2 xor alpha (+6 more position(s))
mayo,compute_A,binOpFault/compute_A_line197_opC,ineffective_paired_result.txt,ineffective,no,no position with disagreeing pairs
mayo,compute_A,binOpFault/compute_A_line197_undef,correction_paired_result.txt,correction,yes,pos 13: 16/16 secret values with y1 = y2 xor alpha (+6 more position(s))
mayo,compute_A,binOpFault/compute_A_line197_undef,ineffective_paired_result.txt,ineffective,no,no position with disagreeing pairs
mayo,compute_A,binOpFault/compute_A_line197_zero,correction_paired_result.txt,correction,yes,pos 13: 16/16 secret values with y1 = y2 xor alpha (+6 more position(s))
mayo,compute_A,binOpFault/compute_A_line197_zero,ineffective_paired_result.txt,ineffective,no,no position with disagreeing pairs
mayo,compute_A,binOpFault/compute_A_line198_opA,correction_paired_result.txt,correction,yes,pos 487: 16/16 secret values with y1 = y2 xor alpha (+5 more position(s))
mayo,compute_A,binOpFault/compute_A_line198_opA,ineffective_paired_result.txt,ineffective,no,no position with disagreeing pairs
mayo,compute_A,binOpFault/compute_A_line198_opB,correction_paired_result.txt,correction,yes,pos 337: 16/16 secret values with y1 = y2 xor alpha (+6 more position(s))
mayo,compute_A,binOpFault/compute_A_line198_opB,ineffective_paired_result.txt,ineffective,no,no position with disagreeing pairs
mayo,compute_A,binOpFault/compute_A_line198_opC,correction_paired_result.txt,correction,yes,pos 487: 16/16 secret values with y1 = y2 xor alpha (+5 more position(s))
mayo,compute_A,binOpFault/compute_A_line198_opC,ineffective_paired_result.txt,ineffective,no,no position with disagreeing pairs
mayo,compute_A,binOpFault/compute_A_line198_undef,correction_paired_result.txt,correction,yes,pos 337: 16/16 secret values with y1 = y2 xor alpha (+6 more position(s))
mayo,compute_A,binOpFault/compute_A_line198_undef,ineffective_paired_result.txt,ineffective,no,no position with disagreeing pairs
mayo,compute_A,binOpFault/compute_A_line198_zero,correction_paired_result.txt,correction,yes,pos 337: 16/16 secret values with y1 = y2 xor alpha (+6 more position(s))
mayo,compute_A,binOpFault/compute_A_line198_zero,ineffective_paired_result.txt,ineffective,no,no position with disagreeing pairs
mayo,compute_A,binOpFault/compute_A_line199_opA,correction_paired_result.txt,correction,yes,pos 337: 16/16 secret values with y1 = y2 xor alpha (+6 more position(s))
mayo,compute_A,binOpFault/compute_A_line199_opA,ineffective_paired_result.txt,ineffective,no,no position with disagreeing pairs
mayo,compute_A,binOpFault/compute_A_line199_opB,correction_paired_result.txt,correction,yes,pos 337: 16/16 secret values with y1 = y2 xor alpha (+6 more position(s))
mayo,compute_A,binOpFault/compute_A_line199_opB,ineffective_paired_result.txt,ineffective,no,no position with disagreeing pairs
mayo,compute_A,binOpFault/compute_A_line199_opC,correction_paired_result.txt,correction,yes,pos 337: 16/16 secret values with y1 = y2 xor alpha (+6 more position(s))
mayo,compute_A,binOpFault/compute_A_line199_opC,ineffective_paired_result.txt,ineffective,no,no position with disagreeing pairs
mayo,compute_A,binOpFault/compute_A_line199_undef,correction_paired_result.txt,correction,yes,pos 337: 16/16 secret values with y1 = y2 xor alpha (+6 more position(s))
mayo,compute_A,binOpFault/compute_A_line199_undef,ineffective_paired_result.txt,ineffective,no,no position with disagreeing pairs
mayo,compute_A,binOpFault/compute_A_line199_zero,correction_paired_result.txt,correction,yes,pos 337: 16/16 secret values with y1 = y2 xor alpha (+6 more position(s))
mayo,compute_A,binOpFault/compute_A_line199_zero,ineffective_paired_result.txt,ineffective,no,no position with disagreeing pairs
mayo,compute_A,binOpFault/compute_A_line202_opA,correction_paired_result.txt,correction,yes,pos 732: 16/16 secret values with y1 = y2 xor alpha (+4 more position(s))
mayo,compute_A,binOpFault/compute_A_line202_opA,ineffective_paired_result.txt,ineffective,no,no position with disagreeing pairs
mayo,compute_A,binOpFault/compute_A_line202_opB,correction_paired_result.txt,correction,yes,pos 3: 16/16 secret values with y1 = y2 xor alpha (+7 more position(s))
mayo,compute_A,binOpFault/compute_A_line202_opB,ineffective_paired_result.txt,ineffective,no,no position with disagreeing pairs
mayo,compute_A,binOpFault/compute_A_line202_opC,correction_paired_result.txt,correction,yes,pos 732: 16/16 secret values with y1 = y2 xor alpha (+4 more position(s))
mayo,compute_A,binOpFault/compute_A_line202_opC,ineffective_paired_result.txt,ineffective,no,no position with disagreeing pairs
mayo,compute_A,binOpFault/compute_A_line202_undef,correction_paired_result.txt,correction,yes,pos 3: 16/16 secret values with y1 = y2 xor alpha (+7 more position(s))
mayo,compute_A,binOpFault/compute_A_line202_undef,ineffective_paired_result.txt,ineffective,no,no position with disagreeing pairs
mayo,compute_A,binOpFault/compute_A_line202_zero,correction_paired_result.txt,correction,yes,pos 3: 16/16 secret values with y1 = y2 xor alpha (+7 more position(s))
mayo,compute_A,binOpFault/compute_A_line202_zero,ineffective_paired_result.txt,ineffective,no,no position with disagreeing pairs
mayo,compute_A,binOpFault/compute_A_line203_opA,correction_paired_result.txt,correction,yes,pos 3: 16/16 secret values with y1 = y2 xor alpha (+7 more position(s))
mayo,compute_A,binOpFault/compute_A_line203_opA,ineffective_paired_result.txt,ineffective,no,no position with disagreeing pairs
mayo,compute_A,binOpFault/compute_A_line203_opB,correction_paired_result.txt,correction,yes,pos 3: 16/16 secret values with y1 = y2 xor alpha (+7 more position(s))
mayo,compute_A,binOpFault/compute_A_line203_opB,ineffective_paired_result.txt,ineffective,no,no position with disagreeing pairs
mayo,compute_A,binOpFault/compute_A_line203_opC,correction_paired_result.txt,correction,yes,pos 3: 16/16 secret values with y1 = y2 xor alpha (+7 more position(s))
mayo,compute_A,binOpFault/compute_A_line203_opC,ineffective_paired_result.txt,ineffective,no,no position with disagreeing pairs
mayo,compute_A,binOpFault/compute_A_line203_undef,correction_paired_result.txt,correction,yes,pos 3: 16/16 secret values with y1 = y2 xor alpha (+7 more position(s))
mayo,compute_A,binOpFault/compute_A_line203_undef,ineffective_paired_result.txt,ineffective,no,no position with disagreeing pairs
mayo,compute_A,binOpFault/compute_A_line203_zero,correction_paired_result.txt,correction,yes,pos 3: 16/16 secret values with y1 = y2 xor alpha (+7 more position(s))
mayo,compute_A,binOpFault/compute_A_line203_zero,ineffective_paired_result.txt,ineffective,no,no position with disagreeing pairs
mayo,compute_A,binOpFault/compute_A_line212_opA,correction_paired_result.txt,correction,yes,pos 4: 16/16 secret values with y1 = y2 xor alpha (+6 more position(s))
mayo,compute_A,binOpFault/compute_A_line212_opA,ineffective_paired_result.txt,ineffective,no,no position with disagreeing pairs
mayo,compute_A,binOpFault/compute_A_line212_opB,correction_paired_result.txt,correction,yes,pos 4: 16/16 secret values with y1 = y2 xor alpha (+6 more position(s))
mayo,compute_A,binOpFault/compute_A_line212_opB,ineffective_paired_result.txt,ineffective,no,no position with disagreeing pairs
mayo,compute_A,binOpFault/compute_A_line212_opC,correction_paired_result.txt,correction,yes,pos 4: 16/16 secret values with y1 = y2 xor alpha (+6 more position(s))
mayo,compute_A,binOpFault/compute_A_line212_opC,ineffective_paired_result.txt,ineffective,no,no position with disagreeing pairs
mayo,compute_A,binOpFault/compute_A_line212_undef,correction_paired_result.txt,correction,no,no position with disagreeing pairs
mayo,compute_A,binOpFault/compute_A_line212_undef,ineffective_paired_result.txt,ineffective,no,no position with disagreeing pairs
mayo,compute_A,binOpFault/compute_A_line212_zero,correction_paired_result.txt,correction,yes,pos 4: 16/16 secret values with y1 = y2 xor alpha (+6 more position(s))
mayo,compute_A,binOpFault/compute_A_line212_zero,ineffective_paired_result.txt,ineffective,no,no position with disagreeing pairs
mayo,compute_A,binOpFault/compute_A_line218_opA,correction_paired_result.txt,correction,yes,pos 13: 16/16 secret values with y1 = y2 xor alpha (+6 more position(s))
mayo,compute_A,binOpFault/compute_A_line218_opA,ineffective_paired_result.txt,ineffective,no,no position with disagreeing pairs
mayo,compute_A,binOpFault/compute_A_line218_opB,correction_paired_result.txt,correction,yes,pos 13: 16/16 secret values with y1 = y2 xor alpha (+6 more position(s))
mayo,compute_A,binOpFault/compute_A_line218_opB,ineffective_paired_result.txt,ineffective,no,no position with disagreeing pairs
mayo,compute_A,binOpFault/compute_A_line218_opC,correction_paired_result.txt,correction,yes,pos 13: 16/16 secret values with y1 = y2 xor alpha (+6 more position(s))
mayo,compute_A,binOpFault/compute_A_line218_opC,ineffective_paired_result.txt,ineffective,no,no position with disagreeing pairs
mayo,compute_A,binOpFault/compute_A_line218_undef,correction_paired_result.txt,correction,no,no position with disagreeing pairs
mayo,compute_A,binOpFault/compute_A_line218_undef,ineffective_paired_result.txt,ineffective,no,no position with disagreeing pairs
mayo,compute_A,binOpFault/compute_A_line218_zero,correction_paired_result.txt,correction,yes,pos 13: 16/16 secret values with y1 = y2 xor alpha (+6 more position(s))
mayo,compute_A,binOpFault/compute_A_line218_zero,ineffective_paired_result.txt,ineffective,no,no position with disagreeing pairs
mayo,compute_A,binOpFault/compute_A_line219_opA,correction_paired_result.txt,correction,yes,pos 13: 16/16 secret values with y1 = y2 xor alpha (+6 more position(s))
mayo,compute_A,binOpFault/compute_A_line219_opA,ineffective_paired_result.txt,ineffective,no,no position with disagreeing pairs
mayo,compute_A,binOpFault/compute_A_line219_opB,correction_paired_result.txt,correction,yes,pos 4: 16/16 secret values with y1 = y2 xor alpha (+6 more position(s))
mayo,compute_A,binOpFault/compute_A_line219_opB,ineffective_paired_result.txt,ineffective,no,no position with disagreeing pairs
mayo,compute_A,binOpFault/compute_A_line219_opC,correction_paired_result.txt,correction,yes,pos 13: 16/16 secret values with y1 = y2 xor alpha (+6 more position(s))
mayo,compute_A,binOpFault/compute_A_line219_opC,ineffective_paired_result.txt,ineffective,no,no position with disagreeing pairs
mayo,compute_A,binOpFault/compute_A_line219_undef,correction_paired_result.txt,correction,no,no position with disagreeing pairs
mayo,compute_A,binOpFault/compute_A_line219_undef,ineffective_paired_result.txt,ineffective,no,no position with disagreeing pairs
mayo,compute_A,binOpFault/compute_A_line219_zero,correction_paired_result.txt,correction,yes,pos 1470: 16/16 secret values with y1 = y2 xor alpha
mayo,compute_A,binOpFault/compute_A_line219_zero,ineffective_paired_result.txt,ineffective,no,no position with disagreeing pairs
mayo,compute_A,binOpFault/compute_A_line225_opA,correction_paired_result.txt,correction,yes,pos 337: 16/16 secret values with y1 = y2 xor alpha (+6 more position(s))
mayo,compute_A,binOpFault/compute_A_line225_opA,ineffective_paired_result.txt,ineffective,no,no position with disagreeing pairs
mayo,compute_A,binOpFault/compute_A_line225_opB,correction_paired_result.txt,correction,yes,pos 337: 16/16 secret values with y1 = y2 xor alpha (+6 more position(s))
mayo,compute_A,binOpFault/compute_A_line225_opB,ineffective_paired_result.txt,ineffective,no,no position with disagreeing pairs
mayo,compute_A,binOpFault/compute_A_line225_opC,correction_paired_result.txt,correction,yes,pos 337: 16/16 secret values with y1 = y2 xor alpha (+6 more position(s))
mayo,compute_A,binOpFault/compute_A_line225_opC,ineffective_paired_result.txt,ineffective,no,no position with disagreeing pairs
mayo,compute_A,binOpFault/compute_A_line225_undef,correction_paired_result.txt,correction,no,no position with disagreeing pairs
mayo,compute_A,binOpFault/compute_A_line225_undef,ineffective_paired_result.txt,ineffective,no,no position with disagreeing pairs
mayo,compute_A,binOpFault/compute_A_line225_zero,correction_paired_result.txt,correction,yes,pos 337: 16/16 secret values with y1 = y2 xor alpha (+6 more position(s))
mayo,compute_A,binOpFault/compute_A_line225_zero,ineffective_paired_result.txt,ineffective,no,no position with disagreeing pairs
mayo,compute_A,binOpFault/compute_A_line226_opA,correction_paired_result.txt,correction,yes,pos 337: 16/16 secret values with y1 = y2 xor alpha (+6 more position(s))
mayo,compute_A,binOpFault/compute_A_line226_opA,ineffective_paired_result.txt,ineffective,no,no position with disagreeing pairs
mayo,compute_A,binOpFault/compute_A_line226_opB,correction_paired_result.txt,correction,yes,pos 1470: 16/16 secret values with y1 = y2 xor alpha
mayo,compute_A,binOpFault/compute_A_line226_opB,ineffective_paired_result.txt,ineffective,no,no position with disagreeing pairs
mayo,compute_A,binOpFault/compute_A_line226_opC,correction_paired_result.txt,correction,yes,pos 337: 16/16 secret values with y1 = y2 xor alpha (+6 more position(s))
mayo,compute_A,binOpFault/compute_A_line226_opC,ineffective_paired_result.txt,ineffective,no,no position with disagreeing pairs
mayo,compute_A,binOpFault/compute_A_line226_undef,correction_paired_result.txt,correction,no,no position with disagreeing pairs
mayo,compute_A,binOpFault/compute_A_line226_undef,ineffective_paired_result.txt,ineffective,no,no position with disagreeing pairs
mayo,compute_A,binOpFault/compute_A_line226_zero,correction_paired_result.txt,correction,yes,pos 1470: 16/16 secret values with y1 = y2 xor alpha
mayo,compute_A,binOpFault/compute_A_line226_zero,ineffective_paired_result.txt,ineffective,no,no position with disagreeing pairs
mayo,compute_A,binOpFault/compute_A_line232_opA,correction_paired_result.txt,correction,yes,pos 3: 16/16 secret values with y1 = y2 xor alpha (+7 more position(s))
mayo,compute_A,binOpFault/compute_A_line232_opA,ineffective_paired_result.txt,ineffective,no,no position with disagreeing pairs
mayo,compute_A,binOpFault/compute_A_line232_opB,correction_paired_result.txt,correction,yes,pos 3: 16/16 secret values with y1 = y2 xor alpha (+7 more position(s))
mayo,compute_A,binOpFault/compute_A_line232_opB,ineffective_paired_result.txt,ineffective,no,no position with disagreeing pairs
mayo,compute_A,binOpFault/compute_A_line232_opC,correction_paired_result.txt,correction,yes,pos 3: 16/16 secret values with y1 = y2 xor alpha (+7 more position(s))
mayo,compute_A,binOpFault/compute_A_line232_opC,ineffective_paired_result.txt,ineffective,no,no position with disagreeing pairs
mayo,compute_A,binOpFault/compute_A_line232_undef,correction_paired_result.txt,correction,no,no position with disagreeing pairs
mayo,compute_A,binOpFault/compute_A_line232_undef,ineffective_paired_result.txt,ineffective,no,no position with disagreeing pairs
mayo,compute_A,binOpFault/compute_A_line232_zero,correction_paired_result.txt,correction,yes,pos 3: 16/16 secret values with y1 = y2 xor alpha (+7 more position(s))
mayo,compute_A,binOpFault/compute_A_line232_zero,ineffective_paired_result.txt,ineffective,no,no position with disagreeing pairs
mayo,compute_A,binOpFault/compute_A_line233_opA,correction_paired_result.txt,correction,yes,pos 3: 16/16 secret values with y1 = y2 xor alpha (+7 more position(s))
mayo,compute_A,binOpFault/compute_A_line233_opA,ineffective_paired_result.txt,ineffective,no,no position with disagreeing pairs
mayo,compute_A,binOpFault/compute_A_line233_opB,correction_paired_result.txt,correction,yes,pos 1470: 16/16 secret values with y1 = y2 xor alpha
mayo,compute_A,binOpFault/compute_A_line233_opB,ineffective_paired_result.txt,ineffective,no,no position with disagreeing pairs
mayo,compute_A,binOpFault/compute_A_line233_opC,correction_paired_result.txt,correction,yes,pos 3: 16/16 secret values with y1 = y2 xor alpha (+7 more position(s))
mayo,compute_A,binOpFault/compute_A_line233_opC,ineffective_paired_result.txt,ineffective,no,no position with disagreeing pairs
mayo,compute_A,binOpFault/compute_A_line233_undef,correction_paired_result.txt,correction,no,no position with disagreeing pairs
mayo,compute_A,binOpFault/compute_A_line233_undef,ineffective_paired_result.txt,ineffective,no,no position with disagreeing pairs
mayo,compute_A,binOpFault/compute_A_line233_zero,correction_paired_result.txt,correction,no,no position with disagreeing pairs
mayo,compute_A,binOpFault/compute_A_line233_zero,ineffective_paired_result.txt,ineffective,no,no position with disagreeing pairs
mayo,compute_A,binOpFault/compute_A_line245_opA,correction_paired_result.txt,correction,no,no position with disagreeing pairs
mayo,compute_A,binOpFault/compute_A_line245_opA,ineffective_paired_result.txt,ineffective,no,no position with disagreeing pairs
mayo,compute_A,binOpFault/compute_A_line245_opB,correction_paired_result.txt,correction,no,no position with disagreeing pairs
mayo,compute_A,binOpFault/compute_A_line245_opB,ineffective_paired_result.txt,ineffective,yes,pos 656: 30/240 pairs disagree (+1 more position(s))
mayo,compute_A,binOpFault/compute_A_line245_opC,correction_paired_result.txt,correction,no,no position with disagreeing pairs
mayo,compute_A,binOpFault/compute_A_line245_opC,ineffective_paired_result.txt,ineffective,no,no position with disagreeing pairs
mayo,compute_A,binOpFault/compute_A_line245_undef,correction_paired_result.txt,correction,no,no position with disagreeing pairs
mayo,compute_A,binOpFault/compute_A_line245_undef,ineffective_paired_result.txt,ineffective,no,no position with disagreeing pairs
mayo,compute_A,binOpFault/compute_A_line245_zero,correction_paired_result.txt,correction,no,no position with disagreeing pairs
mayo,compute_A,binOpFault/compute_A_line245_zero,ineffective_paired_result.txt,ineffective,yes,pos 656: 30/240 pairs disagree (+1 more position(s))
mayo,compute_A,binOpFault/compute_A_line43_opA,correction_paired_result.txt,correction,yes,pos 735: 16/16 secret values with y1 = y2 xor alpha
mayo,compute_A,binOpFault/compute_A_line43_opA,ineffective_paired_result.txt,ineffective,yes,pos 0: 30/240 pairs disagree (+1 more position(s))
mayo,compute_A,binOpFault/compute_A_line43_opB,correction_paired_result.txt,correction,yes,pos 735: 16/16 secret values with y1 = y2 xor alpha
mayo,compute_A,binOpFault/compute_A_line43_opB,ineffective_paired_result.txt,ineffective,yes,pos 729: 30/240 pairs disagree
mayo,compute_A,binOpFault/compute_A_line43_opC,correction_paired_result.txt,correction,no,no position with disagreeing pairs
mayo,compute_A,binOpFault/compute_A_line43_opC,ineffective_paired_result.txt,ineffective,no,no position with disagreeing pairs
mayo,compute_A,binOpFault/compute_A_line43_undef,correction_paired_result.txt,correction,yes,pos 735: 16/16 secret values with y1 = y2 xor alpha
mayo,compute_A,binOpFault/compute_A_line43_undef,ineffective_paired_result.txt,ineffective,yes,pos 729: 30/240 pairs disagree
mayo,compute_A,binOpFault/compute_A_line43_zero,correction_paired_result.txt,correction,yes,pos 735: 16/16 secret values with y1 = y2 xor alpha
mayo,compute_A,binOpFault/compute_A_line43_zero,ineffective_paired_result.txt,ineffective,yes,pos 729: 30/240 pairs disagree
mayo,compute_A,binOpFault/compute_A_line51_opA,correction_paired_result.txt,correction,yes,pos 735: 16/16 secret values with y1 = y2 xor alpha
mayo,compute_A,binOpFault/compute_A_line51_opA,ineffective_paired_result.txt,ineffective,yes,pos 729: 30/240 pairs disagree
mayo,compute_A,binOpFault/compute_A_line51_opB,correction_paired_result.txt,correction,no,no position with disagreeing pairs
mayo,compute_A,binOpFault/compute_A_line51_opB,ineffective_paired_result.txt,ineffective,no,no position with disagreeing pairs
mayo,compute_A,binOpFault/compute_A_line51_opC,correction_paired_result.txt,correction,no,no position with disagreeing pairs
mayo,compute_A,binOpFault/compute_A_line51_opC,ineffective_paired_result.txt,ineffective,no,no position with disagreeing pairs
mayo,compute_A,binOpFault/compute_A_line51_undef,correction_paired_result.txt,correction,yes,pos 735: 16/16 secret values with y1 = y2 xor alpha
mayo,compute_A,binOpFault/compute_A_line51_undef,ineffective_paired_result.txt,ineffective,yes,pos 729: 30/240 pairs disagree
mayo,compute_A,binOpFault/compute_A_line51_zero,correction_paired_result.txt,correction,yes,pos 735: 16/16 secret values with y1 = y2 xor alpha
mayo,compute_A,binOpFault/compute_A_line51_zero,ineffective_paired_result.txt,ineffective,yes,pos 729: 30/240 pairs disagree
mayo,compute_A,binOpFault/compute_A_line61_opA,correction_paired_result.txt,correction,no,no position with disagreeing pairs
mayo,compute_A,binOpFault/compute_A_line61_opA,ineffective_paired_result.txt,ineffective,yes,pos 1296: 30/240 pairs disagree
mayo,compute_A,binOpFault/compute_A_line61_opB,correction_paired_result.txt,correction,no,no position with disagreeing pairs
mayo,compute_A,binOpFault/compute_A_line61_opB,ineffective_paired_result.txt,ineffective,no,no position with disagreeing pairs
mayo,compute_A,binOpFault/compute_A_line61_opC,correction_paired_result.txt,correction,no,no position with disagreeing pairs
mayo,compute_A,binOpFault/compute_A_line61_opC,ineffective_paired_result.txt,ineffective,no,no position with disagreeing pairs
mayo,compute_A,binOpFault/compute_A_line61_undef,correction_paired_result.txt,correction,no,no position with disagreeing pairs
mayo,compute_A,binOpFault/compute_A_line61_undef,ineffective_paired_result.txt,ineffective,no,no position with disagreeing pairs
mayo,compute_A,binOpFault/compute_A_line61_zero,correction_paired_result.txt,correction,no,no position with disagreeing pairs
mayo,compute_A,binOpFault/compute_A_line61_zero,ineffective_paired_result.txt,ineffective,no,no position with disagreeing pairs
mayo,compute_A,binOpFault/compute_A_line70_opA,correction_paired_result.txt,correction,no,no position with disagreeing pairs
mayo,compute_A,binOpFault/compute_A_line70_opA,ineffective_paired_result.txt,ineffective,no,no position with disagreeing pairs
mayo,compute_A,binOpFault/compute_A_line70_opB,correction_paired_result.txt,correction,no,no position with disagreeing pairs
mayo,compute_A,binOpFault/compute_A_line70_opB,ineffective_paired_result.txt,ineffective,no,no position with disagreeing pairs
mayo,compute_A,binOpFault/compute_A_line70_opC,correction_paired_result.txt,correction,no,no position with disagreeing pairs
mayo,compute_A,binOpFault/compute_A_line70_opC,ineffective_paired_result.txt,ineffective,no,no position with disagreeing pairs
mayo,compute_A,binOpFault/compute_A_line70_undef,correction_paired_result.txt,correction,no,no position with disagreeing pairs
mayo,compute_A,binOpFault/compute_A_line70_undef,ineffective_paired_result.txt,ineffective,no,no position with disagreeing pairs
mayo,compute_A,binOpFault/compute_A_line70_zero,correction_paired_result.txt,correction,no,no position with disagreeing pairs
mayo,compute_A,binOpFault/compute_A_line70_zero,ineffective_paired_result.txt,ineffective,no,no position with disagreeing pairs
mayo,compute_A,binOpFault/compute_A_line94_opA,correction_paired_result.txt,correction,yes,pos 16: 15/16 secret values with y1 = y2 xor alpha (+14 more position(s))
mayo,compute_A,binOpFault/compute_A_line94_opA,ineffective_paired_result.txt,ineffective,yes,pos 8: 30/240 pairs disagree (+15 more position(s))
mayo,compute_A,binOpFault/compute_A_line94_opB,correction_paired_result.txt,correction,yes,pos 72: 15/16 secret values with y1 = y2 xor alpha (+14 more position(s))
mayo,compute_A,binOpFault/compute_A_line94_opB,ineffective_paired_result.txt,ineffective,yes,pos 72: 30/240 pairs disagree (+8 more position(s))
mayo,compute_A,binOpFault/compute_A_line94_opC,correction_paired_result.txt,correction,no,no position with disagreeing pairs
mayo,compute_A,binOpFault/compute_A_line94_opC,ineffective_paired_result.txt,ineffective,no,no position with disagreeing pairs
mayo,compute_A,binOpFault/compute_A_line94_undef,correction_paired_result.txt,correction,yes,pos 72: 15/16 secret values with y1 = y2 xor alpha (+14 more position(s))
mayo,compute_A,binOpFault/compute_A_line94_undef,ineffective_paired_result.txt,ineffective,yes,pos 72: 30/240 pairs disagree (+8 more position(s))
mayo,compute_A,binOpFault/compute_A_line94_zero,correction_paired_result.txt,correction,yes,pos 72: 15/16 secret values with y1 = y2 xor alpha (+14 more position(s))
mayo,compute_A,binOpFault/compute_A_line94_zero,ineffective_paired_result.txt,ineffective,yes,pos 72: 30/240 pairs disagree (+8 more position(s))
mayo,compute_A,loadStoreSkip/compute_A_line101_mem,correction_paired_result.txt,correction,yes,pos 2606: 16/16 secret values with y1 = y2 xor alpha
mayo,compute_A,loadStoreSkip/compute_A_line101_mem,ineffective_paired_result.txt,ineffective,no,no position with disagreeing pairs
mayo,compute_A,loadStoreSkip/compute_A_line103_mem,correction_paired_result.txt,correction,yes,pos 2606: 16/16 secret values with y1 = y2 xor alpha
mayo,compute_A,loadStoreSkip/compute_A_line103_mem,ineffective_paired_result.txt,ineffective,no,no position with disagreeing pairs
mayo,compute_A,loadStoreSkip/compute_A_line109_mem,correction_paired_result.txt,correction,yes,pos 2606: 16/16 secret values with y1 = y2 xor alpha
mayo,compute_A,loadStoreSkip/compute_A_line109_mem,ineffective_paired_result.txt,ineffective,no,no position with disagreeing pairs
mayo,compute_A,loadStoreSkip/compute_A_line11_mem,correction_paired_result.txt,correction,no,no position with disagreeing pairs
mayo,compute_A,loadStoreSkip/compute_A_line11_mem,ineffective_paired_result.txt,ineffective,no,no position with disagreeing pairs
mayo,compute_A,loadStoreSkip/compute_A_line120_mem,correction_paired_result.txt,correction,no,no position with disagreeing pairs
mayo,compute_A,loadStoreSkip/compute_A_line120_mem,ineffective_paired_result.txt,ineffective,no,no position with disagreeing pairs
mayo,compute_A,loadStoreSkip/compute_A_line122_mem,correction_paired_result.txt,correction,no,no position with disagreeing pairs
mayo,compute_A,loadStoreSkip/compute_A_line122_mem,ineffective_paired_result.txt,ineffective,no,no position with disagreeing pairs
mayo,compute_A,loadStoreSkip/compute_A_line13_mem,correction_paired_result.txt,correction,no,no position with disagreeing pairs
mayo,compute_A,loadStoreSkip/compute_A_line13_mem,ineffective_paired_result.txt,ineffective,no,no position with disagreeing pairs
mayo,compute_A,loadStoreSkip/compute_A_line158_mem,correction_paired_result.txt,correction,yes,pos 4: 16/16 secret values with y1 = y2 xor alpha (+156 more position(s))
mayo,compute_A,loadStoreSkip/compute_A_line158_mem,ineffective_paired_result.txt,ineffective,no,no position with disagreeing pairs
mayo,compute_A,loadStoreSkip/compute_A_line163_mem,correction_paired_result.txt,correction,yes,pos 13: 16/16 secret values with y1 = y2 xor alpha (+168 more position(s))
mayo,compute_A,loadStoreSkip/compute_A_line163_mem,ineffective_paired_result.txt,ineffective,no,no position with disagreeing pairs
mayo,compute_A,loadStoreSkip/compute_A_line170_mem,correction_paired_result.txt,correction,yes,pos 46: 16/16 secret values with y1 = y2 xor alpha (+166 more position(s))
mayo,compute_A,loadStoreSkip/compute_A_line170_mem,ineffective_paired_result.txt,ineffective,no,no position with disagreeing pairs
mayo,compute_A,loadStoreSkip/compute_A_line177_mem,correction_paired_result.txt,correction,yes,pos 3: 16/16 secret values with y1 = y2 xor alpha (+146 more position(s))
mayo,compute_A,loadStoreSkip/compute_A_line177_mem,ineffective_paired_result.txt,ineffective,no,no position with disagreeing pairs
mayo,compute_A,loadStoreSkip/compute_A_line194_mem,correction_paired_result.txt,correction,yes,pos 1470: 16/16 secret values with y1 = y2 xor alpha
mayo,compute_A,loadStoreSkip/compute_A_line194_mem,ineffective_paired_result.txt,ineffective,no,no position with disagreeing pairs
mayo,compute_A,loadStoreSkip/compute_A_line201_mem,correction_paired_result.txt,correction,yes,pos 3: 16/16 secret values with y1 = y2 xor alpha (+7 more position(s))
mayo,compute_A,loadStoreSkip/compute_A_line201_mem,ineffective_paired_result.txt,ineffective,no,no position with disagreeing pairs
mayo,compute_A,loadStoreSkip/compute_A_line210_mem,correction_paired_result.txt,correction,yes,pos 4: 16/16 secret values with y1 = y2 xor alpha (+6 more position(s))
mayo,compute_A,loadStoreSkip/compute_A_line210_mem,ineffective_paired_result.txt,ineffective,no,no position with disagreeing pairs
mayo,compute_A,loadStoreSkip/compute_A_line216_mem,correction_paired_result.txt,correction,yes,pos 13: 16/16 secret values with y1 = y2 xor alpha (+6 more position(s))
mayo,compute_A,loadStoreSkip/compute_A_line216_mem,ineffective_paired_result.txt,ineffective,no,no position with disagreeing pairs
mayo,compute_A,loadStoreSkip/compute_A_line223_mem,correction_paired_result.txt,correction,yes,pos 337: 16/16 secret values with y1 = y2 xor alpha (+6 more position(s))
mayo,compute_A,loadStoreSkip/compute_A_line223_mem,ineffective_paired_result.txt,ineffective,no,no position with disagreeing pairs
mayo,compute_A,loadStoreSkip/compute_A_line230_mem,correction_paired_result.txt,correction,yes,pos 3: 16/16 secret values with y1 = y2 xor alpha (+7 more position(s))
mayo,compute_A,loadStoreSkip/compute_A_line230_mem,ineffective_paired_result.txt,ineffective,no,no position with disagreeing pairs
mayo,compute_A,loadStoreSkip/compute_A_line244_mem,correction_paired_result.txt,correction,no,no position with disagreeing pairs
mayo,compute_A,loadStoreSkip/compute_A_line244_mem,ineffective_paired_result.txt,ineffective,yes,pos 656: 30/240 pairs disagree (+1 more position(s))
mayo,compute_A,loadStoreSkip/compute_A_line246_mem,correction_paired_result.txt,correction,no,no position with disagreeing pairs
mayo,compute_A,loadStoreSkip/compute_A_line246_mem,ineffective_paired_result.txt,ineffective,yes,pos 656: 30/240 pairs disagree (+1 more position(s))
mayo,compute_A,loadStoreSkip/compute_A_line41_mem,correction_paired_result.txt,correction,yes,pos 735: 16/16 secret values with y1 = y2 xor alpha
mayo,compute_A,loadStoreSkip/compute_A_line41_mem,ineffective_paired_result.txt,ineffective,yes,pos 729: 30/240 pairs disagree
mayo,compute_A,loadStoreSkip/compute_A_line50_mem,correction_paired_result.txt,correction,no,no position with disagreeing pairs
mayo,compute_A,loadStoreSkip/compute_A_line50_mem,ineffective_paired_result.txt,ineffective,no,no position with disagreeing pairs
mayo,compute_A,loadStoreSkip/compute_A_line52_mem,correction_paired_result.txt,correction,no,no position with disagreeing pairs
mayo,compute_A,loadStoreSkip/compute_A_line52_mem,ineffective_paired_result.txt,ineffective,no,no position with disagreeing pairs
mayo,compute_A,loadStoreSkip/compute_A_line58_mem,correction_paired_result.txt,correction,no,no position with disagreeing pairs
mayo,compute_A,loadStoreSkip/compute_A_line58_mem,ineffective_paired_result.txt,ineffective,no,no position with disagreeing pairs
mayo,compute_A,loadStoreSkip/compute_A_line69_mem,correction_paired_result.txt,correction,no,no position with disagreeing pairs
mayo,compute_A,loadStoreSkip/compute_A_line69_mem,ineffective_paired_result.txt,ineffective,no,no position with disagreeing pairs
mayo,compute_A,loadStoreSkip/compute_A_line71_mem,correction_paired_result.txt,correction,no,no position with disagreeing pairs
mayo,compute_A,loadStoreSkip/compute_A_line71_mem,ineffective_paired_result.txt,ineffective,no,no position with disagreeing pairs
mayo,compute_A,loadStoreSkip/compute_A_line92_mem,correction_paired_result.txt,correction,yes,pos 72: 15/16 secret values with y1 = y2 xor alpha (+14 more position(s))
mayo,compute_A,loadStoreSkip/compute_A_line92_mem,ineffective_paired_result.txt,ineffective,yes,pos 72: 30/240 pairs disagree (+8 more position(s))
mayo,compute_A,loopOrFuncSkip/compute_A_fnSkip_decode_line276,correction_paired_result.txt,correction,yes,pos 187: 16/16 secret values with y1 = y2 xor alpha (+1 more position(s))
mayo,compute_A,loopOrFuncSkip/compute_A_fnSkip_decode_line276,ineffective_paired_result.txt,ineffective,yes,pos 72: 30/240 pairs disagree (+9 more position(s))
mayo,compute_A,loopOrFuncSkip/compute_A_fnSkip_mayo_memset_line147,correction_paired_result.txt,correction,no,no position with disagreeing pairs
mayo,compute_A,loopOrFuncSkip/compute_A_fnSkip_mayo_memset_line147,ineffective_paired_result.txt,ineffective,no,no position with disagreeing pairs
mayo,compute_A,loopOrFuncSkip/compute_A_fnSkip_mayo_memset_line2,correction_paired_result.txt,correction,no,no position with disagreeing pairs
mayo,compute_A,loopOrFuncSkip/compute_A_fnSkip_mayo_memset_line2,ineffective_paired_result.txt,ineffective,no,no position with disagreeing pairs
mayo,compute_A,loopOrFuncSkip/compute_A_fnSkip_mul_f_line155,correction_paired_result.txt,correction,no,no position with disagreeing pairs
mayo,compute_A,loopOrFuncSkip/compute_A_fnSkip_mul_f_line155,ineffective_paired_result.txt,ineffective,no,no position with disagreeing pairs
mayo,compute_A,loopOrFuncSkip/compute_A_fnSkip_mul_f_line159,correction_paired_result.txt,correction,yes,pos 13: 16/16 secret values with y1 = y2 xor alpha (+168 more position(s))
mayo,compute_A,loopOrFuncSkip/compute_A_fnSkip_mul_f_line159,ineffective_paired_result.txt,ineffective,no,no position with disagreeing pairs
mayo,compute_A,loopOrFuncSkip/compute_A_fnSkip_mul_f_line166,correction_paired_result.txt,correction,yes,pos 46: 16/16 secret values with y1 = y2 xor alpha (+166 more position(s))
mayo,compute_A,loopOrFuncSkip/compute_A_fnSkip_mul_f_line166,ineffective_paired_result.txt,ineffective,no,no position with disagreeing pairs
mayo,compute_A,loopOrFuncSkip/compute_A_fnSkip_mul_f_line173,correction_paired_result.txt,correction,yes,pos 3: 16/16 secret values with y1 = y2 xor alpha (+146 more position(s))
mayo,compute_A,loopOrFuncSkip/compute_A_fnSkip_mul_f_line173,ineffective_paired_result.txt,ineffective,no,no position with disagreeing pairs
mayo,compute_A,loopOrFuncSkip/compute_A_fnSkip_transpose_16x16_nibbles_line144,correction_paired_result.txt,correction,yes,pos 495: 16/16 secret values with y1 = y2 xor alpha (+1 more position(s))
mayo,compute_A,loopOrFuncSkip/compute_A_fnSkip_transpose_16x16_nibbles_line144,ineffective_paired_result.txt,ineffective,yes,pos 9: 30/240 pairs disagree (+1 more position(s))
mayo,compute_M_and_VPV,loopOrFuncSkip/compute_M_and_VPV_fnSkip_P1_times_Vt_line3,correction_paired_result.txt,correction,no,no position with disagreeing pairs
mayo,compute_M_and_VPV,loopOrFuncSkip/compute_M_and_VPV_fnSkip_P1_times_Vt_line3,ineffective_paired_result.txt,ineffective,no,no position with disagreeing pairs
mayo,compute_M_and_VPV,loopOrFuncSkip/compute_M_and_VPV_fnSkip_mayo_memset_line2,correction_paired_result.txt,correction,no,no position with disagreeing pairs
mayo,compute_M_and_VPV,loopOrFuncSkip/compute_M_and_VPV_fnSkip_mayo_memset_line2,ineffective_paired_result.txt,ineffective,no,no position with disagreeing pairs
mayo,compute_M_and_VPV,loopOrFuncSkip/compute_M_and_VPV_fnSkip_mul_add_mat_x_m_mat_line1,correction_paired_result.txt,correction,no,no position with disagreeing pairs
mayo,compute_M_and_VPV,loopOrFuncSkip/compute_M_and_VPV_fnSkip_mul_add_mat_x_m_mat_line1,ineffective_paired_result.txt,ineffective,yes,pos 0: 30/240 pairs disagree (+292 more position(s))
mayo,compute_M_and_VPV,loopOrFuncSkip/compute_M_and_VPV_fnSkip_mul_add_mat_x_m_mat_line4,correction_paired_result.txt,correction,no,no position with disagreeing pairs
mayo,compute_M_and_VPV,loopOrFuncSkip/compute_M_and_VPV_fnSkip_mul_add_mat_x_m_mat_line4,ineffective_paired_result.txt,ineffective,no,no position with disagreeing pairs
mayo,compute_P3,loopOrFuncSkip/compute_P3_fnSkip_P1_times_O_line0,correction_paired_result.txt,correction,yes,pos 272: 1/16 secret values with y1 = y2 xor alpha (+1 more position(s))
mayo,compute_P3,loopOrFuncSkip/compute_P3_fnSkip_P1_times_O_line0,ineffective_paired_result.txt,ineffective,yes,pos 0: 56/240 pairs disagree (+323 more position(s))
mayo,compute_P3,loopOrFuncSkip/compute_P3_fnSkip_mul_add_mat_trans_x_m_mat_line1,correction_paired_result.txt,correction,no,no position with disagreeing pairs
mayo,compute_P3,loopOrFuncSkip/compute_P3_fnSkip_mul_add_mat_trans_x_m_mat_line1,ineffective_paired_result.txt,ineffective,yes,pos 1: 30/240 pairs disagree (+334 more position(s))
mayo,compute_rhs,binOpFault/compute_rhs_line114_opA,correction_paired_result.txt,correction,no,no position with disagreeing pairs
mayo,compute_rhs,binOpFault/compute_rhs_line114_opA,ineffective_paired_result.txt,ineffective,no,no position with disagreeing pairs
mayo,compute_rhs,binOpFault/compute_rhs_line114_opB,correction_paired_result.txt,correction,no,no position with disagreeing pairs
mayo,compute_rhs,binOpFault/compute_rhs_line114_opB,ineffective_paired_result.txt,ineffective,no,no position with disagreeing pairs
mayo,compute_rhs,binOpFault/compute_rhs_line114_undef,correction_paired_result.txt,correction,no,no position with disagreeing pairs
mayo,compute_rhs,binOpFault/compute_rhs_line114_undef,ineffective_paired_result.txt,ineffective,no,no position with disagreeing pairs
mayo,compute_rhs,binOpFault/compute_rhs_line114_zero,correction_paired_result.txt,correction,no,no position with disagreeing pairs
mayo,compute_rhs,binOpFault/compute_rhs_line114_zero,ineffective_paired_result.txt,ineffective,no,no position with disagreeing pairs
mayo,compute_rhs,binOpFault/compute_rhs_line115_opA,correction_paired_result.txt,correction,no,no position with disagreeing pairs
mayo,compute_rhs,binOpFault/compute_rhs_line115_opA,ineffective_paired_result.txt,ineffective,no,no position with disagreeing pairs
mayo,compute_rhs,binOpFault/compute_rhs_line115_opB,correction_paired_result.txt,correction,no,no position with disagreeing pairs
mayo,compute_rhs,binOpFault/compute_rhs_line115_opB,ineffective_paired_result.txt,ineffective,no,no position with disagreeing pairs
mayo,compute_rhs,binOpFault/compute_rhs_line115_undef,correction_paired_result.txt,correction,no,no position with disagreeing pairs
mayo,compute_rhs,binOpFault/compute_rhs_line115_undef,ineffective_paired_result.txt,ineffective,no,no position with disagreeing pairs
mayo,compute_rhs,binOpFault/compute_rhs_line115_zero,correction_paired_result.txt,correction,no,no position with disagreeing pairs
mayo,compute_rhs,binOpFault/compute_rhs_line115_zero,ineffective_paired_result.txt,ineffective,no,no position with disagreeing pairs
mayo,compute_rhs,binOpFault/compute_rhs_line124_opA,correction_paired_result.txt,correction,no,no position with disagreeing pairs
mayo,compute_rhs,binOpFault/compute_rhs_line124_opA,ineffective_paired_result.txt,ineffective,no,no position with disagreeing pairs
mayo,compute_rhs,binOpFault/compute_rhs_line124_opB,correction_paired_result.txt,correction,no,no position with disagreeing pairs
mayo,compute_rhs,binOpFault/compute_rhs_line124_opB,ineffective_paired_result.txt,ineffective,no,no position with disagreeing pairs
mayo,compute_rhs,binOpFault/compute_rhs_line124_undef,correction_paired_result.txt,correction,no,no position with disagreeing pairs
mayo,compute_rhs,binOpFault/compute_rhs_line124_undef,ineffective_paired_result.txt,ineffective,no,no position with disagreeing pairs
mayo,compute_rhs,binOpFault/compute_rhs_line124_zero,correction_paired_result.txt,correction,no,no position with disagreeing pairs
mayo,compute_rhs,binOpFault/compute_rhs_line124_zero,ineffective_paired_result.txt,ineffective,no,no position with disagreeing pairs
mayo,compute_rhs,binOpFault/compute_rhs_line125_opA,correction_paired_result.txt,correction,no,no position with disagreeing pairs
mayo,compute_rhs,binOpFault/compute_rhs_line125_opA,ineffective_paired_result.txt,ineffective,no,no position with disagreeing pairs
mayo,compute_rhs,binOpFault/compute_rhs_line125_opB,correction_paired_result.txt,correction,no,no position with disagreeing pairs
mayo,compute_rhs,binOpFault/compute_rhs_line125_opB,ineffective_paired_result.txt,ineffective,no,no position with disagreeing pairs
mayo,compute_rhs,binOpFault/compute_rhs_line125_undef,correction_paired_result.txt,correction,no,no position with disagreeing pairs
mayo,compute_rhs,binOpFault/compute_rhs_line125_undef,ineffective_paired_result.txt,ineffective,no,no position with disagreeing pairs
mayo,compute_rhs,binOpFault/compute_rhs_line125_zero,correction_paired_result.txt,correction,no,no position with disagreeing pairs
mayo,compute_rhs,binOpFault/compute_rhs_line125_zero,ineffective_paired_result.txt,ineffective,no,no position with disagreeing pairs
mayo,compute_rhs,binOpFault/compute_rhs_line25_opA,correction_paired_result.txt,correction,no,no position with disagreeing pairs
mayo,compute_rhs,binOpFault/compute_rhs_line25_opA,ineffective_paired_result.txt,ineffective,no,no position with disagreeing pairs
mayo,compute_rhs,binOpFault/compute_rhs_line25_opB,correction_paired_result.txt,correction,no,no position with disagreeing pairs
mayo,compute_rhs,binOpFault/compute_rhs_line25_opB,ineffective_paired_result.txt,ineffective,no,no position with disagreeing pairs
mayo,compute_rhs,binOpFault/compute_rhs_line25_undef,correction_paired_result.txt,correction,no,no position with disagreeing pairs
mayo,compute_rhs,binOpFault/compute_rhs_line25_undef,ineffective_paired_result.txt,ineffective,no,no position with disagreeing pairs
mayo,compute_rhs,binOpFault/compute_rhs_line25_zero,correction_paired_result.txt,correction,no,no position with disagreeing pairs
mayo,compute_rhs,binOpFault/compute_rhs_line25_zero,ineffective_paired_result.txt,ineffective,no,no position with disagreeing pairs
mayo,compute_rhs,binOpFault/compute_rhs_line28_opA,correction_paired_result.txt,correction,no,no position with disagreeing pairs
mayo,compute_rhs,binOpFault/compute_rhs_line28_opA,ineffective_paired_result.txt,ineffective,no,no position with disagreeing pairs
mayo,compute_rhs,binOpFault/compute_rhs_line28_opB,correction_paired_result.txt,correction,no,no position with disagreeing pairs
mayo,compute_rhs,binOpFault/compute_rhs_line28_opB,ineffective_paired_result.txt,ineffective,no,no position with disagreeing pairs
mayo,compute_rhs,binOpFault/compute_rhs_line28_undef,correction_paired_result.txt,correction,no,no position with disagreeing pairs
mayo,compute_rhs,binOpFault/compute_rhs_line28_undef,ineffective_paired_result.txt,ineffective,no,no position with disagreeing pairs
mayo,compute_rhs,binOpFault/compute_rhs_line28_zero,correction_paired_result.txt,correction,no,no position with disagreeing pairs
mayo,compute_rhs,binOpFault/compute_rhs_line28_zero,ineffective_paired_result.txt,ineffective,no,no position with disagreeing pairs
mayo,compute_rhs,binOpFault/compute_rhs_line34_opA,correction_paired_result.txt,correction,no,no position with disagreeing pairs
mayo,compute_rhs,binOpFault/compute_rhs_line34_opA,ineffective_paired_result.txt,ineffective,no,no position with disagreeing pairs
mayo,compute_rhs,binOpFault/compute_rhs_line34_opB,correction_paired_result.txt,correction,no,no position with disagreeing pairs
mayo,compute_rhs,binOpFault/compute_rhs_line34_opB,ineffective_paired_result.txt,ineffective,no,no position with disagreeing pairs
mayo,compute_rhs,binOpFault/compute_rhs_line34_undef,correction_paired_result.txt,correction,no,no position with disagreeing pairs
mayo,compute_rhs,binOpFault/compute_rhs_line34_undef,ineffective_paired_result.txt,ineffective,no,no position with disagreeing pairs
mayo,compute_rhs,binOpFault/compute_rhs_line34_zero,correction_paired_result.txt,correction,no,no position with disagreeing pairs
mayo,compute_rhs,binOpFault/compute_rhs_line34_zero,ineffective_paired_result.txt,ineffective,no,no position with disagreeing pairs
mayo,compute_rhs,binOpFault/compute_rhs_line38_opA,correction_paired_result.txt,correction,no,no position with disagreeing pairs
mayo,compute_rhs,binOpFault/compute_rhs_line38_opA,ineffective_paired_result.txt,ineffective,no,no position with disagreeing pairs
mayo,compute_rhs,binOpFault/compute_rhs_line38_opB,correction_paired_result.txt,correction,no,no position with disagreeing pairs
mayo,compute_rhs,binOpFault/compute_rhs_line38_opB,ineffective_paired_result.txt,ineffective,no,no position with disagreeing pairs
mayo,compute_rhs,binOpFault/compute_rhs_line38_undef,correction_paired_result.txt,correction,no,no position with disagreeing pairs
mayo,compute_rhs,binOpFault/compute_rhs_line38_undef,ineffective_paired_result.txt,ineffective,no,no position with disagreeing pairs
mayo,compute_rhs,binOpFault/compute_rhs_line38_zero,correction_paired_result.txt,correction,no,no position with disagreeing pairs
mayo,compute_rhs,binOpFault/compute_rhs_line38_zero,ineffective_paired_result.txt,ineffective,no,no position with disagreeing pairs
mayo,compute_rhs,binOpFault/compute_rhs_line42_opA,correction_paired_result.txt,correction,no,no position with disagreeing pairs
mayo,compute_rhs,binOpFault/compute_rhs_line42_opA,ineffective_paired_result.txt,ineffective,no,no position with disagreeing pairs
mayo,compute_rhs,binOpFault/compute_rhs_line42_opB,correction_paired_result.txt,correction,no,no position with disagreeing pairs
mayo,compute_rhs,binOpFault/compute_rhs_line42_opB,ineffective_paired_result.txt,ineffective,no,no position with disagreeing pairs
mayo,compute_rhs,binOpFault/compute_rhs_line42_undef,correction_paired_result.txt,correction,no,no position with disagreeing pairs
mayo,compute_rhs,binOpFault/compute_rhs_line42_undef,ineffective_paired_result.txt,ineffective,no,no position with disagreeing pairs
mayo,compute_rhs,binOpFault/compute_rhs_line42_zero,correction_paired_result.txt,correction,no,no position with disagreeing pairs
mayo,compute_rhs,binOpFault/compute_rhs_line42_zero,ineffective_paired_result.txt,ineffective,no,no position with disagreeing pairs
mayo,compute_rhs,binOpFault/compute_rhs_line46_opA,correction_paired_result.txt,correction,no,no position with disagreeing pairs
mayo,compute_rhs,binOpFault/compute_rhs_line46_opA,ineffective_paired_result.txt,ineffective,no,no position with disagreeing pairs
mayo,compute_rhs,binOpFault/compute_rhs_line46_opB,correction_paired_result.txt,correction,no,no position with disagreeing pairs
mayo,compute_rhs,binOpFault/compute_rhs_line46_opB,ineffective_paired_result.txt,ineffective,no,no position with disagreeing pairs
mayo,compute_rhs,binOpFault/compute_rhs_line46_undef,correction_paired_result.txt,correction,no,no position with disagreeing pairs
mayo,compute_rhs,binOpFault/compute_rhs_line46_undef,ineffective_paired_result.txt,ineffective,no,no position with disagreeing pairs
mayo,compute_rhs,binOpFault/compute_rhs_line46_zero,correction_paired_result.txt,correction,no,no position with disagreeing pairs
mayo,compute_rhs,binOpFault/compute_rhs_line46_zero,ineffective_paired_result.txt,ineffective,no,no position with disagreeing pairs
mayo,compute_rhs,binOpFault/compute_rhs_line63_opA,correction_paired_result.txt,correction,no,no position with disagreeing pairs
mayo,compute_rhs,binOpFault/compute_rhs_line63_opA,ineffective_paired_result.txt,ineffective,no,no position with disagreeing pairs
mayo,compute_rhs,binOpFault/compute_rhs_line63_opB,correction_paired_result.txt,correction,no,no position with disagreeing pairs
mayo,compute_rhs,binOpFault/compute_rhs_line63_opB,ineffective_paired_result.txt,ineffective,no,no position with disagreeing pairs
mayo,compute_rhs,binOpFault/compute_rhs_line63_undef,correction_paired_result.txt,correction,no,no position with disagreeing pairs
mayo,compute_rhs,binOpFault/compute_rhs_line63_undef,ineffective_paired_result.txt,ineffective,no,no position with disagreeing pairs
mayo,compute_rhs,binOpFault/compute_rhs_line63_zero,correction_paired_result.txt,correction,no,no position with disagreeing pairs
mayo,compute_rhs,binOpFault/compute_rhs_line63_zero,ineffective_paired_result.txt,ineffective,no,no position with disagreeing pairs
mayo,compute_rhs,binOpFault/compute_rhs_line69_opA,correction_paired_result.txt,correction,no,no position with disagreeing pairs
mayo,compute_rhs,binOpFault/compute_rhs_line69_opA,ineffective_paired_result.txt,ineffective,no,no position with disagreeing pairs
mayo,compute_rhs,binOpFault/compute_rhs_line69_opB,correction_paired_result.txt,correction,no,no position with disagreeing pairs
mayo,compute_rhs,binOpFault/compute_rhs_line69_opB,ineffective_paired_result.txt,ineffective,no,no position with disagreeing pairs
mayo,compute_rhs,binOpFault/compute_rhs_line69_undef,correction_paired_result.txt,correction,no,no position with disagreeing pairs
mayo,compute_rhs,binOpFault/compute_rhs_line69_undef,ineffective_paired_result.txt,ineffective,no,no position with disagreeing pairs
mayo,compute_rhs,binOpFault/compute_rhs_line69_zero,correction_paired_result.txt,correction,no,no position with disagreeing pairs
mayo,compute_rhs,binOpFault/compute_rhs_line69_zero,ineffective_paired_result.txt,ineffective,no,no position with disagreeing pairs
mayo,compute_rhs,binOpFault/compute_rhs_line73_opA,correction_paired_result.txt,correction,no,no position with disagreeing pairs
mayo,compute_rhs,binOpFault/compute_rhs_line73_opA,ineffective_paired_result.txt,ineffective,no,no position with disagreeing pairs
mayo,compute_rhs,binOpFault/compute_rhs_line73_opB,correction_paired_result.txt,correction,no,no position with disagreeing pairs
mayo,compute_rhs,binOpFault/compute_rhs_line73_opB,ineffective_paired_result.txt,ineffective,no,no position with disagreeing pairs
mayo,compute_rhs,binOpFault/compute_rhs_line73_undef,correction_paired_result.txt,correction,no,no position with disagreeing pairs
mayo,compute_rhs,binOpFault/compute_rhs_line73_undef,ineffective_paired_result.txt,ineffective,no,no position with disagreeing pairs
mayo,compute_rhs,binOpFault/compute_rhs_line73_zero,correction_paired_result.txt,correction,no,no position with disagreeing pairs
mayo,compute_rhs,binOpFault/compute_rhs_line73_zero,ineffective_paired_result.txt,ineffective,no,no position with disagreeing pairs
mayo,compute_rhs,binOpFault/compute_rhs_line95_opA,correction_paired_result.txt,correction,no,no position with disagreeing pairs
mayo,compute_rhs,binOpFault/compute_rhs_line95_opA,ineffective_paired_result.txt,ineffective,no,no position with disagreeing pairs
mayo,compute_rhs,binOpFault/compute_rhs_line95_opB,correction_paired_result.txt,correction,no,no position with disagreeing pairs
mayo,compute_rhs,binOpFault/compute_rhs_line95_opB,ineffective_paired_result.txt,ineffective,no,no position with disagreeing pairs
mayo,compute_rhs,binOpFault/compute_rhs_line95_undef,correction_paired_result.txt,correction,no,no position with disagreeing pairs
mayo,compute_rhs,binOpFault/compute_rhs_line95_undef,ineffective_paired_result.txt,ineffective,no,no position with disagreeing pairs
mayo,compute_rhs,binOpFault/compute_rhs_line95_zero,correction_paired_result.txt,correction,no,no position with disagreeing pairs
mayo,compute_rhs,binOpFault/compute_rhs_line95_zero,ineffective_paired_result.txt,ineffective,no,no position with disagreeing pairs
mayo,compute_rhs,binOpFault/compute_rhs_line98_opA,correction_paired_result.txt,correction,no,no position with disagreeing pairs
mayo,compute_rhs,binOpFault/compute_rhs_line98_opA,ineffective_paired_result.txt,ineffective,no,no position with disagreeing pairs
mayo,compute_rhs,binOpFault/compute_rhs_line98_opB,correction_paired_result.txt,correction,no,no position with disagreeing pairs
mayo,compute_rhs,binOpFault/compute_rhs_line98_opB,ineffective_paired_result.txt,ineffective,no,no position with disagreeing pairs
mayo,compute_rhs,binOpFault/compute_rhs_line98_undef,correction_paired_result.txt,correction,no,no position with disagreeing pairs
mayo,compute_rhs,binOpFault/compute_rhs_line98_undef,ineffective_paired_result.txt,ineffective,no,no position with disagreeing pairs
mayo,compute_rhs,binOpFault/compute_rhs_line98_zero,correction_paired_result.txt,correction,no,no position with disagreeing pairs
mayo,compute_rhs,binOpFault/compute_rhs_line98_zero,ineffective_paired_result.txt,ineffective,no,no position with disagreeing pairs
mayo,compute_rhs,binOpFault/compute_rhs_line9_opA,correction_paired_result.txt,correction,no,no position with disagreeing pairs
mayo,compute_rhs,binOpFault/compute_rhs_line9_opA,ineffective_paired_result.txt,ineffective,no,no position with disagreeing pairs
mayo,compute_rhs,binOpFault/compute_rhs_line9_opB,correction_paired_result.txt,correction,no,no position with disagreeing pairs
mayo,compute_rhs,binOpFault/compute_rhs_line9_opB,ineffective_paired_result.txt,ineffective,no,no position with disagreeing pairs
mayo,compute_rhs,binOpFault/compute_rhs_line9_undef,correction_paired_result.txt,correction,no,no position with disagreeing pairs
mayo,compute_rhs,binOpFault/compute_rhs_line9_undef,ineffective_paired_result.txt,ineffective,no,no position with disagreeing pairs
mayo,compute_rhs,binOpFault/compute_rhs_line9_zero,correction_paired_result.txt,correction,no,no position with disagreeing pairs
mayo,compute_rhs,binOpFault/compute_rhs_line9_zero,ineffective_paired_result.txt,ineffective,no,no position with disagreeing pairs
mayo,compute_rhs,loadStoreSkip/compute_rhs_line10_mem,correction_paired_result.txt,correction,no,no position with disagreeing pairs
mayo,compute_rhs,loadStoreSkip/compute_rhs_line10_mem,ineffective_paired_result.txt,ineffective,no,no position with disagreeing pairs
mayo,compute_rhs,loadStoreSkip/compute_rhs_line110_mem,correction_paired_result.txt,correction,no,no position with disagreeing pairs
mayo,compute_rhs,loadStoreSkip/compute_rhs_line110_mem,ineffective_paired_result.txt,ineffective,no,no position with disagreeing pairs
mayo,compute_rhs,loadStoreSkip/compute_rhs_line113_mem,correction_paired_result.txt,correction,no,no position with disagreeing pairs
mayo,compute_rhs,loadStoreSkip/compute_rhs_line113_mem,ineffective_paired_result.txt,ineffective,no,no position with disagreeing pairs
mayo,compute_rhs,loadStoreSkip/compute_rhs_line117_mem,correction_paired_result.txt,correction,no,no position with disagreeing pairs
mayo,compute_rhs,loadStoreSkip/compute_rhs_line117_mem,ineffective_paired_result.txt,ineffective,no,no position with disagreeing pairs
mayo,compute_rhs,loadStoreSkip/compute_rhs_line120_mem,correction_paired_result.txt,correction,no,no position with disagreeing pairs
mayo,compute_rhs,loadStoreSkip/compute_rhs_line120_mem,ineffective_paired_result.txt,ineffective,no,no position with disagreeing pairs
mayo,compute_rhs,loadStoreSkip/compute_rhs_line123_mem,correction_paired_result.txt,correction,no,no position with disagreeing pairs
mayo,compute_rhs,loadStoreSkip/compute_rhs_line123_mem,ineffective_paired_result.txt,ineffective,no,no position with disagreeing pairs
mayo,compute_rhs,loadStoreSkip/compute_rhs_line128_mem,correction_paired_result.txt,correction,no,no position with disagreeing pairs
mayo,compute_rhs,loadStoreSkip/compute_rhs_line128_mem,ineffective_paired_result.txt,ineffective,no,no position with disagreeing pairs
mayo,compute_rhs,loadStoreSkip/compute_rhs_line24_mem,correction_paired_result.txt,correction,no,no position with disagreeing pairs
mayo,compute_rhs,loadStoreSkip/compute_rhs_line24_mem,ineffective_paired_result.txt,ineffective,no,no position with disagreeing pairs
mayo,compute_rhs,loadStoreSkip/compute_rhs_line29_mem,correction_paired_result.txt,correction,no,no position with disagreeing pairs
mayo,compute_rhs,loadStoreSkip/compute_rhs_line29_mem,ineffective_paired_result.txt,ineffective,no,no position with disagreeing pairs
mayo,compute_rhs,loadStoreSkip/compute_rhs_line37_mem,correction_paired_result.txt,correction,no,no position with disagreeing pairs
mayo,compute_rhs,loadStoreSkip/compute_rhs_line37_mem,ineffective_paired_result.txt,ineffective,no,no position with disagreeing pairs
mayo,compute_rhs,loadStoreSkip/compute_rhs_line41_mem,correction_paired_result.txt,correction,no,no position with disagreeing pairs
mayo,compute_rhs,loadStoreSkip/compute_rhs_line41_mem,ineffective_paired_result.txt,ineffective,no,no position with disagreeing pairs
mayo,compute_rhs,loadStoreSkip/compute_rhs_line43_mem,correction_paired_result.txt,correction,no,no position with disagreeing pairs
mayo,compute_rhs,loadStoreSkip/compute_rhs_line43_mem,ineffective_paired_result.txt,ineffective,no,no position with disagreeing pairs
mayo,compute_rhs,loadStoreSkip/compute_rhs_line45_mem,correction_paired_result.txt,correction,no,no position with disagreeing pairs
mayo,compute_rhs,loadStoreSkip/compute_rhs_line45_mem,ineffective_paired_result.txt,ineffective,no,no position with disagreeing pairs
mayo,compute_rhs,loadStoreSkip/compute_rhs_line47_mem,correction_paired_result.txt,correction,no,no position with disagreeing pairs
mayo,compute_rhs,loadStoreSkip/compute_rhs_line47_mem,ineffective_paired_result.txt,ineffective,no,no position with disagreeing pairs
mayo,compute_rhs,loadStoreSkip/compute_rhs_line62_mem,correction_paired_result.txt,correction,no,no position with disagreeing pairs
mayo,compute_rhs,loadStoreSkip/compute_rhs_line62_mem,ineffective_paired_result.txt,ineffective,no,no position with disagreeing pairs
mayo,compute_rhs,loadStoreSkip/compute_rhs_line64_mem,correction_paired_result.txt,correction,no,no position with disagreeing pairs
mayo,compute_rhs,loadStoreSkip/compute_rhs_line64_mem,ineffective_paired_result.txt,ineffective,no,no position with disagreeing pairs
mayo,compute_rhs,loadStoreSkip/compute_rhs_line72_mem,correction_paired_result.txt,correction,no,no position with disagreeing pairs
mayo,compute_rhs,loadStoreSkip/compute_rhs_line72_mem,ineffective_paired_result.txt,ineffective,no,no position with disagreeing pairs
mayo,compute_rhs,loadStoreSkip/compute_rhs_line74_mem,correction_paired_result.txt,correction,no,no position with disagreeing pairs
mayo,compute_rhs,loadStoreSkip/compute_rhs_line74_mem,ineffective_paired_result.txt,ineffective,no,no position with disagreeing pairs
mayo,compute_rhs,loadStoreSkip/compute_rhs_line86_mem,correction_paired_result.txt,correction,no,no position with disagreeing pairs
mayo,compute_rhs,loadStoreSkip/compute_rhs_line86_mem,ineffective_paired_result.txt,ineffective,no,no position with disagreeing pairs
mayo,compute_rhs,loadStoreSkip/compute_rhs_line8_mem,correction_paired_result.txt,correction,no,no position with disagreeing pairs
mayo,compute_rhs,loadStoreSkip/compute_rhs_line8_mem,ineffective_paired_result.txt,ineffective,no,no position with disagreeing pairs
mayo,compute_rhs,loadStoreSkip/compute_rhs_line93_mem,correction_paired_result.txt,correction,no,no position with disagreeing pairs
mayo,compute_rhs,loadStoreSkip/compute_rhs_line93_mem,ineffective_paired_result.txt,ineffective,no,no position with disagreeing pairs
mayo,compute_rhs,loadStoreSkip/compute_rhs_line97_mem,correction_paired_result.txt,correction,no,no position with disagreeing pairs
mayo,compute_rhs,loadStoreSkip/compute_rhs_line97_mem,ineffective_paired_result.txt,ineffective,no,no position with disagreeing pairs
mayo,compute_rhs,loadStoreSkip/compute_rhs_line99_mem,correction_paired_result.txt,correction,no,no position with disagreeing pairs
mayo,compute_rhs,loadStoreSkip/compute_rhs_line99_mem,ineffective_paired_result.txt,ineffective,no,no position with disagreeing pairs
mayo,compute_rhs,loopOrFuncSkip/compute_rhs_fnSkip_mayo_memset_line13,correction_paired_result.txt,correction,no,no position with disagreeing pairs
mayo,compute_rhs,loopOrFuncSkip/compute_rhs_fnSkip_mayo_memset_line13,ineffective_paired_result.txt,ineffective,no,no position with disagreeing pairs
mayo,compute_rhs,loopOrFuncSkip/compute_rhs_fnSkip_mul_f_line59,correction_paired_result.txt,correction,no,no position with disagreeing pairs
mayo,compute_rhs,loopOrFuncSkip/compute_rhs_fnSkip_mul_f_line59,ineffective_paired_result.txt,ineffective,no,no position with disagreeing pairs
mayo,compute_rhs,loopOrFuncSkip/compute_rhs_fnSkip_mul_f_line68,correction_paired_result.txt,correction,no,no position with disagreeing pairs
mayo,compute_rhs,loopOrFuncSkip/compute_rhs_fnSkip_mul_f_line68,ineffective_paired_result.txt,ineffective,no,no position with disagreeing pairs
mayo,decode,loadStoreSkip/decode_line10_mem,correction_paired_result.txt,correction,yes,pos 0: 240/240 pairs disagree
mayo,decode,loadStoreSkip/decode_line10_mem,ineffective_paired_result.txt,ineffective,yes,pos 0: 30/240 pairs disagree
mayo,decode,loadStoreSkip/decode_line14_mem,correction_paired_result.txt,correction,no,no position with disagreeing pairs
mayo,decode,loadStoreSkip/decode_line14_mem,ineffective_paired_result.txt,ineffective,no,no position with disagreeing pairs
mayo,decode,loadStoreSkip/decode_line26_mem,correction_paired_result.txt,correction,no,no position with disagreeing pairs
mayo,decode,loadStoreSkip/decode_line26_mem,ineffective_paired_result.txt,ineffective,no,no position with disagreeing pairs
mayo,ef_pack_m_vec,binOpFault/ef_pack_m_vec_line10_opA,correction_paired_result.txt,correction,no,no position with disagreeing pairs
mayo,ef_pack_m_vec,binOpFault/ef_pack_m_vec_line10_opA,ineffective_paired_result.txt,ineffective,yes,pos 0: 56/240 pairs disagree
mayo,ef_pack_m_vec,binOpFault/ef_pack_m_vec_line10_opB,correction_paired_result.txt,correction,no,no position with disagreeing pairs
mayo,ef_pack_m_vec,binOpFault/ef_pack_m_vec_line10_opB,ineffective_paired_result.txt,ineffective,no,no position with disagreeing pairs
mayo,ef_pack_m_vec,binOpFault/ef_pack_m_vec_line10_undef,correction_paired_result.txt,correction,no,no position with disagreeing pairs
mayo,ef_pack_m_vec,binOpFault/ef_pack_m_vec_line10_undef,ineffective_paired_result.txt,ineffective,yes,pos 0: 30/240 pairs disagree
mayo,ef_pack_m_vec,binOpFault/ef_pack_m_vec_line10_zero,correction_paired_result.txt,correction,no,no position with disagreeing pairs
mayo,ef_pack_m_vec,binOpFault/ef_pack_m_vec_line10_zero,ineffective_paired_result.txt,ineffective,no,no position with disagreeing pairs
mayo,ef_pack_m_vec,binOpFault/ef_pack_m_vec_line11_opA,correction_paired_result.txt,correction,yes,pos 0: 15/16 secret values with y1 = y2 xor alpha
mayo,ef_pack_m_vec,binOpFault/ef_pack_m_vec_line11_opA,ineffective_paired_result.txt,ineffective,yes,pos 0: 30/240 pairs disagree
mayo,ef_pack_m_vec,binOpFault/ef_pack_m_vec_line11_opB,correction_paired_result.txt,correction,no,no position with disagreeing pairs
mayo,ef_pack_m_vec,binOpFault/ef_pack_m_vec_line11_opB,ineffective_paired_result.txt,ineffective,no,no position with disagreeing pairs
mayo,ef_pack_m_vec,binOpFault/ef_pack_m_vec_line11_undef,correction_paired_result.txt,correction,no,no position with disagreeing pairs
mayo,ef_pack_m_vec,binOpFault/ef_pack_m_vec_line11_undef,ineffective_paired_result.txt,ineffective,yes,pos 0: 30/240 pairs disagree
mayo,ef_pack_m_vec,binOpFault/ef_pack_m_vec_line11_zero,correction_paired_result.txt,correction,no,no position with disagreeing pairs
mayo,ef_pack_m_vec,binOpFault/ef_pack_m_vec_line11_zero,ineffective_paired_result.txt,ineffective,yes,pos 0: 30/240 pairs disagree
mayo,ef_pack_m_vec,loadStoreSkip/ef_pack_m_vec_line14_mem,correction_paired_result.txt,correction,no,no position with disagreeing pairs
mayo,ef_pack_m_vec,loadStoreSkip/ef_pack_m_vec_line14_mem,ineffective_paired_result.txt,ineffective,yes,pos 0: 30/240 pairs disagree
mayo,ef_pack_m_vec,loadStoreSkip/ef_pack_m_vec_line22_mem,correction_paired_result.txt,correction,no,no position with disagreeing pairs
mayo,ef_pack_m_vec,loadStoreSkip/ef_pack_m_vec_line22_mem,ineffective_paired_result.txt,ineffective,no,no position with disagreeing pairs
mayo,ef_pack_m_vec,loadStoreSkip/ef_pack_m_vec_line25_mem,correction_paired_result.txt,correction,no,no position with disagreeing pairs
mayo,ef_pack_m_vec,loadStoreSkip/ef_pack_m_vec_line25_mem,ineffective_paired_result.txt,ineffective,no,no position with disagreeing pairs
mayo,ef_pack_m_vec,loadStoreSkip/ef_pack_m_vec_line6_mem,correction_paired_result.txt,correction,yes,pos 0: 15/16 secret values with y1 = y2 xor alpha
mayo,ef_pack_m_vec,loadStoreSkip/ef_pack_m_vec_line6_mem,ineffective_paired_result.txt,ineffective,yes,pos 0: 30/240 pairs disagree
mayo,ef_pack_m_vec,loadStoreSkip/ef_pack_m_vec_line9_mem,correction_paired_result.txt,correction,no,no position with disagreeing pairs
mayo,ef_pack_m_vec,loadStoreSkip/ef_pack_m_vec_line9_mem,ineffective_paired_result.txt,ineffective,no,no position with disagreeing pairs
mayo,inverse_f,loopOrFuncSkip/inverse_f_fnSkip_mul_f.23_line0,correction_paired_result.txt,correction,yes,pos 0: 14/16 secret values with y1 = y2 xor alpha
mayo,inverse_f,loopOrFuncSkip/inverse_f_fnSkip_mul_f.23_line0,ineffective_paired_result.txt,ineffective,yes,pos 0: 56/240 pairs disagree
mayo,inverse_f,loopOrFuncSkip/inverse_f_fnSkip_mul_f.23_line1,correction_paired_result.txt,correction,yes,pos 0: 12/16 secret values with y1 = y2 xor alpha
mayo,inverse_f,loopOrFuncSkip/inverse_f_fnSkip_mul_f.23_line1,ineffective_paired_result.txt,ineffective,yes,pos 0: 96/240 pairs disagree
mayo,inverse_f,loopOrFuncSkip/inverse_f_fnSkip_mul_f.23_line2,correction_paired_result.txt,correction,yes,pos 0: 14/16 secret values with y1 = y2 xor alpha
mayo,inverse_f,loopOrFuncSkip/inverse_f_fnSkip_mul_f.23_line2,ineffective_paired_result.txt,ineffective,yes,pos 0: 56/240 pairs disagree
mayo,inverse_f,loopOrFuncSkip/inverse_f_fnSkip_mul_f.23_line3,correction_paired_result.txt,correction,yes,pos 0: 14/16 secret values with y1 = y2 xor alpha
mayo,inverse_f,loopOrFuncSkip/inverse_f_fnSkip_mul_f.23_line3,ineffective_paired_result.txt,ineffective,yes,pos 0: 56/240 pairs disagree
mayo,inverse_f,loopOrFuncSkip/inverse_f_fnSkip_mul_f.23_line4,correction_paired_result.txt,correction,yes,pos 0: 12/16 secret values with y1 = y2 xor alpha
mayo,inverse_f,loopOrFuncSkip/inverse_f_fnSkip_mul_f.23_line4,ineffective_paired_result.txt,ineffective,yes,pos 0: 96/240 pairs disagree
mayo,lincomb,loadStoreSkip/lincomb_line7_mem,correction_paired_result.txt,correction,no,no position with disagreeing pairs
mayo,lincomb,loadStoreSkip/lincomb_line7_mem,ineffective_paired_result.txt,ineffective,yes,pos 0: 30/240 pairs disagree
mayo,lincomb,loadStoreSkip/lincomb_line8_mem,correction_paired_result.txt,correction,no,no position with disagreeing pairs
mayo,lincomb,loadStoreSkip/lincomb_line8_mem,ineffective_paired_result.txt,ineffective,yes,pos 0: 30/240 pairs disagree
mayo,lincomb,loopOrFuncSkip/lincomb_fnSkip_add_f_line10,correction_paired_result.txt,correction,no,no position with disagreeing pairs
mayo,lincomb,loopOrFuncSkip/lincomb_fnSkip_add_f_line10,ineffective_paired_result.txt,ineffective,no,no position with disagreeing pairs
mayo,lincomb,loopOrFuncSkip/lincomb_fnSkip_mul_f_line9,correction_paired_result.txt,correction,no,no position with disagreeing pairs
mayo,lincomb,loopOrFuncSkip/lincomb_fnSkip_mul_f_line9,ineffective_paired_result.txt,ineffective,yes,pos 0: 30/240 pairs disagree
mayo,m_calculate_PS_SPS,loopOrFuncSkip/m_calculate_PS_SPS_fnSkip_mayo_generic_m_calculate_PS_line2,correction_paired_result.txt,correction,yes,pos 238: 1/16 secret values with y1 = y2 xor alpha (+1 more position(s))
mayo,m_calculate_PS_SPS,loopOrFuncSkip/m_calculate_PS_SPS_fnSkip_mayo_generic_m_calculate_PS_line2,ineffective_paired_result.txt,ineffective,yes,pos 0: 56/240 pairs disagree (+400 more position(s))
mayo,m_calculate_PS_SPS,loopOrFuncSkip/m_calculate_PS_SPS_fnSkip_mayo_generic_m_calculate_SPS_line3,correction_paired_result.txt,correction,yes,pos 238: 1/16 secret values with y1 = y2 xor alpha (+1 more position(s))
mayo,m_calculate_PS_SPS,loopOrFuncSkip/m_calculate_PS_SPS_fnSkip_mayo_generic_m_calculate_SPS_line3,ineffective_paired_result.txt,ineffective,yes,pos 0: 56/240 pairs disagree (+400 more position(s))
mayo,m_calculate_PS_SPS,loopOrFuncSkip/m_calculate_PS_SPS_fnSkip_mayo_memset_line1,correction_paired_result.txt,correction,no,no position with disagreeing pairs
mayo,m_calculate_PS_SPS,loopOrFuncSkip/m_calculate_PS_SPS_fnSkip_mayo_memset_line1,ineffective_paired_result.txt,ineffective,no,no position with disagreeing pairs
mayo,m_vec_add,binOpFault/m_vec_add_line8_opA,correction_paired_result.txt,correction,yes,pos 0: 15/16 secret values with y1 = y2 xor alpha
mayo,m_vec_add,binOpFault/m_vec_add_line8_opA,ineffective_paired_result.txt,ineffective,yes,pos 0: 30/240 pairs disagree
mayo,m_vec_add,binOpFault/m_vec_add_line8_opB,correction_paired_result.txt,correction,no,no position with disagreeing pairs
mayo,m_vec_add,binOpFault/m_vec_add_line8_opB,ineffective_paired_result.txt,ineffective,no,no position with disagreeing pairs
mayo,m_vec_add,binOpFault/m_vec_add_line8_undef,correction_paired_result.txt,correction,yes,pos 0: 15/16 secret values with y1 = y2 xor alpha
mayo,m_vec_add,binOpFault/m_vec_add_line8_undef,ineffective_paired_result.txt,ineffective,yes,pos 0: 30/240 pairs disagree
mayo,m_vec_add,binOpFault/m_vec_add_line8_zero,correction_paired_result.txt,correction,yes,pos 0: 15/16 secret values with y1 = y2 xor alpha
mayo,m_vec_add,binOpFault/m_vec_add_line8_zero,ineffective_paired_result.txt,ineffective,yes,pos 0: 30/240 pairs disagree
mayo,m_vec_add,loadStoreSkip/m_vec_add_line5_mem,correction_paired_result.txt,correction,yes,pos 0: 15/16 secret values with y1 = y2 xor alpha
mayo,m_vec_add,loadStoreSkip/m_vec_add_line5_mem,ineffective_paired_result.txt,ineffective,yes,pos 0: 30/240 pairs disagree
mayo,m_vec_add,loadStoreSkip/m_vec_add_line7_mem,correction_paired_result.txt,correction,no,no position with disagreeing pairs
mayo,m_vec_add,loadStoreSkip/m_vec_add_line7_mem,ineffective_paired_result.txt,ineffective,no,no position with disagreeing pairs
mayo,m_vec_add,loadStoreSkip/m_vec_add_line9_mem,correction_paired_result.txt,correction,no,no position with disagreeing pairs
mayo,m_vec_add,loadStoreSkip/m_vec_add_line9_mem,ineffective_paired_result.txt,ineffective,no,no position with disagreeing pairs
mayo,m_vec_mul_add,binOpFault/m_vec_mul_add_line10_opA,correction_paired_result.txt,correction,no,no position with disagreeing pairs
mayo,m_vec_mul_add,binOpFault/m_vec_mul_add_line10_opA,ineffective_paired_result.txt,ineffective,yes,pos 0: 128/240 pairs disagree
mayo,m_vec_mul_add,binOpFault/m_vec_mul_add_line10_opB,correction_paired_result.txt,correction,no,no position with disagreeing pairs
mayo,m_vec_mul_add,binOpFault/m_vec_mul_add_line10_opB,ineffective_paired_result.txt,ineffective,yes,pos 0: 128/240 pairs disagree
mayo,m_vec_mul_add,binOpFault/m_vec_mul_add_line10_undef,correction_paired_result.txt,correction,no,no position with disagreeing pairs
mayo,m_vec_mul_add,binOpFault/m_vec_mul_add_line10_undef,ineffective_paired_result.txt,ineffective,yes,pos 0: 30/240 pairs disagree
mayo,m_vec_mul_add,binOpFault/m_vec_mul_add_line10_zero,correction_paired_result.txt,correction,no,no position with disagreeing pairs
mayo,m_vec_mul_add,binOpFault/m_vec_mul_add_line10_zero,ineffective_paired_result.txt,ineffective,yes,pos 0: 128/240 pairs disagree
mayo,m_vec_mul_add,binOpFault/m_vec_mul_add_line13_opA,correction_paired_result.txt,correction,no,no position with disagreeing pairs
mayo,m_vec_mul_add,binOpFault/m_vec_mul_add_line13_opA,ineffective_paired_result.txt,ineffective,yes,pos 0: 128/240 pairs disagree
mayo,m_vec_mul_add,binOpFault/m_vec_mul_add_line13_opB,correction_paired_result.txt,correction,no,no position with disagreeing pairs
mayo,m_vec_mul_add,binOpFault/m_vec_mul_add_line13_opB,ineffective_paired_result.txt,ineffective,yes,pos 0: 128/240 pairs disagree
mayo,m_vec_mul_add,binOpFault/m_vec_mul_add_line13_undef,correction_paired_result.txt,correction,no,no position with disagreeing pairs
mayo,m_vec_mul_add,binOpFault/m_vec_mul_add_line13_undef,ineffective_paired_result.txt,ineffective,yes,pos 0: 128/240 pairs disagree
mayo,m_vec_mul_add,binOpFault/m_vec_mul_add_line13_zero,correction_paired_result.txt,correction,no,no position with disagreeing pairs
mayo,m_vec_mul_add,binOpFault/m_vec_mul_add_line13_zero,ineffective_paired_result.txt,ineffective,yes,pos 0: 128/240 pairs disagree
mayo,m_vec_mul_add,binOpFault/m_vec_mul_add_line14_opA,correction_paired_result.txt,correction,no,no position with disagreeing pairs
mayo,m_vec_mul_add,binOpFault/m_vec_mul_add_line14_opA,ineffective_paired_result.txt,ineffective,yes,pos 0: 128/240 pairs disagree
mayo,m_vec_mul_add,binOpFault/m_vec_mul_add_line14_opB,correction_paired_result.txt,correction,no,no position with disagreeing pairs
mayo,m_vec_mul_add,binOpFault/m_vec_mul_add_line14_opB,ineffective_paired_result.txt,ineffective,yes,pos 0: 128/240 pairs disagree
mayo,m_vec_mul_add,binOpFault/m_vec_mul_add_line14_undef,correction_paired_result.txt,correction,no,no position with disagreeing pairs
mayo,m_vec_mul_add,binOpFault/m_vec_mul_add_line14_undef,ineffective_paired_result.txt,ineffective,yes,pos 0: 128/240 pairs disagree
mayo,m_vec_mul_add,binOpFault/m_vec_mul_add_line14_zero,correction_paired_result.txt,correction,no,no position with disagreeing pairs
mayo,m_vec_mul_add,binOpFault/m_vec_mul_add_line14_zero,ineffective_paired_result.txt,ineffective,yes,pos 0: 128/240 pairs disagree
mayo,m_vec_mul_add,binOpFault/m_vec_mul_add_line16_opA,correction_paired_result.txt,correction,no,no position with disagreeing pairs
mayo,m_vec_mul_add,binOpFault/m_vec_mul_add_line16_opA,ineffective_paired_result.txt,ineffective,yes,pos 0: 128/240 pairs disagree
mayo,m_vec_mul_add,binOpFault/m_vec_mul_add_line16_opB,correction_paired_result.txt,correction,no,no position with disagreeing pairs
mayo,m_vec_mul_add,binOpFault/m_vec_mul_add_line16_opB,ineffective_paired_result.txt,ineffective,yes,pos 0: 128/240 pairs disagree
mayo,m_vec_mul_add,binOpFault/m_vec_mul_add_line16_undef,correction_paired_result.txt,correction,no,no position with disagreeing pairs
mayo,m_vec_mul_add,binOpFault/m_vec_mul_add_line16_undef,ineffective_paired_result.txt,ineffective,yes,pos 0: 30/240 pairs disagree
mayo,m_vec_mul_add,binOpFault/m_vec_mul_add_line16_zero,correction_paired_result.txt,correction,no,no position with disagreeing pairs
mayo,m_vec_mul_add,binOpFault/m_vec_mul_add_line16_zero,ineffective_paired_result.txt,ineffective,yes,pos 0: 128/240 pairs disagree
mayo,m_vec_mul_add,binOpFault/m_vec_mul_add_line17_opA,correction_paired_result.txt,correction,no,no position with disagreeing pairs
mayo,m_vec_mul_add,binOpFault/m_vec_mul_add_line17_opA,ineffective_paired_result.txt,ineffective,yes,pos 0: 128/240 pairs disagree
mayo,m_vec_mul_add,binOpFault/m_vec_mul_add_line17_opB,correction_paired_result.txt,correction,no,no position with disagreeing pairs
mayo,m_vec_mul_add,binOpFault/m_vec_mul_add_line17_opB,ineffective_paired_result.txt,ineffective,yes,pos 0: 128/240 pairs disagree
mayo,m_vec_mul_add,binOpFault/m_vec_mul_add_line17_undef,correction_paired_result.txt,correction,no,no position with disagreeing pairs
mayo,m_vec_mul_add,binOpFault/m_vec_mul_add_line17_undef,ineffective_paired_result.txt,ineffective,yes,pos 0: 30/240 pairs disagree
mayo,m_vec_mul_add,binOpFault/m_vec_mul_add_line17_zero,correction_paired_result.txt,correction,no,no position with disagreeing pairs
mayo,m_vec_mul_add,binOpFault/m_vec_mul_add_line17_zero,ineffective_paired_result.txt,ineffective,yes,pos 0: 96/240 pairs disagree
mayo,m_vec_mul_add,binOpFault/m_vec_mul_add_line22_opA,correction_paired_result.txt,correction,no,no position with disagreeing pairs
mayo,m_vec_mul_add,binOpFault/m_vec_mul_add_line22_opA,ineffective_paired_result.txt,ineffective,yes,pos 0: 128/240 pairs disagree
mayo,m_vec_mul_add,binOpFault/m_vec_mul_add_line22_opB,correction_paired_result.txt,correction,no,no position with disagreeing pairs
mayo,m_vec_mul_add,binOpFault/m_vec_mul_add_line22_opB,ineffective_paired_result.txt,ineffective,yes,pos 0: 128/240 pairs disagree
mayo,m_vec_mul_add,binOpFault/m_vec_mul_add_line22_undef,correction_paired_result.txt,correction,no,no position with disagreeing pairs
mayo,m_vec_mul_add,binOpFault/m_vec_mul_add_line22_undef,ineffective_paired_result.txt,ineffective,yes,pos 0: 128/240 pairs disagree
mayo,m_vec_mul_add,binOpFault/m_vec_mul_add_line22_zero,correction_paired_result.txt,correction,no,no position with disagreeing pairs
mayo,m_vec_mul_add,binOpFault/m_vec_mul_add_line22_zero,ineffective_paired_result.txt,ineffective,yes,pos 0: 128/240 pairs disagree
mayo,m_vec_mul_add,binOpFault/m_vec_mul_add_line23_opA,correction_paired_result.txt,correction,no,no position with disagreeing pairs
mayo,m_vec_mul_add,binOpFault/m_vec_mul_add_line23_opA,ineffective_paired_result.txt,ineffective,yes,pos 0: 128/240 pairs disagree
mayo,m_vec_mul_add,binOpFault/m_vec_mul_add_line23_opB,correction_paired_result.txt,correction,no,no position with disagreeing pairs
mayo,m_vec_mul_add,binOpFault/m_vec_mul_add_line23_opB,ineffective_paired_result.txt,ineffective,yes,pos 0: 128/240 pairs disagree
mayo,m_vec_mul_add,binOpFault/m_vec_mul_add_line23_undef,correction_paired_result.txt,correction,no,no position with disagreeing pairs
mayo,m_vec_mul_add,binOpFault/m_vec_mul_add_line23_undef,ineffective_paired_result.txt,ineffective,yes,pos 0: 128/240 pairs disagree
mayo,m_vec_mul_add,binOpFault/m_vec_mul_add_line23_zero,correction_paired_result.txt,correction,no,no position with disagreeing pairs
mayo,m_vec_mul_add,binOpFault/m_vec_mul_add_line23_zero,ineffective_paired_result.txt,ineffective,yes,pos 0: 128/240 pairs disagree
mayo,m_vec_mul_add,binOpFault/m_vec_mul_add_line25_opA,correction_paired_result.txt,correction,no,no position with disagreeing pairs
mayo,m_vec_mul_add,binOpFault/m_vec_mul_add_line25_opA,ineffective_paired_result.txt,ineffective,yes,pos 0: 128/240 pairs disagree
mayo,m_vec_mul_add,binOpFault/m_vec_mul_add_line25_opB,correction_paired_result.txt,correction,no,no position with disagreeing pairs
mayo,m_vec_mul_add,binOpFault/m_vec_mul_add_line25_opB,ineffective_paired_result.txt,ineffective,yes,pos 0: 128/240 pairs disagree
mayo,m_vec_mul_add,binOpFault/m_vec_mul_add_line25_undef,correction_paired_result.txt,correction,no,no position with disagreeing pairs
mayo,m_vec_mul_add,binOpFault/m_vec_mul_add_line25_undef,ineffective_paired_result.txt,ineffective,yes,pos 0: 30/240 pairs disagree
mayo,m_vec_mul_add,binOpFault/m_vec_mul_add_line25_zero,correction_paired_result.txt,correction,no,no position with disagreeing pairs
mayo,m_vec_mul_add,binOpFault/m_vec_mul_add_line25_zero,ineffective_paired_result.txt,ineffective,yes,pos 0: 128/240 pairs disagree
mayo,m_vec_mul_add,binOpFault/m_vec_mul_add_line26_opA,correction_paired_result.txt,correction,no,no position with disagreeing pairs
mayo,m_vec_mul_add,binOpFault/m_vec_mul_add_line26_opA,ineffective_paired_result.txt,ineffective,yes,pos 0: 128/240 pairs disagree
mayo,m_vec_mul_add,binOpFault/m_vec_mul_add_line26_opB,correction_paired_result.txt,correction,no,no position with disagreeing pairs
mayo,m_vec_mul_add,binOpFault/m_vec_mul_add_line26_opB,ineffective_paired_result.txt,ineffective,yes,pos 0: 96/240 pairs disagree
mayo,m_vec_mul_add,binOpFault/m_vec_mul_add_line26_undef,correction_paired_result.txt,correction,no,no position with disagreeing pairs
mayo,m_vec_mul_add,binOpFault/m_vec_mul_add_line26_undef,ineffective_paired_result.txt,ineffective,yes,pos 0: 30/240 pairs disagree
mayo,m_vec_mul_add,binOpFault/m_vec_mul_add_line26_zero,correction_paired_result.txt,correction,no,no position with disagreeing pairs
mayo,m_vec_mul_add,binOpFault/m_vec_mul_add_line26_zero,ineffective_paired_result.txt,ineffective,yes,pos 0: 56/240 pairs disagree
mayo,m_vec_mul_add,binOpFault/m_vec_mul_add_line31_opA,correction_paired_result.txt,correction,no,no position with disagreeing pairs
mayo,m_vec_mul_add,binOpFault/m_vec_mul_add_line31_opA,ineffective_paired_result.txt,ineffective,yes,pos 0: 128/240 pairs disagree
mayo,m_vec_mul_add,binOpFault/m_vec_mul_add_line31_opB,correction_paired_result.txt,correction,no,no position with disagreeing pairs
mayo,m_vec_mul_add,binOpFault/m_vec_mul_add_line31_opB,ineffective_paired_result.txt,ineffective,yes,pos 0: 128/240 pairs disagree
mayo,m_vec_mul_add,binOpFault/m_vec_mul_add_line31_undef,correction_paired_result.txt,correction,no,no position with disagreeing pairs
mayo,m_vec_mul_add,binOpFault/m_vec_mul_add_line31_undef,ineffective_paired_result.txt,ineffective,yes,pos 0: 128/240 pairs disagree
mayo,m_vec_mul_add,binOpFault/m_vec_mul_add_line31_zero,correction_paired_result.txt,correction,no,no position with disagreeing pairs
mayo,m_vec_mul_add,binOpFault/m_vec_mul_add_line31_zero,ineffective_paired_result.txt,ineffective,yes,pos 0: 128/240 pairs disagree
mayo,m_vec_mul_add,binOpFault/m_vec_mul_add_line32_opA,correction_paired_result.txt,correction,no,no position with disagreeing pairs
mayo,m_vec_mul_add,binOpFault/m_vec_mul_add_line32_opA,ineffective_paired_result.txt,ineffective,yes,pos 0: 128/240 pairs disagree
mayo,m_vec_mul_add,binOpFault/m_vec_mul_add_line32_opB,correction_paired_result.txt,correction,no,no position with disagreeing pairs
mayo,m_vec_mul_add,binOpFault/m_vec_mul_add_line32_opB,ineffective_paired_result.txt,ineffective,yes,pos 0: 128/240 pairs disagree
mayo,m_vec_mul_add,binOpFault/m_vec_mul_add_line32_undef,correction_paired_result.txt,correction,no,no position with disagreeing pairs
mayo,m_vec_mul_add,binOpFault/m_vec_mul_add_line32_undef,ineffective_paired_result.txt,ineffective,yes,pos 0: 128/240 pairs disagree
mayo,m_vec_mul_add,binOpFault/m_vec_mul_add_line32_zero,correction_paired_result.txt,correction,no,no position with disagreeing pairs
mayo,m_vec_mul_add,binOpFault/m_vec_mul_add_line32_zero,ineffective_paired_result.txt,ineffective,yes,pos 0: 128/240 pairs disagree
mayo,m_vec_mul_add,binOpFault/m_vec_mul_add_line34_opA,correction_paired_result.txt,correction,no,no position with disagreeing pairs
mayo,m_vec_mul_add,binOpFault/m_vec_mul_add_line34_opA,ineffective_paired_result.txt,ineffective,yes,pos 0: 128/240 pairs disagree
mayo,m_vec_mul_add,binOpFault/m_vec_mul_add_line34_opB,correction_paired_result.txt,correction,no,no position with disagreeing pairs
mayo,m_vec_mul_add,binOpFault/m_vec_mul_add_line34_opB,ineffective_paired_result.txt,ineffective,yes,pos 0: 128/240 pairs disagree
mayo,m_vec_mul_add,binOpFault/m_vec_mul_add_line34_undef,correction_paired_result.txt,correction,no,no position with disagreeing pairs
mayo,m_vec_mul_add,binOpFault/m_vec_mul_add_line34_undef,ineffective_paired_result.txt,ineffective,yes,pos 0: 30/240 pairs disagree
mayo,m_vec_mul_add,binOpFault/m_vec_mul_add_line34_zero,correction_paired_result.txt,correction,no,no position with disagreeing pairs
mayo,m_vec_mul_add,binOpFault/m_vec_mul_add_line34_zero,ineffective_paired_result.txt,ineffective,yes,pos 0: 128/240 pairs disagree
mayo,m_vec_mul_add,binOpFault/m_vec_mul_add_line35_opA,correction_paired_result.txt,correction,no,no position with disagreeing pairs
mayo,m_vec_mul_add,binOpFault/m_vec_mul_add_line35_opA,ineffective_paired_result.txt,ineffective,yes,pos 0: 128/240 pairs disagree
mayo,m_vec_mul_add,binOpFault/m_vec_mul_add_line35_opB,correction_paired_result.txt,correction,no,no position with disagreeing pairs
mayo,m_vec_mul_add,binOpFault/m_vec_mul_add_line35_opB,ineffective_paired_result.txt,ineffective,yes,pos 0: 56/240 pairs disagree
mayo,m_vec_mul_add,binOpFault/m_vec_mul_add_line35_undef,correction_paired_result.txt,correction,no,no position with disagreeing pairs
mayo,m_vec_mul_add,binOpFault/m_vec_mul_add_line35_undef,ineffective_paired_result.txt,ineffective,yes,pos 0: 30/240 pairs disagree
mayo,m_vec_mul_add,binOpFault/m_vec_mul_add_line35_zero,correction_paired_result.txt,correction,no,no position with disagreeing pairs
mayo,m_vec_mul_add,binOpFault/m_vec_mul_add_line35_zero,ineffective_paired_result.txt,ineffective,yes,pos 0: 30/240 pairs disagree
mayo,m_vec_mul_add,binOpFault/m_vec_mul_add_line38_opA,correction_paired_result.txt,correction,no,no position with disagreeing pairs
mayo,m_vec_mul_add,binOpFault/m_vec_mul_add_line38_opA,ineffective_paired_result.txt,ineffective,yes,pos 0: 30/240 pairs disagree
mayo,m_vec_mul_add,binOpFault/m_vec_mul_add_line38_opB,correction_paired_result.txt,correction,no,no position with disagreeing pairs
mayo,m_vec_mul_add,binOpFault/m_vec_mul_add_line38_opB,ineffective_paired_result.txt,ineffective,no,no position with disagreeing pairs
mayo,m_vec_mul_add,binOpFault/m_vec_mul_add_line38_undef,correction_paired_result.txt,correction,no,no position with disagreeing pairs
mayo,m_vec_mul_add,binOpFault/m_vec_mul_add_line38_undef,ineffective_paired_result.txt,ineffective,yes,pos 0: 30/240 pairs disagree
mayo,m_vec_mul_add,binOpFault/m_vec_mul_add_line38_zero,correction_paired_result.txt,correction,no,no position with disagreeing pairs
mayo,m_vec_mul_add,binOpFault/m_vec_mul_add_line38_zero,ineffective_paired_result.txt,ineffective,yes,pos 0: 30/240 pairs disagree
mayo,m_vec_mul_add,binOpFault/m_vec_mul_add_line8_opA,correction_paired_result.txt,correction,no,no position with disagreeing pairs
mayo,m_vec_mul_add,binOpFault/m_vec_mul_add_line8_opA,ineffective_paired_result.txt,ineffective,yes,pos 0: 128/240 pairs disagree
mayo,m_vec_mul_add,binOpFault/m_vec_mul_add_line8_opB,correction_paired_result.txt,correction,no,no position with disagreeing pairs
mayo,m_vec_mul_add,binOpFault/m_vec_mul_add_line8_opB,ineffective_paired_result.txt,ineffective,yes,pos 0: 128/240 pairs disagree
mayo,m_vec_mul_add,binOpFault/m_vec_mul_add_line8_undef,correction_paired_result.txt,correction,no,no position with disagreeing pairs
mayo,m_vec_mul_add,binOpFault/m_vec_mul_add_line8_undef,ineffective_paired_result.txt,ineffective,yes,pos 0: 128/240 pairs disagree
mayo,m_vec_mul_add,binOpFault/m_vec_mul_add_line8_zero,correction_paired_result.txt,correction,no,no position with disagreeing pairs
mayo,m_vec_mul_add,binOpFault/m_vec_mul_add_line8_zero,ineffective_paired_result.txt,ineffective,yes,pos 0: 128/240 pairs disagree
mayo,m_vec_mul_add,loadStoreSkip/m_vec_mul_add_line37_mem,correction_paired_result.txt,correction,no,no position with disagreeing pairs
mayo,m_vec_mul_add,loadStoreSkip/m_vec_mul_add_line37_mem,ineffective_paired_result.txt,ineffective,no,no position with disagreeing pairs
mayo,m_vec_mul_add,loadStoreSkip/m_vec_mul_add_line39_mem,correction_paired_result.txt,correction,no,no position with disagreeing pairs
mayo,m_vec_mul_add,loadStoreSkip/m_vec_mul_add_line39_mem,ineffective_paired_result.txt,ineffective,no,no position with disagreeing pairs
mayo,m_vec_mul_add,loopOrFuncSkip/m_vec_mul_add_fnSkip_mul_table_line0,correction_paired_result.txt,correction,no,no position with disagreeing pairs
mayo,m_vec_mul_add,loopOrFuncSkip/m_vec_mul_add_fnSkip_mul_table_line0,ineffective_paired_result.txt,ineffective,yes,pos 0: 30/240 pairs disagree
mayo,mat_add,loadStoreSkip/mat_add_line10_mem,correction_paired_result.txt,correction,no,no position with disagreeing pairs
mayo,mat_add,loadStoreSkip/mat_add_line10_mem,ineffective_paired_result.txt,ineffective,yes,pos 0: 30/240 pairs disagree
mayo,mat_add,loadStoreSkip/mat_add_line5_mem,correction_paired_result.txt,correction,no,no position with disagreeing pairs
mayo,mat_add,loadStoreSkip/mat_add_line5_mem,ineffective_paired_result.txt,ineffective,no,no position with disagreeing pairs
mayo,mat_add,loadStoreSkip/mat_add_line7_mem,correction_paired_result.txt,correction,yes,pos 0: 15/16 secret values with y1 = y2 xor alpha
mayo,mat_add,loadStoreSkip/mat_add_line7_mem,ineffective_paired_result.txt,ineffective,yes,pos 0: 30/240 pairs disagree
mayo,mat_add,loopOrFuncSkip/mat_add_fnSkip_add_f_line8,correction_paired_result.txt,correction,yes,pos 0: 15/16 secret values with y1 = y2 xor alpha
mayo,mat_add,loopOrFuncSkip/mat_add_fnSkip_add_f_line8,ineffective_paired_result.txt,ineffective,yes,pos 0: 30/240 pairs disagree
mayo,mat_mul,loadStoreSkip/mat_mul_line11_mem,correction_paired_result.txt,correction,no,no position with disagreeing pairs
mayo,mat_mul,loadStoreSkip/mat_mul_line11_mem,ineffective_paired_result.txt,ineffective,yes,pos 0: 30/240 pairs disagree
mayo,mat_mul,loopOrFuncSkip/mat_mul_fnSkip_lincomb_line10,correction_paired_result.txt,correction,no,no position with disagreeing pairs
mayo,mat_mul,loopOrFuncSkip/mat_mul_fnSkip_lincomb_line10,ineffective_paired_result.txt,ineffective,yes,pos 0: 30/240 pairs disagree
mayo,mul_add_m_upper_triangular_mat_x_mat,loadStoreSkip/mul_add_m_upper_triangular_mat_x_mat_line21_mem,correction_paired_result.txt,correction,yes,pos 130: 16/16 secret values with y1 = y2 xor alpha
mayo,mul_add_m_upper_triangular_mat_x_mat,loadStoreSkip/mul_add_m_upper_triangular_mat_x_mat_line21_mem,ineffective_paired_result.txt,ineffective,yes,pos 0: 30/240 pairs disagree (+37 more position(s))
mayo,mul_add_m_upper_triangular_mat_x_mat,loopOrFuncSkip/mul_add_m_upper_triangular_mat_x_mat_fnSkip_m_vec_mul_add_line26,correction_paired_result.txt,correction,yes,pos 130: 16/16 secret values with y1 = y2 xor alpha
mayo,mul_add_m_upper_triangular_mat_x_mat,loopOrFuncSkip/mul_add_m_upper_triangular_mat_x_mat_fnSkip_m_vec_mul_add_line26,ineffective_paired_result.txt,ineffective,yes,pos 0: 30/240 pairs disagree (+37 more position(s))
mayo,mul_add_m_upper_triangular_mat_x_mat_trans,loadStoreSkip/mul_add_m_upper_triangular_mat_x_mat_trans_line21_mem,correction_paired_result.txt,correction,yes,pos 9: 1/16 secret values with y1 = y2 xor alpha (+1 more position(s))
mayo,mul_add_m_upper_triangular_mat_x_mat_trans,loadStoreSkip/mul_add_m_upper_triangular_mat_x_mat_trans_line21_mem,ineffective_paired_result.txt,ineffective,yes,pos 0: 30/240 pairs disagree (+37 more position(s))
mayo,mul_add_m_upper_triangular_mat_x_mat_trans,loopOrFuncSkip/mul_add_m_upper_triangular_mat_x_mat_trans_fnSkip_m_vec_mul_add_line26,correction_paired_result.txt,correction,yes,pos 9: 1/16 secret values with y1 = y2 xor alpha (+1 more position(s))
mayo,mul_add_m_upper_triangular_mat_x_mat_trans,loopOrFuncSkip/mul_add_m_upper_triangular_mat_x_mat_trans_fnSkip_m_vec_mul_add_line26,ineffective_paired_result.txt,ineffective,yes,pos 0: 30/240 pairs disagree (+37 more position(s))
mayo,mul_add_mat_trans_x_m_mat,loadStoreSkip/mul_add_mat_trans_x_m_mat_line19_mem,correction_paired_result.txt,correction,no,no position with disagreeing pairs
mayo,mul_add_mat_trans_x_m_mat,loadStoreSkip/mul_add_mat_trans_x_m_mat_line19_mem,ineffective_paired_result.txt,ineffective,yes,pos 0: 30/240 pairs disagree (+297 more position(s))
mayo,mul_add_mat_trans_x_m_mat,loopOrFuncSkip/mul_add_mat_trans_x_m_mat_fnSkip_m_vec_mul_add_line24,correction_paired_result.txt,correction,no,no position with disagreeing pairs
mayo,mul_add_mat_trans_x_m_mat,loopOrFuncSkip/mul_add_mat_trans_x_m_mat_fnSkip_m_vec_mul_add_line24,ineffective_paired_result.txt,ineffective,yes,pos 0: 30/240 pairs disagree (+297 more position(s))
mayo,mul_add_mat_x_m_mat,loadStoreSkip/mul_add_mat_x_m_mat_line19_mem,correction_paired_result.txt,correction,yes,pos 0: 240/240 pairs disagree (+294 more position(s))
mayo,mul_add_mat_x_m_mat,loadStoreSkip/mul_add_mat_x_m_mat_line19_mem,ineffective_paired_result.txt,ineffective,yes,pos 0: 30/240 pairs disagree (+294 more position(s))
mayo,mul_add_mat_x_m_mat,loopOrFuncSkip/mul_add_mat_x_m_mat_fnSkip_m_vec_mul_add_line24,correction_paired_result.txt,correction,yes,pos 0: 240/240 pairs disagree (+294 more position(s))
mayo,mul_add_mat_x_m_mat,loopOrFuncSkip/mul_add_mat_x_m_mat_fnSkip_m_vec_mul_add_line24,ineffective_paired_result.txt,ineffective,yes,pos 0: 30/240 pairs disagree (+294 more position(s))
mayo,mul_f,binOpFault/mul_f_line10_opA,correction_paired_result.txt,correction,no,no position with disagreeing pairs
mayo,mul_f,binOpFault/mul_f_line10_opA,ineffective_paired_result.txt,ineffective,yes,pos 0: 128/240 pairs disagree
mayo,mul_f,binOpFault/mul_f_line10_opB,correction_paired_result.txt,correction,no,no position with disagreeing pairs
mayo,mul_f,binOpFault/mul_f_line10_opB,ineffective_paired_result.txt,ineffective,yes,pos 0: 128/240 pairs disagree
mayo,mul_f,binOpFault/mul_f_line10_undef,correction_paired_result.txt,correction,no,no position with disagreeing pairs
mayo,mul_f,binOpFault/mul_f_line10_undef,ineffective_paired_result.txt,ineffective,yes,pos 0: 128/240 pairs disagree
mayo,mul_f,binOpFault/mul_f_line10_zero,correction_paired_result.txt,correction,no,no position with disagreeing pairs
mayo,mul_f,binOpFault/mul_f_line10_zero,ineffective_paired_result.txt,ineffective,yes,pos 0: 128/240 pairs disagree
mayo,mul_f,binOpFault/mul_f_line11_opA,correction_paired_result.txt,correction,no,no position with disagreeing pairs
mayo,mul_f,binOpFault/mul_f_line11_opA,ineffective_paired_result.txt,ineffective,yes,pos 0: 128/240 pairs disagree
mayo,mul_f,binOpFault/mul_f_line11_opB,correction_paired_result.txt,correction,no,no position with disagreeing pairs
mayo,mul_f,binOpFault/mul_f_line11_opB,ineffective_paired_result.txt,ineffective,yes,pos 0: 128/240 pairs disagree
mayo,mul_f,binOpFault/mul_f_line11_undef,correction_paired_result.txt,correction,no,no position with disagreeing pairs
mayo,mul_f,binOpFault/mul_f_line11_undef,ineffective_paired_result.txt,ineffective,yes,pos 0: 30/240 pairs disagree
mayo,mul_f,binOpFault/mul_f_line11_zero,correction_paired_result.txt,correction,no,no position with disagreeing pairs
mayo,mul_f,binOpFault/mul_f_line11_zero,ineffective_paired_result.txt,ineffective,yes,pos 0: 128/240 pairs disagree
mayo,mul_f,binOpFault/mul_f_line12_opA,correction_paired_result.txt,correction,no,no position with disagreeing pairs
mayo,mul_f,binOpFault/mul_f_line12_opA,ineffective_paired_result.txt,ineffective,yes,pos 0: 56/240 pairs disagree
mayo,mul_f,binOpFault/mul_f_line12_opB,correction_paired_result.txt,correction,no,no position with disagreeing pairs
mayo,mul_f,binOpFault/mul_f_line12_opB,ineffective_paired_result.txt,ineffective,yes,pos 0: 128/240 pairs disagree
mayo,mul_f,binOpFault/mul_f_line12_undef,correction_paired_result.txt,correction,no,no position with disagreeing pairs
mayo,mul_f,binOpFault/mul_f_line12_undef,ineffective_paired_result.txt,ineffective,yes,pos 0: 30/240 pairs disagree
mayo,mul_f,binOpFault/mul_f_line12_zero,correction_paired_result.txt,correction,no,no position with disagreeing pairs
mayo,mul_f,binOpFault/mul_f_line12_zero,ineffective_paired_result.txt,ineffective,yes,pos 0: 30/240 pairs disagree
mayo,mul_f,binOpFault/mul_f_line13_opA,correction_paired_result.txt,correction,no,no position with disagreeing pairs
mayo,mul_f,binOpFault/mul_f_line13_opA,ineffective_paired_result.txt,ineffective,yes,pos 0: 30/240 pairs disagree
mayo,mul_f,binOpFault/mul_f_line13_opB,correction_paired_result.txt,correction,no,no position with disagreeing pairs
mayo,mul_f,binOpFault/mul_f_line13_opB,ineffective_paired_result.txt,ineffective,yes,pos 0: 56/240 pairs disagree
mayo,mul_f,binOpFault/mul_f_line13_undef,correction_paired_result.txt,correction,no,no position with disagreeing pairs
mayo,mul_f,binOpFault/mul_f_line13_undef,ineffective_paired_result.txt,ineffective,yes,pos 0: 30/240 pairs disagree
mayo,mul_f,binOpFault/mul_f_line13_zero,correction_paired_result.txt,correction,no,no position with disagreeing pairs
mayo,mul_f,binOpFault/mul_f_line13_zero,ineffective_paired_result.txt,ineffective,yes,pos 0: 56/240 pairs disagree
mayo,mul_f,binOpFault/mul_f_line14_opA,correction_paired_result.txt,correction,yes,pos 0: 1/16 secret values with y1 = y2 xor alpha
mayo,mul_f,binOpFault/mul_f_line14_opA,ineffective_paired_result.txt,ineffective,yes,pos 0: 56/240 pairs disagree
mayo,mul_f,binOpFault/mul_f_line14_opB,correction_paired_result.txt,correction,no,no position with disagreeing pairs
mayo,mul_f,binOpFault/mul_f_line14_opB,ineffective_paired_result.txt,ineffective,yes,pos 0: 56/240 pairs disagree
mayo,mul_f,binOpFault/mul_f_line14_undef,correction_paired_result.txt,correction,no,no position with disagreeing pairs
mayo,mul_f,binOpFault/mul_f_line14_undef,ineffective_paired_result.txt,ineffective,yes,pos 0: 56/240 pairs disagree
mayo,mul_f,binOpFault/mul_f_line14_zero,correction_paired_result.txt,correction,no,no position with disagreeing pairs
mayo,mul_f,binOpFault/mul_f_line14_zero,ineffective_paired_result.txt,ineffective,yes,pos 0: 56/240 pairs disagree
mayo,mul_f,binOpFault/mul_f_line15_opA,correction_paired_result.txt,correction,yes,pos 0: 1/16 secret values with y1 = y2 xor alpha
mayo,mul_f,binOpFault/mul_f_line15_opA,ineffective_paired_result.txt,ineffective,yes,pos 0: 56/240 pairs disagree
mayo,mul_f,binOpFault/mul_f_line15_opB,correction_paired_result.txt,correction,no,no position with disagreeing pairs
mayo,mul_f,binOpFault/mul_f_line15_opB,ineffective_paired_result.txt,ineffective,yes,pos 0: 56/240 pairs disagree
mayo,mul_f,binOpFault/mul_f_line15_undef,correction_paired_result.txt,correction,no,no position with disagreeing pairs
mayo,mul_f,binOpFault/mul_f_line15_undef,ineffective_paired_result.txt,ineffective,yes,pos 0: 56/240 pairs disagree
mayo,mul_f,binOpFault/mul_f_line15_zero,correction_paired_result.txt,correction,no,no position with disagreeing pairs
mayo,mul_f,binOpFault/mul_f_line15_zero,ineffective_paired_result.txt,ineffective,yes,pos 0: 56/240 pairs disagree
mayo,mul_f,binOpFault/mul_f_line16_opA,correction_paired_result.txt,correction,no,no position with disagreeing pairs
mayo,mul_f,binOpFault/mul_f_line16_opA,ineffective_paired_result.txt,ineffective,yes,pos 0: 56/240 pairs disagree
mayo,mul_f,binOpFault/mul_f_line16_opB,correction_paired_result.txt,correction,no,no position with disagreeing pairs
mayo,mul_f,binOpFault/mul_f_line16_opB,ineffective_paired_result.txt,ineffective,yes,pos 0: 56/240 pairs disagree
mayo,mul_f,binOpFault/mul_f_line16_undef,correction_paired_result.txt,correction,no,no position with disagreeing pairs
mayo,mul_f,binOpFault/mul_f_line16_undef,ineffective_paired_result.txt,ineffective,yes,pos 0: 30/240 pairs disagree
mayo,mul_f,binOpFault/mul_f_line16_zero,correction_paired_result.txt,correction,no,no position with disagreeing pairs
mayo,mul_f,binOpFault/mul_f_line16_zero,ineffective_paired_result.txt,ineffective,yes,pos 0: 56/240 pairs disagree
mayo,mul_f,binOpFault/mul_f_line17_opA,correction_paired_result.txt,correction,no,no position with disagreeing pairs
mayo,mul_f,binOpFault/mul_f_line17_opA,ineffective_paired_result.txt,ineffective,yes,pos 0: 30/240 pairs disagree
mayo,mul_f,binOpFault/mul_f_line17_opB,correction_paired_result.txt,correction,no,no position with disagreeing pairs
mayo,mul_f,binOpFault/mul_f_line17_opB,ineffective_paired_result.txt,ineffective,yes,pos 0: 30/240 pairs disagree
mayo,mul_f,binOpFault/mul_f_line17_undef,correction_paired_result.txt,correction,no,no position with disagreeing pairs
mayo,mul_f,binOpFault/mul_f_line17_undef,ineffective_paired_result.txt,ineffective,yes,pos 0: 30/240 pairs disagree
mayo,mul_f,binOpFault/mul_f_line17_zero,correction_paired_result.txt,correction,no,no position with disagreeing pairs
mayo,mul_f,binOpFault/mul_f_line17_zero,ineffective_paired_result.txt,ineffective,yes,pos 0: 30/240 pairs disagree
mayo,mul_f,binOpFault/mul_f_line18_opA,correction_paired_result.txt,correction,no,no position with disagreeing pairs
mayo,mul_f,binOpFault/mul_f_line18_opA,ineffective_paired_result.txt,ineffective,yes,pos 0: 30/240 pairs disagree
mayo,mul_f,binOpFault/mul_f_line18_opB,correction_paired_result.txt,correction,no,no position with disagreeing pairs
mayo,mul_f,binOpFault/mul_f_line18_opB,ineffective_paired_result.txt,ineffective,yes,pos 0: 30/240 pairs disagree
mayo,mul_f,binOpFault/mul_f_line18_undef,correction_paired_result.txt,correction,no,no position with disagreeing pairs
mayo,mul_f,binOpFault/mul_f_line18_undef,ineffective_paired_result.txt,ineffective,yes,pos 0: 30/240 pairs disagree
mayo,mul_f,binOpFault/mul_f_line18_zero,correction_paired_result.txt,correction,no,no position with disagreeing pairs
mayo,mul_f,binOpFault/mul_f_line18_zero,ineffective_paired_result.txt,ineffective,yes,pos 0: 30/240 pairs disagree
mayo,mul_f,binOpFault/mul_f_line1_opA,correction_paired_result.txt,correction,no,no position with disagreeing pairs
mayo,mul_f,binOpFault/mul_f_line1_opA,ineffective_paired_result.txt,ineffective,no,no position with disagreeing pairs
mayo,mul_f,binOpFault/mul_f_line1_opB,correction_paired_result.txt,correction,no,no position with disagreeing pairs
mayo,mul_f,binOpFault/mul_f_line1_opB,ineffective_paired_result.txt,ineffective,yes,pos 0: 30/240 pairs disagree
mayo,mul_f,binOpFault/mul_f_line1_undef,correction_paired_result.txt,correction,no,no position with disagreeing pairs
mayo,mul_f,binOpFault/mul_f_line1_undef,ineffective_paired_result.txt,ineffective,yes,pos 0: 30/240 pairs disagree
mayo,mul_f,binOpFault/mul_f_line1_zero,correction_paired_result.txt,correction,no,no position with disagreeing pairs
mayo,mul_f,binOpFault/mul_f_line1_zero,ineffective_paired_result.txt,ineffective,yes,pos 0: 30/240 pairs disagree
mayo,mul_f,binOpFault/mul_f_line3_opA,correction_paired_result.txt,correction,no,no position with disagreeing pairs
mayo,mul_f,binOpFault/mul_f_line3_opA,ineffective_paired_result.txt,ineffective,yes,pos 0: 128/240 pairs disagree
mayo,mul_f,binOpFault/mul_f_line3_opB,correction_paired_result.txt,correction,no,no position with disagreeing pairs
mayo,mul_f,binOpFault/mul_f_line3_opB,ineffective_paired_result.txt,ineffective,yes,pos 0: 128/240 pairs disagree
mayo,mul_f,binOpFault/mul_f_line3_undef,correction_paired_result.txt,correction,no,no position with disagreeing pairs
mayo,mul_f,binOpFault/mul_f_line3_undef,ineffective_paired_result.txt,ineffective,yes,pos 0: 128/240 pairs disagree
mayo,mul_f,binOpFault/mul_f_line3_zero,correction_paired_result.txt,correction,no,no position with disagreeing pairs
mayo,mul_f,binOpFault/mul_f_line3_zero,ineffective_paired_result.txt,ineffective,yes,pos 0: 128/240 pairs disagree
mayo,mul_f,binOpFault/mul_f_line4_opA,correction_paired_result.txt,correction,no,no position with disagreeing pairs
mayo,mul_f,binOpFault/mul_f_line4_opA,ineffective_paired_result.txt,ineffective,yes,pos 0: 128/240 pairs disagree
mayo,mul_f,binOpFault/mul_f_line4_opB,correction_paired_result.txt,correction,no,no position with disagreeing pairs
mayo,mul_f,binOpFault/mul_f_line4_opB,ineffective_paired_result.txt,ineffective,yes,pos 0: 128/240 pairs disagree
mayo,mul_f,binOpFault/mul_f_line4_undef,correction_paired_result.txt,correction,no,no position with disagreeing pairs
mayo,mul_f,binOpFault/mul_f_line4_undef,ineffective_paired_result.txt,ineffective,yes,pos 0: 30/240 pairs disagree
mayo,mul_f,binOpFault/mul_f_line4_zero,correction_paired_result.txt,correction,no,no position with disagreeing pairs
mayo,mul_f,binOpFault/mul_f_line4_zero,ineffective_paired_result.txt,ineffective,yes,pos 0: 128/240 pairs disagree
mayo,mul_f,binOpFault/mul_f_line6_opA,correction_paired_result.txt,correction,no,no position with disagreeing pairs
mayo,mul_f,binOpFault/mul_f_line6_opA,ineffective_paired_result.txt,ineffective,yes,pos 0: 128/240 pairs disagree
mayo,mul_f,binOpFault/mul_f_line6_opB,correction_paired_result.txt,correction,no,no position with disagreeing pairs
mayo,mul_f,binOpFault/mul_f_line6_opB,ineffective_paired_result.txt,ineffective,yes,pos 0: 128/240 pairs disagree
mayo,mul_f,binOpFault/mul_f_line6_undef,correction_paired_result.txt,correction,no,no position with disagreeing pairs
mayo,mul_f,binOpFault/mul_f_line6_undef,ineffective_paired_result.txt,ineffective,yes,pos 0: 30/240 pairs disagree
mayo,mul_f,binOpFault/mul_f_line6_zero,correction_paired_result.txt,correction,no,no position with disagreeing pairs
mayo,mul_f,binOpFault/mul_f_line6_zero,ineffective_paired_result.txt,ineffective,yes,pos 0: 96/240 pairs disagree
mayo,mul_f,binOpFault/mul_f_line7_opA,correction_paired_result.txt,correction,no,no position with disagreeing pairs
mayo,mul_f,binOpFault/mul_f_line7_opA,ineffective_paired_result.txt,ineffective,yes,pos 0: 128/240 pairs disagree
mayo,mul_f,binOpFault/mul_f_line7_opB,correction_paired_result.txt,correction,no,no position with disagreeing pairs
mayo,mul_f,binOpFault/mul_f_line7_opB,ineffective_paired_result.txt,ineffective,yes,pos 0: 128/240 pairs disagree
mayo,mul_f,binOpFault/mul_f_line7_undef,correction_paired_result.txt,correction,no,no position with disagreeing pairs
mayo,mul_f,binOpFault/mul_f_line7_undef,ineffective_paired_result.txt,ineffective,yes,pos 0: 128/240 pairs disagree
mayo,mul_f,binOpFault/mul_f_line7_zero,correction_paired_result.txt,correction,no,no position with disagreeing pairs
mayo,mul_f,binOpFault/mul_f_line7_zero,ineffective_paired_result.txt,ineffective,yes,pos 0: 128/240 pairs disagree
mayo,mul_f,binOpFault/mul_f_line8_opA,correction_paired_result.txt,correction,no,no position with disagreeing pairs
mayo,mul_f,binOpFault/mul_f_line8_opA,ineffective_paired_result.txt,ineffective,yes,pos 0: 128/240 pairs disagree
mayo,mul_f,binOpFault/mul_f_line8_opB,correction_paired_result.txt,correction,no,no position with disagreeing pairs
mayo,mul_f,binOpFault/mul_f_line8_opB,ineffective_paired_result.txt,ineffective,yes,pos 0: 128/240 pairs disagree
mayo,mul_f,binOpFault/mul_f_line8_undef,correction_paired_result.txt,correction,no,no position with disagreeing pairs
mayo,mul_f,binOpFault/mul_f_line8_undef,ineffective_paired_result.txt,ineffective,yes,pos 0: 30/240 pairs disagree
mayo,mul_f,binOpFault/mul_f_line8_zero,correction_paired_result.txt,correction,no,no position with disagreeing pairs
mayo,mul_f,binOpFault/mul_f_line8_zero,ineffective_paired_result.txt,ineffective,yes,pos 0: 128/240 pairs disagree
mayo,mul_f,binOpFault/mul_f_line9_opA,correction_paired_result.txt,correction,no,no position with disagreeing pairs
mayo,mul_f,binOpFault/mul_f_line9_opA,ineffective_paired_result.txt,ineffective,yes,pos 0: 96/240 pairs disagree
mayo,mul_f,binOpFault/mul_f_line9_opB,correction_paired_result.txt,correction,no,no position with disagreeing pairs
mayo,mul_f,binOpFault/mul_f_line9_opB,ineffective_paired_result.txt,ineffective,yes,pos 0: 128/240 pairs disagree
mayo,mul_f,binOpFault/mul_f_line9_undef,correction_paired_result.txt,correction,no,no position with disagreeing pairs
mayo,mul_f,binOpFault/mul_f_line9_undef,ineffective_paired_result.txt,ineffective,yes,pos 0: 30/240 pairs disagree
mayo,mul_f,binOpFault/mul_f_line9_zero,correction_paired_result.txt,correction,no,no position with disagreeing pairs
mayo,mul_f,binOpFault/mul_f_line9_zero,ineffective_paired_result.txt,ineffective,yes,pos 0: 56/240 pairs disagree
mayo,mul_table,binOpFault/mul_table_line1_opA,correction_paired_result.txt,correction,yes,pos 0: 15/16 secret values with y1 = y2 xor alpha
mayo,mul_table,binOpFault/mul_table_line1_opA,ineffective_paired_result.txt,ineffective,yes,pos 0: 30/240 pairs disagree
mayo,mul_table,binOpFault/mul_table_line1_opB,correction_paired_result.txt,correction,yes,pos 0: 15/16 secret values with y1 = y2 xor alpha
mayo,mul_table,binOpFault/mul_table_line1_opB,ineffective_paired_result.txt,ineffective,yes,pos 0: 30/240 pairs disagree
mayo,mul_table,binOpFault/mul_table_line1_undef,correction_paired_result.txt,correction,no,no position with disagreeing pairs
mayo,mul_table,binOpFault/mul_table_line1_undef,ineffective_paired_result.txt,ineffective,no,no position with disagreeing pairs
mayo,mul_table,binOpFault/mul_table_line1_zero,correction_paired_result.txt,correction,yes,pos 0: 15/16 secret values with y1 = y2 xor alpha
mayo,mul_table,binOpFault/mul_table_line1_zero,ineffective_paired_result.txt,ineffective,yes,pos 0: 30/240 pairs disagree
mayo,mul_table,binOpFault/mul_table_line2_opA,correction_paired_result.txt,correction,no,no position with disagreeing pairs
mayo,mul_table,binOpFault/mul_table_line2_opA,ineffective_paired_result.txt,ineffective,no,no position with disagreeing pairs
mayo,mul_table,binOpFault/mul_table_line2_opB,correction_paired_result.txt,correction,no,no position with disagreeing pairs
mayo,mul_table,binOpFault/mul_table_line2_opB,ineffective_paired_result.txt,ineffective,no,no position with disagreeing pairs
mayo,mul_table,binOpFault/mul_table_line2_undef,correction_paired_result.txt,correction,no,no position with disagreeing pairs
mayo,mul_table,binOpFault/mul_table_line2_undef,ineffective_paired_result.txt,ineffective,no,no position with disagreeing pairs
mayo,mul_table,binOpFault/mul_table_line2_zero,correction_paired_result.txt,correction,no,no position with disagreeing pairs
mayo,mul_table,binOpFault/mul_table_line2_zero,ineffective_paired_result.txt,ineffective,no,no position with disagreeing pairs
mayo,mul_table,binOpFault/mul_table_line3_opA,correction_paired_result.txt,correction,no,no position with disagreeing pairs
mayo,mul_table,binOpFault/mul_table_line3_opA,ineffective_paired_result.txt,ineffective,no,no position with disagreeing pairs
mayo,mul_table,binOpFault/mul_table_line3_opB,correction_paired_result.txt,correction,no,no position with disagreeing pairs
mayo,mul_table,binOpFault/mul_table_line3_opB,ineffective_paired_result.txt,ineffective,no,no position with disagreeing pairs
mayo,mul_table,binOpFault/mul_table_line3_undef,correction_paired_result.txt,correction,no,no position with disagreeing pairs
mayo,mul_table,binOpFault/mul_table_line3_undef,ineffective_paired_result.txt,ineffective,no,no position with disagreeing pairs
mayo,mul_table,binOpFault/mul_table_line3_zero,correction_paired_result.txt,correction,no,no position with disagreeing pairs
mayo,mul_table,binOpFault/mul_table_line3_zero,ineffective_paired_result.txt,ineffective,no,no position with disagreeing pairs
mayo,mul_table,binOpFault/mul_table_line4_opA,correction_paired_result.txt,correction,no,no position with disagreeing pairs
mayo,mul_table,binOpFault/mul_table_line4_opA,ineffective_paired_result.txt,ineffective,no,no position with disagreeing pairs
mayo,mul_table,binOpFault/mul_table_line4_opB,correction_paired_result.txt,correction,no,no position with disagreeing pairs
mayo,mul_table,binOpFault/mul_table_line4_opB,ineffective_paired_result.txt,ineffective,no,no position with disagreeing pairs
mayo,mul_table,binOpFault/mul_table_line4_undef,correction_paired_result.txt,correction,no,no position with disagreeing pairs
mayo,mul_table,binOpFault/mul_table_line4_undef,ineffective_paired_result.txt,ineffective,no,no position with disagreeing pairs
mayo,mul_table,binOpFault/mul_table_line4_zero,correction_paired_result.txt,correction,no,no position with disagreeing pairs
mayo,mul_table,binOpFault/mul_table_line4_zero,ineffective_paired_result.txt,ineffective,no,no position with disagreeing pairs
mayo,mul_table,binOpFault/mul_table_line5_opA,correction_paired_result.txt,correction,no,no position with disagreeing pairs
mayo,mul_table,binOpFault/mul_table_line5_opA,ineffective_paired_result.txt,ineffective,no,no position with disagreeing pairs
mayo,mul_table,binOpFault/mul_table_line5_opB,correction_paired_result.txt,correction,no,no position with disagreeing pairs
mayo,mul_table,binOpFault/mul_table_line5_opB,ineffective_paired_result.txt,ineffective,no,no position with disagreeing pairs
mayo,mul_table,binOpFault/mul_table_line5_undef,correction_paired_result.txt,correction,no,no position with disagreeing pairs
mayo,mul_table,binOpFault/mul_table_line5_undef,ineffective_paired_result.txt,ineffective,no,no position with disagreeing pairs
mayo,mul_table,binOpFault/mul_table_line5_zero,correction_paired_result.txt,correction,no,no position with disagreeing pairs
mayo,mul_table,binOpFault/mul_table_line5_zero,ineffective_paired_result.txt,ineffective,no,no position with disagreeing pairs
mayo,mul_table,binOpFault/mul_table_line6_opA,correction_paired_result.txt,correction,no,no position with disagreeing pairs
mayo,mul_table,binOpFault/mul_table_line6_opA,ineffective_paired_result.txt,ineffective,no,no position with disagreeing pairs
mayo,mul_table,binOpFault/mul_table_line6_opB,correction_paired_result.txt,correction,no,no position with disagreeing pairs
mayo,mul_table,binOpFault/mul_table_line6_opB,ineffective_paired_result.txt,ineffective,no,no position with disagreeing pairs
mayo,mul_table,binOpFault/mul_table_line6_undef,correction_paired_result.txt,correction,no,no position with disagreeing pairs
mayo,mul_table,binOpFault/mul_table_line6_undef,ineffective_paired_result.txt,ineffective,no,no position with disagreeing pairs
mayo,mul_table,binOpFault/mul_table_line6_zero,correction_paired_result.txt,correction,no,no position with disagreeing pairs
mayo,mul_table,binOpFault/mul_table_line6_zero,ineffective_paired_result.txt,ineffective,no,no position with disagreeing pairs
mayo,pqmayo_MAYO_1_ref_mayo_keypair,loopOrFuncSkip/pqmayo_MAYO_1_ref_mayo_keypair_fnSkip_pqmayo_MAYO_1_ref_mayo_keypair_compact_line0,correction_paired_result.txt,correction,yes,pos 0: 16/16 secret values with y1 = y2 xor alpha (+23 more position(s))
mayo,pqmayo_MAYO_1_ref_mayo_keypair,loopOrFuncSkip/pqmayo_MAYO_1_ref_mayo_keypair_fnSkip_pqmayo_MAYO_1_ref_mayo_keypair_compact_line0,ineffective_paired_result.txt,ineffective,no,no position with disagreeing pairs
mayo,pqmayo_MAYO_1_ref_mayo_keypair_compact,loopOrFuncSkip/pqmayo_MAYO_1_ref_mayo_keypair_compact_fnSkip_compute_P3_line12,correction_paired_result.txt,correction,yes,pos 16: 16/16 secret values with y1 = y2 xor alpha (+7 more position(s))
mayo,pqmayo_MAYO_1_ref_mayo_keypair_compact,loopOrFuncSkip/pqmayo_MAYO_1_ref_mayo_keypair_compact_fnSkip_compute_P3_line12,ineffective_paired_result.txt,ineffective,no,no position with disagreeing pairs
mayo,pqmayo_MAYO_1_ref_mayo_keypair_compact,loopOrFuncSkip/pqmayo_MAYO_1_ref_mayo_keypair_compact_fnSkip_decode_line10,correction_paired_result.txt,correction,yes,pos 16: 16/16 secret values with y1 = y2 xor alpha (+7 more position(s))
mayo,pqmayo_MAYO_1_ref_mayo_keypair_compact,loopOrFuncSkip/pqmayo_MAYO_1_ref_mayo_keypair_compact_fnSkip_decode_line10,ineffective_paired_result.txt,ineffective,no,no position with disagreeing pairs
mayo,pqmayo_MAYO_1_ref_mayo_keypair_compact,loopOrFuncSkip/pqmayo_MAYO_1_ref_mayo_keypair_compact_fnSkip_expand_P1_P2_line11,correction_paired_result.txt,correction,yes,pos 16: 16/16 secret values with y1 = y2 xor alpha (+7 more position(s))
mayo,pqmayo_MAYO_1_ref_mayo_keypair_compact,loopOrFuncSkip/pqmayo_MAYO_1_ref_mayo_keypair_compact_fnSkip_expand_P1_P2_line11,ineffective_paired_result.txt,ineffective,no,no position with disagreeing pairs
mayo,pqmayo_MAYO_1_ref_mayo_keypair_compact,loopOrFuncSkip/pqmayo_MAYO_1_ref_mayo_keypair_compact_fnSkip_mayo_memset_line5,correction_paired_result.txt,correction,no,no position with disagreeing pairs
mayo,pqmayo_MAYO_1_ref_mayo_keypair_compact,loopOrFuncSkip/pqmayo_MAYO_1_ref_mayo_keypair_compact_fnSkip_mayo_memset_line5,ineffective_paired_result.txt,ineffective,no,no position with disagreeing pairs
mayo,pqmayo_MAYO_1_ref_mayo_keypair_compact,loopOrFuncSkip/pqmayo_MAYO_1_ref_mayo_keypair_compact_fnSkip_mayo_secure_clear_line17,correction_paired_result.txt,correction,no,no position with disagreeing pairs
mayo,pqmayo_MAYO_1_ref_mayo_keypair_compact,loopOrFuncSkip/pqmayo_MAYO_1_ref_mayo_keypair_compact_fnSkip_mayo_secure_clear_line17,ineffective_paired_result.txt,ineffective,no,no position with disagreeing pairs
mayo,pqmayo_MAYO_1_ref_mayo_keypair_compact,loopOrFuncSkip/pqmayo_MAYO_1_ref_mayo_keypair_compact_fnSkip_mayo_secure_clear_line18,correction_paired_result.txt,correction,no,no position with disagreeing pairs
mayo,pqmayo_MAYO_1_ref_mayo_keypair_compact,loopOrFuncSkip/pqmayo_MAYO_1_ref_mayo_keypair_compact_fnSkip_mayo_secure_clear_line18,ineffective_paired_result.txt,ineffective,no,no position with disagreeing pairs
mayo,pqmayo_MAYO_1_ref_mayo_keypair_compact,loopOrFuncSkip/pqmayo_MAYO_1_ref_mayo_keypair_compact_fnSkip_mayo_secure_clear_line19,correction_paired_result.txt,correction,no,no position with disagreeing pairs
mayo,pqmayo_MAYO_1_ref_mayo_keypair_compact,loopOrFuncSkip/pqmayo_MAYO_1_ref_mayo_keypair_compact_fnSkip_mayo_secure_clear_line19,ineffective_paired_result.txt,ineffective,no,no position with disagreeing pairs
mayo,pqmayo_MAYO_1_ref_mayo_keypair_compact,loopOrFuncSkip/pqmayo_MAYO_1_ref_mayo_keypair_compact_fnSkip_memcpy_line13,correction_paired_result.txt,correction,yes,pos 0: 16/16 secret values with y1 = y2 xor alpha (+15 more position(s))
mayo,pqmayo_MAYO_1_ref_mayo_keypair_compact,loopOrFuncSkip/pqmayo_MAYO_1_ref_mayo_keypair_compact_fnSkip_memcpy_line13,ineffective_paired_result.txt,ineffective,no,no position with disagreeing pairs
mayo,pqmayo_MAYO_1_ref_mayo_keypair_compact,loopOrFuncSkip/pqmayo_MAYO_1_ref_mayo_keypair_compact_fnSkip_pack_m_vecs_line16,correction_paired_result.txt,correction,yes,pos 16: 16/16 secret values with y1 = y2 xor alpha (+7 more position(s))
mayo,pqmayo_MAYO_1_ref_mayo_keypair_compact,loopOrFuncSkip/pqmayo_MAYO_1_ref_mayo_keypair_compact_fnSkip_pack_m_vecs_line16,ineffective_paired_result.txt,ineffective,no,no position with disagreeing pairs
mayo,pqmayo_MAYO_1_ref_mayo_keypair_compact,loopOrFuncSkip/pqmayo_MAYO_1_ref_mayo_keypair_compact_fnSkip_pqmayo_MAYO_1_ref_m_upper_line14,correction_paired_result.txt,correction,yes,pos 16: 16/16 secret values with y1 = y2 xor alpha (+7 more position(s))
mayo,pqmayo_MAYO_1_ref_mayo_keypair_compact,loopOrFuncSkip/pqmayo_MAYO_1_ref_mayo_keypair_compact_fnSkip_pqmayo_MAYO_1_ref_m_upper_line14,ineffective_paired_result.txt,ineffective,no,no position with disagreeing pairs
mayo,shake256,loadStoreSkip/shake256_line17_mem,correction_paired_result.txt,correction,yes,pos 0: 236/240 pairs disagree (+23 more position(s))
mayo,shake256,loadStoreSkip/shake256_line17_mem,ineffective_paired_result.txt,ineffective,yes,pos 0: 96/240 pairs disagree (+17 more position(s))
mayo,shake256,loadStoreSkip/shake256_line19_mem,correction_paired_result.txt,correction,yes,pos 0: 236/240 pairs disagree (+23 more position(s))
mayo,shake256,loadStoreSkip/shake256_line19_mem,ineffective_paired_result.txt,ineffective,yes,pos 0: 96/240 pairs disagree (+17 more position(s))
mayo,shake256,loopOrFuncSkip/shake256_fnSkip_shake256_squeezeblocks_line11,correction_paired_result.txt,correction,yes,pos 0: 236/240 pairs disagree (+23 more position(s))
mayo,shake256,loopOrFuncSkip/shake256_fnSkip_shake256_squeezeblocks_line11,ineffective_paired_result.txt,ineffective,yes,pos 0: 96/240 pairs disagree (+17 more position(s))
mayo,shake256,loopOrFuncSkip/shake256_fnSkip_shake256_squeezeblocks_line4,correction_paired_result.txt,correction,no,no position with disagreeing pairs
mayo,shake256,loopOrFuncSkip/shake256_fnSkip_shake256_squeezeblocks_line4,ineffective_paired_result.txt,ineffective,no,no position with disagreeing pairs
mayo,sub_f,binOpFault/sub_f_line0_opA,correction_paired_result.txt,correction,yes,pos 0: 15/16 secret values with y1 = y2 xor alpha
mayo,sub_f,binOpFault/sub_f_line0_opA,ineffective_paired_result.txt,ineffective,yes,pos 0: 30/240 pairs disagree
mayo,sub_f,binOpFault/sub_f_line0_opB,correction_paired_result.txt,correction,no,no position with disagreeing pairs
mayo,sub_f,binOpFault/sub_f_line0_opB,ineffective_paired_result.txt,ineffective,no,no position with disagreeing pairs
mayo,sub_f,binOpFault/sub_f_line0_undef,correction_paired_result.txt,correction,no,no position with disagreeing pairs
mayo,sub_f,binOpFault/sub_f_line0_undef,ineffective_paired_result.txt,ineffective,yes,pos 0: 30/240 pairs disagree
mayo,sub_f,binOpFault/sub_f_line0_zero,correction_paired_result.txt,correction,no,no position with disagreeing pairs
mayo,sub_f,binOpFault/sub_f_line0_zero,ineffective_paired_result.txt,ineffective,yes,pos 0: 30/240 pairs disagree
