scheme,function,fault,source,test,detected,detail
dilithium,pqcrystals_dilithium2_ref_invntt_tomont,binOpFault/pqcrystals_dilithium2_ref_invntt_tomont_line25_opA,test_result.txt,correction,no,"no (s, alpha) with constant Delta across p found in range swept"
dilithium,pqcrystals_dilithium2_ref_invntt_tomont,binOpFault/pqcrystals_dilithium2_ref_invntt_tomont_line25_opA,test_result.txt,ineffective,no,no disagreement found in range swept
dilithium,pqcrystals_dilithium2_ref_invntt_tomont,binOpFault/pqcrystals_dilithium2_ref_invntt_tomont_line25_opB,test_result.txt,correction,no,"no (s, alpha) with constant Delta across p found in range swept"
dilithium,pqcrystals_dilithium2_ref_invntt_tomont,binOpFault/pqcrystals_dilithium2_ref_invntt_tomont_line25_opB,test_result.txt,ineffective,no,no disagreement found in range swept
dilithium,pqcrystals_dilithium2_ref_invntt_tomont,binOpFault/pqcrystals_dilithium2_ref_invntt_tomont_line25_undef,test_result.txt,correction,no,"no (s, alpha) with constant Delta across p found in range swept"
dilithium,pqcrystals_dilithium2_ref_invntt_tomont,binOpFault/pqcrystals_dilithium2_ref_invntt_tomont_line25_undef,test_result.txt,ineffective,no,no disagreement found in range swept
dilithium,pqcrystals_dilithium2_ref_invntt_tomont,binOpFault/pqcrystals_dilithium2_ref_invntt_tomont_line25_zero,test_result.txt,correction,no,"no (s, alpha) with constant Delta across p found in range swept"
dilithium,pqcrystals_dilithium2_ref_invntt_tomont,binOpFault/pqcrystals_dilithium2_ref_invntt_tomont_line25_zero,test_result.txt,ineffective,no,no disagreement found in range swept
dilithium,pqcrystals_dilithium2_ref_invntt_tomont,binOpFault/pqcrystals_dilithium2_ref_invntt_tomont_line31_opA,test_result.txt,correction,no,"no (s, alpha) with constant Delta across p found in range swept"
dilithium,pqcrystals_dilithium2_ref_invntt_tomont,binOpFault/pqcrystals_dilithium2_ref_invntt_tomont_line31_opA,test_result.txt,ineffective,no,no disagreement found in range swept
dilithium,pqcrystals_dilithium2_ref_invntt_tomont,binOpFault/pqcrystals_dilithium2_ref_invntt_tomont_line31_opB,test_result.txt,correction,no,"no (s, alpha) with constant Delta across p found in range swept"
dilithium,pqcrystals_dilithium2_ref_invntt_tomont,binOpFault/pqcrystals_dilithium2_ref_invntt_tomont_line31_opB,test_result.txt,ineffective,no,no disagreement found in range swept
dilithium,pqcrystals_dilithium2_ref_invntt_tomont,binOpFault/pqcrystals_dilithium2_ref_invntt_tomont_line31_undef,test_result.txt,correction,no,"no (s, alpha) with constant Delta across p found in range swept"
dilithium,pqcrystals_dilithium2_ref_invntt_tomont,binOpFault/pqcrystals_dilithium2_ref_invntt_tomont_line31_undef,test_result.txt,ineffective,no,no disagreement found in range swept
dilithium,pqcrystals_dilithium2_ref_invntt_tomont,binOpFault/pqcrystals_dilithium2_ref_invntt_tomont_line31_zero,test_result.txt,correction,no,"no (s, alpha) with constant Delta across p found in range swept"
dilithium,pqcrystals_dilithium2_ref_invntt_tomont,binOpFault/pqcrystals_dilithium2_ref_invntt_tomont_line31_zero,test_result.txt,ineffective,no,no disagreement found in range swept
dilithium,pqcrystals_dilithium2_ref_invntt_tomont,binOpFault/pqcrystals_dilithium2_ref_invntt_tomont_line40_opA,test_result.txt,correction,no,"no (s, alpha) with constant Delta across p found in range swept"
dilithium,pqcrystals_dilithium2_ref_invntt_tomont,binOpFault/pqcrystals_dilithium2_ref_invntt_tomont_line40_opA,test_result.txt,ineffective,no,no disagreement found in range swept
dilithium,pqcrystals_dilithium2_ref_invntt_tomont,binOpFault/pqcrystals_dilithium2_ref_invntt_tomont_line40_opB,test_result.txt,correction,no,"no (s, alpha) with constant Delta across p found in range swept"
dilithium,pqcrystals_dilithium2_ref_invntt_tomont,binOpFault/pqcrystals_dilithium2_ref_invntt_tomont_line40_opB,test_result.txt,ineffective,no,no disagreement found in range swept
dilithium,pqcrystals_dilithium2_ref_invntt_tomont,binOpFault/pqcrystals_dilithium2_ref_invntt_tomont_line40_undef,test_result.txt,correction,no,"no (s, alpha) with constant Delta across p found in range swept"
dilithium,pqcrystals_dilithium2_ref_invntt_tomont,binOpFault/pqcrystals_dilithium2_ref_invntt_tomont_line40_undef,test_result.txt,ineffective,no,no disagreement found in range swept
dilithium,pqcrystals_dilithium2_ref_invntt_tomont,binOpFault/pqcrystals_dilithium2_ref_invntt_tomont_line40_zero,test_result.txt,correction,no,"no (s, alpha) with constant Delta across p found in range swept"
dilithium,pqcrystals_dilithium2_ref_invntt_tomont,binOpFault/pqcrystals_dilithium2_ref_invntt_tomont_line40_zero,test_result.txt,ineffective,no,no disagreement found in range swept
dilithium,pqcrystals_dilithium2_ref_invntt_tomont,binOpFault/pqcrystals_dilithium2_ref_invntt_tomont_line59_opA,test_result.txt,correction,no,"no (s, alpha) with constant Delta across p found in range swept"
dilithium,pqcrystals_dilithium2_ref_invntt_tomont,binOpFault/pqcrystals_dilithium2_ref_invntt_tomont_line59_opA,test_result.txt,ineffective,no,no disagreement found in range swept
dilithium,pqcrystals_dilithium2_ref_invntt_tomont,binOpFault/pqcrystals_dilithium2_ref_invntt_tomont_line59_opB,test_result.txt,correction,no,"no (s, alpha) with constant Delta across p found in range swept"
dilithium,pqcrystals_dilithium2_ref_invntt_tomont,binOpFault/pqcrystals_dilithium2_ref_invntt_tomont_line59_opB,test_result.txt,ineffective,no,no disagreement found in range swept
dilithium,pqcrystals_dilithium2_ref_invntt_tomont,binOpFault/pqcrystals_dilithium2_ref_invntt_tomont_line59_undef,test_result.txt,correction,no,"no (s, alpha) with constant Delta across p found in range swept"
dilithium,pqcrystals_dilithium2_ref_invntt_tomont,binOpFault/pqcrystals_dilithium2_ref_invntt_tomont_line59_undef,test_result.txt,ineffective,no,no disagreement found in range swept
dilithium,pqcrystals_dilithium2_ref_invntt_tomont,binOpFault/pqcrystals_dilithium2_ref_invntt_tomont_line59_zero,test_result.txt,correction,no,"no (s, alpha) with constant Delta across p found in range swept"
dilithium,pqcrystals_dilithium2_ref_invntt_tomont,binOpFault/pqcrystals_dilithium2_ref_invntt_tomont_line59_zero,test_result.txt,ineffective,no,no disagreement found in range swept
dilithium,pqcrystals_dilithium2_ref_invntt_tomont,loopOrFuncSkip/pqcrystals_dilithium2_ref_invntt_tomont_fnSkip_pqcrystals_dilithium2_ref_montgomery_reduce_line41,test_result.txt,correction,no,"no (s, alpha) with constant Delta across p found in range swept"
dilithium,pqcrystals_dilithium2_ref_invntt_tomont,loopOrFuncSkip/pqcrystals_dilithium2_ref_invntt_tomont_fnSkip_pqcrystals_dilithium2_ref_montgomery_reduce_line41,test_result.txt,ineffective,no,no disagreement found in range swept
dilithium,pqcrystals_dilithium2_ref_invntt_tomont,loopOrFuncSkip/pqcrystals_dilithium2_ref_invntt_tomont_fnSkip_pqcrystals_dilithium2_ref_montgomery_reduce_line60,test_result.txt,correction,no,"no (s, alpha) with constant Delta across p found in range swept"
dilithium,pqcrystals_dilithium2_ref_invntt_tomont,loopOrFuncSkip/pqcrystals_dilithium2_ref_invntt_tomont_fnSkip_pqcrystals_dilithium2_ref_montgomery_reduce_line60,test_result.txt,ineffective,no,no disagreement found in range swept
dilithium,pqcrystals_dilithium2_ref_ntt,binOpFault/pqcrystals_dilithium2_ref_ntt_line23_opA,test_result.txt,correction,no,"no (s, alpha) with constant Delta across p found in range swept"
dilithium,pqcrystals_dilithium2_ref_ntt,binOpFault/pqcrystals_dilithium2_ref_ntt_line23_opA,test_result.txt,ineffective,no,no disagreement found in range swept
dilithium,pqcrystals_dilithium2_ref_ntt,binOpFault/pqcrystals_dilithium2_ref_ntt_line23_opB,test_result.txt,correction,no,"no (s, alpha) with constant Delta across p found in range swept"
dilithium,pqcrystals_dilithium2_ref_ntt,binOpFault/pqcrystals_dilithium2_ref_ntt_line23_opB,test_result.txt,ineffective,no,no disagreement found in range swept
dilithium,pqcrystals_dilithium2_ref_ntt,binOpFault/pqcrystals_dilithium2_ref_ntt_line23_undef,test_result.txt,correction,no,"no (s, alpha) with constant Delta across p found in range swept"
dilithium,pqcrystals_dilithium2_ref_ntt,binOpFault/pqcrystals_dilithium2_ref_ntt_line23_undef,test_result.txt,ineffective,no,no disagreement found in range swept
dilithium,pqcrystals_dilithium2_ref_ntt,binOpFault/pqcrystals_dilithium2_ref_ntt_line23_zero,test_result.txt,correction,no,"no (s, alpha) with constant Delta across p found in range swept"
dilithium,pqcrystals_dilithium2_ref_ntt,binOpFault/pqcrystals_dilithium2_ref_ntt_line23_zero,test_result.txt,ineffective,no,no disagreement found in range swept
dilithium,pqcrystals_dilithium2_ref_ntt,binOpFault/pqcrystals_dilithium2_ref_ntt_line27_opA,test_result.txt,correction,no,"no (s, alpha) with constant Delta across p found in range swept"
dilithium,pqcrystals_dilithium2_ref_ntt,binOpFault/pqcrystals_dilithium2_ref_ntt_line27_opA,test_result.txt,ineffective,no,no disagreement found in range swept
dilithium,pqcrystals_dilithium2_ref_ntt,binOpFault/pqcrystals_dilithium2_ref_ntt_line27_opB,test_result.txt,correction,no,"no (s, alpha) with constant Delta across p found in range swept"
dilithium,pqcrystals_dilithium2_ref_ntt,binOpFault/pqcrystals_dilithium2_ref_ntt_line27_opB,test_result.txt,ineffective,no,no disagreement found in range swept
dilithium,pqcrystals_dilithium2_ref_ntt,binOpFault/pqcrystals_dilithium2_ref_ntt_line27_undef,test_result.txt,correction,no,"no (s, alpha) with constant Delta across p found in range swept"
dilithium,pqcrystals_dilithium2_ref_ntt,binOpFault/pqcrystals_dilithium2_ref_ntt_line27_undef,test_result.txt,ineffective,no,no disagreement found in range swept
dilithium,pqcrystals_dilithium2_ref_ntt,binOpFault/pqcrystals_dilithium2_ref_ntt_line27_zero,test_result.txt,correction,no,"no (s, alpha) with constant Delta across p found in range swept"
dilithium,pqcrystals_dilithium2_ref_ntt,binOpFault/pqcrystals_dilithium2_ref_ntt_line27_zero,test_result.txt,ineffective,no,no disagreement found in range swept
dilithium,pqcrystals_dilithium2_ref_ntt,binOpFault/pqcrystals_dilithium2_ref_ntt_line33_opA,test_result.txt,correction,no,"no (s, alpha) with constant Delta across p found in range swept"
dilithium,pqcrystals_dilithium2_ref_ntt,binOpFault/pqcrystals_dilithium2_ref_ntt_line33_opA,test_result.txt,ineffective,no,no disagreement found in range swept
dilithium,pqcrystals_dilithium2_ref_ntt,binOpFault/pqcrystals_dilithium2_ref_ntt_line33_opB,test_result.txt,correction,no,"no (s, alpha) with constant Delta across p found in range swept"
dilithium,pqcrystals_dilithium2_ref_ntt,binOpFault/pqcrystals_dilithium2_ref_ntt_line33_opB,test_result.txt,ineffective,no,no disagreement found in range swept
dilithium,pqcrystals_dilithium2_ref_ntt,binOpFault/pqcrystals_dilithium2_ref_ntt_line33_undef,test_result.txt,correction,no,"no (s, alpha) with constant Delta across p found in range swept"
dilithium,pqcrystals_dilithium2_ref_ntt,binOpFault/pqcrystals_dilithium2_ref_ntt_line33_undef,test_result.txt,ineffective,no,no disagreement found in range swept
dilithium,pqcrystals_dilithium2_ref_ntt,binOpFault/pqcrystals_dilithium2_ref_ntt_line33_zero,test_result.txt,correction,no,"no (s, alpha) with constant Delta across p found in range swept"
dilithium,pqcrystals_dilithium2_ref_ntt,binOpFault/pqcrystals_dilithium2_ref_ntt_line33_zero,test_result.txt,ineffective,no,no disagreement found in range swept
dilithium,pqcrystals_dilithium2_ref_ntt,loopOrFuncSkip/pqcrystals_dilithium2_ref_ntt_fnSkip_pqcrystals_dilithium2_ref_montgomery_reduce_line24,test_result.txt,correction,no,"no (s, alpha) with constant Delta across p found in range swept"
dilithium,pqcrystals_dilithium2_ref_ntt,loopOrFuncSkip/pqcrystals_dilithium2_ref_ntt_fnSkip_pqcrystals_dilithium2_ref_montgomery_reduce_line24,test_result.txt,ineffective,no,no disagreement found in range swept
dilithium,pqcrystals_dilithium2_ref_poly_add,binOpFault/pqcrystals_dilithium2_ref_poly_add_line8_opA,test_result.txt,correction,yes,"SATISFIED at pos 0 (s=-4190208, alpha=4190209: y1 = y2 xor alpha for all 4 swept p)"
dilithium,pqcrystals_dilithium2_ref_poly_add,binOpFault/pqcrystals_dilithium2_ref_poly_add_line8_opA,test_result.txt,ineffective,yes,"DETECTED at pos 0 (s1=0 ineffective, s2=-4190208 effective)"
dilithium,pqcrystals_dilithium2_ref_poly_add,binOpFault/pqcrystals_dilithium2_ref_poly_add_line8_opB,test_result.txt,correction,no,"no (s, alpha) with constant Delta across p found in range swept"
dilithium,pqcrystals_dilithium2_ref_poly_add,binOpFault/pqcrystals_dilithium2_ref_poly_add_line8_opB,test_result.txt,ineffective,no,no disagreement found in range swept
dilithium,pqcrystals_dilithium2_ref_poly_add,binOpFault/pqcrystals_dilithium2_ref_poly_add_line8_undef,test_result.txt,correction,no,"no (s, alpha) with constant Delta across p found in range swept"
dilithium,pqcrystals_dilithium2_ref_poly_add,binOpFault/pqcrystals_dilithium2_ref_poly_add_line8_undef,test_result.txt,ineffective,no,no disagreement found in range swept
dilithium,pqcrystals_dilithium2_ref_poly_add,binOpFault/pqcrystals_dilithium2_ref_poly_add_line8_zero,test_result.txt,correction,no,"no (s, alpha) with constant Delta across p found in range swept"
dilithium,pqcrystals_dilithium2_ref_poly_add,binOpFault/pqcrystals_dilithium2_ref_poly_add_line8_zero,test_result.txt,ineffective,no,no disagreement found in range swept
dilithium,pqcrystals_dilithium2_ref_poly_caddq,loopOrFuncSkip/pqcrystals_dilithium2_ref_poly_caddq_fnSkip_pqcrystals_dilithium2_ref_caddq_line6,test_result.txt,correction,no,"no (s, alpha) with constant Delta across p found in range swept"
dilithium,pqcrystals_dilithium2_ref_poly_caddq,loopOrFuncSkip/pqcrystals_dilithium2_ref_poly_caddq_fnSkip_pqcrystals_dilithium2_ref_caddq_line6,test_result.txt,ineffective,yes,"DETECTED at pos 0 (s1=0 ineffective, s2=-4190208 effective)"
dilithium,pqcrystals_dilithium2_ref_poly_decompose,loopOrFuncSkip/pqcrystals_dilithium2_ref_poly_decompose_fnSkip_pqcrystals_dilithium2_ref_decompose_line7,test_result.txt,correction,yes,"SATISFIED at pos 0 (s=0, alpha=3670113: y1 = y2 xor alpha for all 4 swept p)"
dilithium,pqcrystals_dilithium2_ref_poly_decompose,loopOrFuncSkip/pqcrystals_dilithium2_ref_poly_decompose_fnSkip_pqcrystals_dilithium2_ref_decompose_line7,test_result.txt,ineffective,no,no disagreement found in range swept
dilithium,pqcrystals_dilithium2_ref_poly_invntt_tomont,loopOrFuncSkip/pqcrystals_dilithium2_ref_poly_invntt_tomont_fnSkip_pqcrystals_dilithium2_ref_invntt_tomont_line0,test_result.txt,correction,no,"no (s, alpha) with constant Delta across p found in range swept"
dilithium,pqcrystals_dilithium2_ref_poly_invntt_tomont,loopOrFuncSkip/pqcrystals_dilithium2_ref_poly_invntt_tomont_fnSkip_pqcrystals_dilithium2_ref_invntt_tomont_line0,test_result.txt,ineffective,no,no disagreement found in range swept
dilithium,pqcrystals_dilithium2_ref_poly_make_hint,binOpFault/pqcrystals_dilithium2_ref_poly_make_hint_line12_opA,test_result.txt,correction,no,"no (s, alpha) with constant Delta across p found in range swept"
dilithium,pqcrystals_dilithium2_ref_poly_make_hint,binOpFault/pqcrystals_dilithium2_ref_poly_make_hint_line12_opA,test_result.txt,ineffective,no,no disagreement found in range swept
dilithium,pqcrystals_dilithium2_ref_poly_make_hint,binOpFault/pqcrystals_dilithium2_ref_poly_make_hint_line12_opB,test_result.txt,correction,no,"no (s, alpha) with constant Delta across p found in range swept"
dilithium,pqcrystals_dilithium2_ref_poly_make_hint,binOpFault/pqcrystals_dilithium2_ref_poly_make_hint_line12_opB,test_result.txt,ineffective,no,no disagreement found in range swept
dilithium,pqcrystals_dilithium2_ref_poly_make_hint,binOpFault/pqcrystals_dilithium2_ref_poly_make_hint_line12_undef,test_result.txt,correction,no,"no (s, alpha) with constant Delta across p found in range swept"
dilithium,pqcrystals_dilithium2_ref_poly_make_hint,binOpFault/pqcrystals_dilithium2_ref_poly_make_hint_line12_undef,test_result.txt,ineffective,no,no disagreement found in range swept
dilithium,pqcrystals_dilithium2_ref_poly_make_hint,binOpFault/pqcrystals_dilithium2_ref_poly_make_hint_line12_zero,test_result.txt,correction,no,"no (s, alpha) with constant Delta across p found in range swept"
dilithium,pqcrystals_dilithium2_ref_poly_make_hint,binOpFault/pqcrystals_dilithium2_ref_poly_make_hint_line12_zero,test_result.txt,ineffective,no,no disagreement found in range swept
dilithium,pqcrystals_dilithium2_ref_poly_make_hint,loopOrFuncSkip/pqcrystals_dilithium2_ref_poly_make_hint_fnSkip_pqcrystals_dilithium2_ref_make_hint_line9,test_result.txt,correction,yes,"SATISFIED at pos 0 (s=-95232, alpha=95232: y1 = y2 xor alpha for all 4 swept p)"
dilithium,pqcrystals_dilithium2_ref_poly_make_hint,loopOrFuncSkip/pqcrystals_dilithium2_ref_poly_make_hint_fnSkip_pqcrystals_dilithium2_ref_make_hint_line9,test_result.txt,ineffective,yes,"DETECTED at pos 0 (s1=0 ineffective, s2=-95232 effective)"
dilithium,pqcrystals_dilithium2_ref_poly_ntt,loopOrFuncSkip/pqcrystals_dilithium2_ref_poly_ntt_fnSkip_pqcrystals_dilithium2_ref_ntt_line0,test_result.txt,correction,no,"no (s, alpha) with constant Delta across p found in range swept"
dilithium,pqcrystals_dilithium2_ref_poly_ntt,loopOrFuncSkip/pqcrystals_dilithium2_ref_poly_ntt_fnSkip_pqcrystals_dilithium2_ref_ntt_line0,test_result.txt,ineffective,yes,"DETECTED at pos 192 (s1=0 ineffective, s2=1 effective)"
dilithium,pqcrystals_dilithium2_ref_poly_pointwise_montgomery,binOpFault/pqcrystals_dilithium2_ref_poly_pointwise_montgomery_line10_opA,test_result.txt,correction,no,"no (s, alpha) with constant Delta across p found in range swept"
dilithium,pqcrystals_dilithium2_ref_poly_pointwise_montgomery,binOpFault/pqcrystals_dilithium2_ref_poly_pointwise_montgomery_line10_opA,test_result.txt,ineffective,yes,"DETECTED at pos 0 (s1=0 ineffective, s2=32864 effective)"
dilithium,pqcrystals_dilithium2_ref_poly_pointwise_montgomery,binOpFault/pqcrystals_dilithium2_ref_poly_pointwise_montgomery_line10_opB,test_result.txt,correction,no,"no (s, alpha) with constant Delta across p found in range swept"
dilithium,pqcrystals_dilithium2_ref_poly_pointwise_montgomery,binOpFault/pqcrystals_dilithium2_ref_poly_pointwise_montgomery_line10_opB,test_result.txt,ineffective,yes,"DETECTED at pos 0 (s1=0 ineffective, s2=32864 effective)"
dilithium,pqcrystals_dilithium2_ref_poly_pointwise_montgomery,binOpFault/pqcrystals_dilithium2_ref_poly_pointwise_montgomery_line10_undef,test_result.txt,correction,yes,"SATISFIED at pos 0 (s=0, alpha=1005713: y1 = y2 xor alpha for all 4 swept p)"
dilithium,pqcrystals_dilithium2_ref_poly_pointwise_montgomery,binOpFault/pqcrystals_dilithium2_ref_poly_pointwise_montgomery_line10_undef,test_result.txt,ineffective,no,no disagreement found in range swept
dilithium,pqcrystals_dilithium2_ref_poly_pointwise_montgomery,binOpFault/pqcrystals_dilithium2_ref_poly_pointwise_montgomery_line10_zero,test_result.txt,correction,no,"no (s, alpha) with constant Delta across p found in range swept"
dilithium,pqcrystals_dilithium2_ref_poly_pointwise_montgomery,binOpFault/pqcrystals_dilithium2_ref_poly_pointwise_montgomery_line10_zero,test_result.txt,ineffective,yes,"DETECTED at pos 0 (s1=0 ineffective, s2=32864 effective)"
dilithium,pqcrystals_dilithium2_ref_poly_pointwise_montgomery,loopOrFuncSkip/pqcrystals_dilithium2_ref_poly_pointwise_montgomery_fnSkip_pqcrystals_dilithium2_ref_montgomery_reduce_line11,test_result.txt,correction,no,"no (s, alpha) with constant Delta across p found in range swept"
dilithium,pqcrystals_dilithium2_ref_poly_pointwise_montgomery,loopOrFuncSkip/pqcrystals_dilithium2_ref_poly_pointwise_montgomery_fnSkip_pqcrystals_dilithium2_ref_montgomery_reduce_line11,test_result.txt,ineffective,yes,"DETECTED at pos 0 (s1=0 ineffective, s2=32864 effective)"
dilithium,pqcrystals_dilithium2_ref_poly_sub,binOpFault/pqcrystals_dilithium2_ref_poly_sub_line8_opA,test_result.txt,correction,yes,"SATISFIED at pos 0 (s=-4190208, alpha=4190208: y1 = y2 xor alpha for all 4 swept p)"
dilithium,pqcrystals_dilithium2_ref_poly_sub,binOpFault/pqcrystals_dilithium2_ref_poly_sub_line8_opA,test_result.txt,ineffective,yes,"DETECTED at pos 0 (s1=0 ineffective, s2=-4190208 effective)"
dilithium,pqcrystals_dilithium2_ref_poly_sub,binOpFault/pqcrystals_dilithium2_ref_poly_sub_line8_opB,test_result.txt,correction,no,"no (s, alpha) with constant Delta across p found in range swept"
dilithium,pqcrystals_dilithium2_ref_poly_sub,binOpFault/pqcrystals_dilithium2_ref_poly_sub_line8_opB,test_result.txt,ineffective,no,no disagreement found in range swept
dilithium,pqcrystals_dilithium2_ref_poly_sub,binOpFault/pqcrystals_dilithium2_ref_poly_sub_line8_undef,test_result.txt,correction,no,"no (s, alpha) with constant Delta across p found in range swept"
dilithium,pqcrystals_dilithium2_ref_poly_sub,binOpFault/pqcrystals_dilithium2_ref_poly_sub_line8_undef,test_result.txt,ineffective,no,no disagreement found in range swept
dilithium,pqcrystals_dilithium2_ref_poly_sub,binOpFault/pqcrystals_dilithium2_ref_poly_sub_line8_zero,test_result.txt,correction,no,"no (s, alpha) with constant Delta across p found in range swept"
dilithium,pqcrystals_dilithium2_ref_poly_sub,binOpFault/pqcrystals_dilithium2_ref_poly_sub_line8_zero,test_result.txt,ineffective,no,no disagreement found in range swept
dilithium,pqcrystals_dilithium2_ref_poly_uniform,loopOrFuncSkip/pqcrystals_dilithium2_ref_poly_uniform_fnSkip_pqcrystals_dilithium2_ref_dilithium_shake128_stream_init_line2,test_result.txt,correction,no,"no (s, alpha) with constant Delta across p found in range swept"
dilithium,pqcrystals_dilithium2_ref_poly_uniform,loopOrFuncSkip/pqcrystals_dilithium2_ref_poly_uniform_fnSkip_pqcrystals_dilithium2_ref_dilithium_shake128_stream_init_line2,test_result.txt,ineffective,yes,"DETECTED at pos 270 (s1=0 ineffective, s2=1 effective)"
dilithium,pqcrystals_dilithium2_ref_poly_uniform,loopOrFuncSkip/pqcrystals_dilithium2_ref_poly_uniform_fnSkip_pqcrystals_dilithium_fips202_ref_shake128_squeezeblocks_line24,test_result.txt,correction,no,"no (s, alpha) with constant Delta across p found in range swept"
dilithium,pqcrystals_dilithium2_ref_poly_uniform,loopOrFuncSkip/pqcrystals_dilithium2_ref_poly_uniform_fnSkip_pqcrystals_dilithium_fips202_ref_shake128_squeezeblocks_line24,test_result.txt,ineffective,no,no disagreement found in range swept
dilithium,pqcrystals_dilithium2_ref_poly_uniform,loopOrFuncSkip/pqcrystals_dilithium2_ref_poly_uniform_fnSkip_pqcrystals_dilithium_fips202_ref_shake128_squeezeblocks_line3,test_result.txt,correction,no,"no (s, alpha) with constant Delta across p found in range swept"
dilithium,pqcrystals_dilithium2_ref_poly_uniform,loopOrFuncSkip/pqcrystals_dilithium2_ref_poly_uniform_fnSkip_pqcrystals_dilithium_fips202_ref_shake128_squeezeblocks_line3,test_result.txt,ineffective,yes,"DETECTED at pos 165 (s1=0 ineffective, s2=1 effective)"
dilithium,pqcrystals_dilithium2_ref_poly_uniform_eta,loopOrFuncSkip/pqcrystals_dilithium2_ref_poly_uniform_eta_fnSkip_rej_eta_line12,test_result.txt,correction,no,"no (s, alpha) with constant Delta across p found in range swept"
dilithium,pqcrystals_dilithium2_ref_poly_uniform_eta,loopOrFuncSkip/pqcrystals_dilithium2_ref_poly_uniform_eta_fnSkip_rej_eta_line12,test_result.txt,ineffective,no,no disagreement found in range swept
dilithium,pqcrystals_dilithium2_ref_poly_uniform_eta,loopOrFuncSkip/pqcrystals_dilithium2_ref_poly_uniform_eta_fnSkip_rej_eta_line4,test_result.txt,correction,yes,"SATISFIED at pos 17 (s=0, alpha=255: y1 = y2 xor alpha for all 4 swept p)"
dilithium,pqcrystals_dilithium2_ref_poly_uniform_eta,loopOrFuncSkip/pqcrystals_dilithium2_ref_poly_uniform_eta_fnSkip_rej_eta_line4,test_result.txt,ineffective,yes,"DETECTED at pos 4 (s1=1 ineffective, s2=0 effective)"
dilithium,pqcrystals_dilithium2_ref_poly_uniform_gamma1,loopOrFuncSkip/pqcrystals_dilithium2_ref_poly_uniform_gamma1_fnSkip_pqcrystals_dilithium2_ref_dilithium_shake256_stream_init_line2,test_result.txt,correction,yes,"SATISFIED at pos 19 (s=0, alpha=255: y1 = y2 xor alpha for all 4 swept p)"
dilithium,pqcrystals_dilithium2_ref_poly_uniform_gamma1,loopOrFuncSkip/pqcrystals_dilithium2_ref_poly_uniform_gamma1_fnSkip_pqcrystals_dilithium2_ref_dilithium_shake256_stream_init_line2,test_result.txt,ineffective,yes,"DETECTED at pos 11 (s1=1 ineffective, s2=0 effective)"
dilithium,pqcrystals_dilithium2_ref_poly_uniform_gamma1,loopOrFuncSkip/pqcrystals_dilithium2_ref_poly_uniform_gamma1_fnSkip_pqcrystals_dilithium_fips202_ref_shake256_squeezeblocks_line3,test_result.txt,correction,yes,"SATISFIED at pos 83 (s=0, alpha=255: y1 = y2 xor alpha for all 4 swept p)"
dilithium,pqcrystals_dilithium2_ref_poly_uniform_gamma1,loopOrFuncSkip/pqcrystals_dilithium2_ref_poly_uniform_gamma1_fnSkip_pqcrystals_dilithium_fips202_ref_shake256_squeezeblocks_line3,test_result.txt,ineffective,yes,"DETECTED at pos 11 (s1=0 ineffective, s2=1 effective)"
dilithium,pqcrystals_dilithium2_ref_polyvec_matrix_pointwise_montgomery,loopOrFuncSkip/pqcrystals_dilithium2_ref_polyvec_matrix_pointwise_montgomery_fnSkip_pqcrystals_dilithium2_ref_polyvecl_pointwise_acc_montgomery_line6,test_result.txt,correction,no,"no (s, alpha) with constant Delta across p found in range swept"
dilithium,pqcrystals_dilithium2_ref_polyvec_matrix_pointwise_montgomery,loopOrFuncSkip/pqcrystals_dilithium2_ref_polyvec_matrix_pointwise_montgomery_fnSkip_pqcrystals_dilithium2_ref_polyvecl_pointwise_acc_montgomery_line6,test_result.txt,ineffective,no,no disagreement found in range swept
dilithium,pqcrystals_dilithium2_ref_polyveck_add,loopOrFuncSkip/pqcrystals_dilithium2_ref_polyveck_add_fnSkip_pqcrystals_dilithium2_ref_poly_add_line7,test_result.txt,correction,no,"no (s, alpha) with constant Delta across p found in range swept"
dilithium,pqcrystals_dilithium2_ref_polyveck_add,loopOrFuncSkip/pqcrystals_dilithium2_ref_polyveck_add_fnSkip_pqcrystals_dilithium2_ref_poly_add_line7,test_result.txt,ineffective,no,no disagreement found in range swept
dilithium,pqcrystals_dilithium2_ref_polyveck_caddq,loopOrFuncSkip/pqcrystals_dilithium2_ref_polyveck_caddq_fnSkip_pqcrystals_dilithium2_ref_poly_caddq_line5,test_result.txt,correction,no,"no (s, alpha) with constant Delta across p found in range swept"
dilithium,pqcrystals_dilithium2_ref_polyveck_caddq,loopOrFuncSkip/pqcrystals_dilithium2_ref_polyveck_caddq_fnSkip_pqcrystals_dilithium2_ref_poly_caddq_line5,test_result.txt,ineffective,yes,"DETECTED at pos 0 (s1=0 ineffective, s2=-4190208 effective)"
dilithium,pqcrystals_dilithium2_ref_polyveck_decompose,loopOrFuncSkip/pqcrystals_dilithium2_ref_polyveck_decompose_fnSkip_pqcrystals_dilithium2_ref_poly_decompose_line7,test_result.txt,correction,yes,"SATISFIED at pos 0 (s=98593, alpha=1: y1 = y2 xor alpha for all 4 swept p)"
dilithium,pqcrystals_dilithium2_ref_polyveck_decompose,loopOrFuncSkip/pqcrystals_dilithium2_ref_polyveck_decompose_fnSkip_pqcrystals_dilithium2_ref_poly_decompose_line7,test_result.txt,ineffective,yes,"DETECTED at pos 0 (s1=0 ineffective, s2=98593 effective)"
dilithium,pqcrystals_dilithium2_ref_polyveck_invntt_tomont,loopOrFuncSkip/pqcrystals_dilithium2_ref_polyveck_invntt_tomont_fnSkip_pqcrystals_dilithium2_ref_poly_invntt_tomont_line5,test_result.txt,correction,no,"no (s, alpha) with constant Delta across p found in range swept"
dilithium,pqcrystals_dilithium2_ref_polyveck_invntt_tomont,loopOrFuncSkip/pqcrystals_dilithium2_ref_polyveck_invntt_tomont_fnSkip_pqcrystals_dilithium2_ref_poly_invntt_tomont_line5,test_result.txt,ineffective,no,no disagreement found in range swept
dilithium,pqcrystals_dilithium2_ref_polyveck_ntt,loopOrFuncSkip/pqcrystals_dilithium2_ref_polyveck_ntt_fnSkip_pqcrystals_dilithium2_ref_poly_ntt_line5,test_result.txt,correction,no,"no (s, alpha) with constant Delta across p found in range swept"
dilithium,pqcrystals_dilithium2_ref_polyveck_ntt,loopOrFuncSkip/pqcrystals_dilithium2_ref_polyveck_ntt_fnSkip_pqcrystals_dilithium2_ref_poly_ntt_line5,test_result.txt,ineffective,no,no disagreement found in range swept
dilithium,pqcrystals_dilithium2_ref_polyveck_pointwise_poly_montgomery,loopOrFuncSkip/pqcrystals_dilithium2_ref_polyveck_pointwise_poly_montgomery_fnSkip_pqcrystals_dilithium2_ref_poly_pointwise_montgomery_line6,test_result.txt,correction,no,"no (s, alpha) with constant Delta across p found in range swept"
dilithium,pqcrystals_dilithium2_ref_polyveck_pointwise_poly_montgomery,loopOrFuncSkip/pqcrystals_dilithium2_ref_polyveck_pointwise_poly_montgomery_fnSkip_pqcrystals_dilithium2_ref_poly_pointwise_montgomery_line6,test_result.txt,ineffective,yes,"DETECTED at pos 0 (s1=0 ineffective, s2=32864 effective)"
dilithium,pqcrystals_dilithium2_ref_polyveck_reduce,loopOrFuncSkip/pqcrystals_dilithium2_ref_polyveck_reduce_fnSkip_pqcrystals_dilithium2_ref_poly_reduce_line5,test_result.txt,correction,no,"no (s, alpha) with constant Delta across p found in range swept"
dilithium,pqcrystals_dilithium2_ref_polyveck_reduce,loopOrFuncSkip/pqcrystals_dilithium2_ref_polyveck_reduce_fnSkip_pqcrystals_dilithium2_ref_poly_reduce_line5,test_result.txt,ineffective,yes,"DETECTED at pos 0 (s1=0 ineffective, s2=-8380416 effective)"
dilithium,pqcrystals_dilithium2_ref_polyveck_shiftl,loopOrFuncSkip/pqcrystals_dilithium2_ref_polyveck_shiftl_fnSkip_pqcrystals_dilithium2_ref_poly_shiftl_line5,test_result.txt,correction,yes,"SATISFIED at pos 0 (s=4, alpha=32764: y1 = y2 xor alpha for all 4 swept p)"
dilithium,pqcrystals_dilithium2_ref_polyveck_shiftl,loopOrFuncSkip/pqcrystals_dilithium2_ref_polyveck_shiftl_fnSkip_pqcrystals_dilithium2_ref_poly_shiftl_line5,test_result.txt,ineffective,yes,"DETECTED at pos 0 (s1=0 ineffective, s2=4 effective)"
dilithium,pqcrystals_dilithium2_ref_polyveck_sub,loopOrFuncSkip/pqcrystals_dilithium2_ref_polyveck_sub_fnSkip_pqcrystals_dilithium2_ref_poly_sub_line7,test_result.txt,correction,no,"no (s, alpha) with constant Delta across p found in range swept"
dilithium,pqcrystals_dilithium2_ref_polyveck_sub,loopOrFuncSkip/pqcrystals_dilithium2_ref_polyveck_sub_fnSkip_pqcrystals_dilithium2_ref_poly_sub_line7,test_result.txt,ineffective,no,no disagreement found in range swept
dilithium,pqcrystals_dilithium2_ref_polyveck_uniform_eta,loopOrFuncSkip/pqcrystals_dilithium2_ref_polyveck_uniform_eta_fnSkip_pqcrystals_dilithium2_ref_poly_uniform_eta_line6,test_result.txt,correction,yes,"SATISFIED at pos 25 (s=0, alpha=255: y1 = y2 xor alpha for all 4 swept p)"
dilithium,pqcrystals_dilithium2_ref_polyveck_uniform_eta,loopOrFuncSkip/pqcrystals_dilithium2_ref_polyveck_uniform_eta_fnSkip_pqcrystals_dilithium2_ref_poly_uniform_eta_line6,test_result.txt,ineffective,yes,"DETECTED at pos 1 (s1=1 ineffective, s2=0 effective)"
dilithium,pqcrystals_dilithium2_ref_polyvecl_add,loopOrFuncSkip/pqcrystals_dilithium2_ref_polyvecl_add_fnSkip_pqcrystals_dilithium2_ref_poly_add_line7,correction_paired_result.txt,correction,yes,pos 0: 240/240 pairs disagree
dilithium,pqcrystals_dilithium2_ref_polyvecl_add,loopOrFuncSkip/pqcrystals_dilithium2_ref_polyvecl_add_fnSkip_pqcrystals_dilithium2_ref_poly_add_line7,test_result.txt,correction,yes,"SATISFIED at pos 58 (s=0, alpha=1: y1 = y2 xor alpha for all 4 swept p)"
dilithium,pqcrystals_dilithium2_ref_polyvecl_add,loopOrFuncSkip/pqcrystals_dilithium2_ref_polyvecl_add_fnSkip_pqcrystals_dilithium2_ref_poly_add_line7,ineffective_paired_result.txt,ineffective,no,no position with disagreeing pairs
dilithium,pqcrystals_dilithium2_ref_polyvecl_add,loopOrFuncSkip/pqcrystals_dilithium2_ref_polyvecl_add_fnSkip_pqcrystals_dilithium2_ref_poly_add_line7,test_result.txt,ineffective,yes,"DETECTED at pos 2 (s1=0 ineffective, s2=-131071 effective)"
dilithium,pqcrystals_dilithium2_ref_polyvecl_invntt_tomont,loopOrFuncSkip/pqcrystals_dilithium2_ref_polyvecl_invntt_tomont_fnSkip_pqcrystals_dilithium2_ref_poly_invntt_tomont_line5,test_result.txt,correction,no,"no (s, alpha) with constant Delta across p found in range swept"
dilithium,pqcrystals_dilithium2_ref_polyvecl_invntt_tomont,loopOrFuncSkip/pqcrystals_dilithium2_ref_polyvecl_invntt_tomont_fnSkip_pqcrystals_dilithium2_ref_poly_invntt_tomont_line5,test_result.txt,ineffective,no,no disagreement found in range swept
dilithium,pqcrystals_dilithium2_ref_polyvecl_ntt,loopOrFuncSkip/pqcrystals_dilithium2_ref_polyvecl_ntt_fnSkip_pqcrystals_dilithium2_ref_poly_ntt_line5,test_result.txt,correction,no,"no (s, alpha) with constant Delta across p found in range swept"
dilithium,pqcrystals_dilithium2_ref_polyvecl_ntt,loopOrFuncSkip/pqcrystals_dilithium2_ref_polyvecl_ntt_fnSkip_pqcrystals_dilithium2_ref_poly_ntt_line5,test_result.txt,ineffective,no,no disagreement found in range swept
dilithium,pqcrystals_dilithium2_ref_polyvecl_pointwise_acc_montgomery,loopOrFuncSkip/pqcrystals_dilithium2_ref_polyvecl_pointwise_acc_montgomery_fnSkip_pqcrystals_dilithium2_ref_poly_add_line9,test_result.txt,correction,no,"no (s, alpha) with constant Delta across p found in range swept"
dilithium,pqcrystals_dilithium2_ref_polyvecl_pointwise_acc_montgomery,loopOrFuncSkip/pqcrystals_dilithium2_ref_polyvecl_pointwise_acc_montgomery_fnSkip_pqcrystals_dilithium2_ref_poly_add_line9,test_result.txt,ineffective,no,no disagreement found in range swept
dilithium,pqcrystals_dilithium2_ref_polyvecl_pointwise_acc_montgomery,loopOrFuncSkip/pqcrystals_dilithium2_ref_polyvecl_pointwise_acc_montgomery_fnSkip_pqcrystals_dilithium2_ref_poly_pointwise_montgomery_line1,test_result.txt,correction,no,"no (s, alpha) with constant Delta across p found in range swept"
dilithium,pqcrystals_dilithium2_ref_polyvecl_pointwise_acc_montgomery,loopOrFuncSkip/pqcrystals_dilithium2_ref_polyvecl_pointwise_acc_montgomery_fnSkip_pqcrystals_dilithium2_ref_poly_pointwise_montgomery_line1,test_result.txt,ineffective,yes,"DETECTED at pos 0 (s1=0 ineffective, s2=32864 effective)"
dilithium,pqcrystals_dilithium2_ref_polyvecl_pointwise_acc_montgomery,loopOrFuncSkip/pqcrystals_dilithium2_ref_polyvecl_pointwise_acc_montgomery_fnSkip_pqcrystals_dilithium2_ref_poly_pointwise_montgomery_line8,test_result.txt,correction,no,"no (s, alpha) with constant Delta across p found in range swept"
dilithium,pqcrystals_dilithium2_ref_polyvecl_pointwise_acc_montgomery,loopOrFuncSkip/pqcrystals_dilithium2_ref_polyvecl_pointwise_acc_montgomery_fnSkip_pqcrystals_dilithium2_ref_poly_pointwise_montgomery_line8,test_result.txt,ineffective,no,no disagreement found in range swept
dilithium,pqcrystals_dilithium2_ref_polyvecl_pointwise_poly_montgomery,loopOrFuncSkip/pqcrystals_dilithium2_ref_polyvecl_pointwise_poly_montgomery_fnSkip_pqcrystals_dilithium2_ref_poly_pointwise_montgomery_line6,test_result.txt,correction,no,"no (s, alpha) with constant Delta across p found in range swept"
dilithium,pqcrystals_dilithium2_ref_polyvecl_pointwise_poly_montgomery,loopOrFuncSkip/pqcrystals_dilithium2_ref_polyvecl_pointwise_poly_montgomery_fnSkip_pqcrystals_dilithium2_ref_poly_pointwise_montgomery_line6,test_result.txt,ineffective,yes,"DETECTED at pos 0 (s1=0 ineffective, s2=32864 effective)"
dilithium,pqcrystals_dilithium2_ref_polyvecl_uniform_eta,loopOrFuncSkip/pqcrystals_dilithium2_ref_polyvecl_uniform_eta_fnSkip_pqcrystals_dilithium2_ref_poly_uniform_eta_line6,test_result.txt,correction,yes,"SATISFIED at pos 89 (s=0, alpha=255: y1 = y2 xor alpha for all 4 swept p)"
dilithium,pqcrystals_dilithium2_ref_polyvecl_uniform_eta,loopOrFuncSkip/pqcrystals_dilithium2_ref_polyvecl_uniform_eta_fnSkip_pqcrystals_dilithium2_ref_poly_uniform_eta_line6,test_result.txt,ineffective,yes,"DETECTED at pos 4 (s1=0 ineffective, s2=1 effective)"
dilithium,pqcrystals_dilithium2_ref_polyvecl_uniform_gamma1,loopOrFuncSkip/pqcrystals_dilithium2_ref_polyvecl_uniform_gamma1_fnSkip_pqcrystals_dilithium2_ref_poly_uniform_gamma1_line9,test_result.txt,correction,yes,"SATISFIED at pos 83 (s=0, alpha=255: y1 = y2 xor alpha for all 4 swept p)"
dilithium,pqcrystals_dilithium2_ref_polyvecl_uniform_gamma1,loopOrFuncSkip/pqcrystals_dilithium2_ref_polyvecl_uniform_gamma1_fnSkip_pqcrystals_dilithium2_ref_poly_uniform_gamma1_line9,test_result.txt,ineffective,yes,"DETECTED at pos 6 (s1=0 ineffective, s2=1 effective)"
dilithium,pqcrystals_dilithium2_ref_signature_internal,loopOrFuncSkip/pqcrystals_dilithium2_ref_signature_internal_fnSkip_memcpy_line37,test_result.txt,correction,yes,"SATISFIED at pos 920 (s=176, alpha=192: y1 = y2 xor alpha for all 4 swept p)"
dilithium,pqcrystals_dilithium2_ref_signature_internal,loopOrFuncSkip/pqcrystals_dilithium2_ref_signature_internal_fnSkip_memcpy_line37,test_result.txt,ineffective,yes,"DETECTED at pos 33 (s1=0 ineffective, s2=1 effective)"
dilithium,pqcrystals_dilithium2_ref_signature_internal,loopOrFuncSkip/pqcrystals_dilithium2_ref_signature_internal_fnSkip_pqcrystals_dilithium2_ref_pack_sig_line77,test_result.txt,correction,no,"no (s, alpha) with constant Delta across p found in range swept"
dilithium,pqcrystals_dilithium2_ref_signature_internal,loopOrFuncSkip/pqcrystals_dilithium2_ref_signature_internal_fnSkip_pqcrystals_dilithium2_ref_pack_sig_line77,test_result.txt,ineffective,yes,"DETECTED at pos 113 (s1=0 ineffective, s2=1 effective)"
dilithium,pqcrystals_dilithium2_ref_signature_internal,loopOrFuncSkip/pqcrystals_dilithium2_ref_signature_internal_fnSkip_pqcrystals_dilithium2_ref_poly_challenge_line50,test_result.txt,correction,yes,"SATISFIED at pos 209 (s=1, alpha=64: y1 = y2 xor alpha for all 4 swept p)"
dilithium,pqcrystals_dilithium2_ref_signature_internal,loopOrFuncSkip/pqcrystals_dilithium2_ref_signature_internal_fnSkip_pqcrystals_dilithium2_ref_poly_challenge_line50,test_result.txt,ineffective,yes,"DETECTED at pos 37 (s1=0 ineffective, s2=1 effective)"
dilithium,pqcrystals_dilithium2_ref_signature_internal,loopOrFuncSkip/pqcrystals_dilithium2_ref_signature_internal_fnSkip_pqcrystals_dilithium2_ref_poly_ntt_line51,test_result.txt,correction,timeout,subprocess.TimeoutExpired
dilithium,pqcrystals_dilithium2_ref_signature_internal,loopOrFuncSkip/pqcrystals_dilithium2_ref_signature_internal_fnSkip_pqcrystals_dilithium2_ref_poly_ntt_line51,test_result.txt,ineffective,timeout,subprocess.TimeoutExpired
dilithium,pqcrystals_dilithium2_ref_signature_internal,loopOrFuncSkip/pqcrystals_dilithium2_ref_signature_internal_fnSkip_pqcrystals_dilithium2_ref_polyvec_matrix_expand_line29,test_result.txt,correction,yes,"SATISFIED at pos 920 (s=176, alpha=192: y1 = y2 xor alpha for all 4 swept p)"
dilithium,pqcrystals_dilithium2_ref_signature_internal,loopOrFuncSkip/pqcrystals_dilithium2_ref_signature_internal_fnSkip_pqcrystals_dilithium2_ref_polyvec_matrix_expand_line29,test_result.txt,ineffective,yes,"DETECTED at pos 33 (s1=0 ineffective, s2=1 effective)"
dilithium,pqcrystals_dilithium2_ref_signature_internal,loopOrFuncSkip/pqcrystals_dilithium2_ref_signature_internal_fnSkip_pqcrystals_dilithium2_ref_polyvec_matrix_pointwise_montgomery_line39,test_result.txt,correction,yes,"SATISFIED at pos 920 (s=176, alpha=192: y1 = y2 xor alpha for all 4 swept p)"
dilithium,pqcrystals_dilithium2_ref_signature_internal,loopOrFuncSkip/pqcrystals_dilithium2_ref_signature_internal_fnSkip_pqcrystals_dilithium2_ref_polyvec_matrix_pointwise_montgomery_line39,test_result.txt,ineffective,yes,"DETECTED at pos 33 (s1=0 ineffective, s2=1 effective)"
dilithium,pqcrystals_dilithium2_ref_signature_internal,loopOrFuncSkip/pqcrystals_dilithium2_ref_signature_internal_fnSkip_pqcrystals_dilithium2_ref_polyveck_add_line73,test_result.txt,correction,no,"no (s, alpha) with constant Delta across p found in range swept"
dilithium,pqcrystals_dilithium2_ref_signature_internal,loopOrFuncSkip/pqcrystals_dilithium2_ref_signature_internal_fnSkip_pqcrystals_dilithium2_ref_polyveck_add_line73,test_result.txt,ineffective,yes,"DETECTED at pos 2366 (s1=0 ineffective, s2=1 effective)"
dilithium,pqcrystals_dilithium2_ref_signature_internal,loopOrFuncSkip/pqcrystals_dilithium2_ref_signature_internal_fnSkip_pqcrystals_dilithium2_ref_polyveck_caddq_line42,test_result.txt,correction,yes,"SATISFIED at pos 219 (s=9, alpha=2: y1 = y2 xor alpha for all 4 swept p)"
dilithium,pqcrystals_dilithium2_ref_signature_internal,loopOrFuncSkip/pqcrystals_dilithium2_ref_signature_internal_fnSkip_pqcrystals_dilithium2_ref_polyveck_caddq_line42,test_result.txt,ineffective,yes,"DETECTED at pos 33 (s1=0 ineffective, s2=1 effective)"
dilithium,pqcrystals_dilithium2_ref_signature_internal,loopOrFuncSkip/pqcrystals_dilithium2_ref_signature_internal_fnSkip_pqcrystals_dilithium2_ref_polyveck_chknorm_line64,test_result.txt,correction,no,"no (s, alpha) with constant Delta across p found in range swept"
dilithium,pqcrystals_dilithium2_ref_signature_internal,loopOrFuncSkip/pqcrystals_dilithium2_ref_signature_internal_fnSkip_pqcrystals_dilithium2_ref_polyveck_chknorm_line64,test_result.txt,ineffective,yes,"DETECTED at pos 0 (s1=0 ineffective, s2=1 effective)"
dilithium,pqcrystals_dilithium2_ref_signature_internal,loopOrFuncSkip/pqcrystals_dilithium2_ref_signature_internal_fnSkip_pqcrystals_dilithium2_ref_polyveck_chknorm_line70,test_result.txt,correction,no,"no (s, alpha) with constant Delta across p found in range swept"
dilithium,pqcrystals_dilithium2_ref_signature_internal,loopOrFuncSkip/pqcrystals_dilithium2_ref_signature_internal_fnSkip_pqcrystals_dilithium2_ref_polyveck_chknorm_line70,test_result.txt,ineffective,no,no disagreement found in range swept
dilithium,pqcrystals_dilithium2_ref_signature_internal,loopOrFuncSkip/pqcrystals_dilithium2_ref_signature_internal_fnSkip_pqcrystals_dilithium2_ref_polyveck_decompose_line43,test_result.txt,correction,yes,"SATISFIED at pos 332 (s=13, alpha=1: y1 = y2 xor alpha for all 4 swept p)"
dilithium,pqcrystals_dilithium2_ref_signature_internal,loopOrFuncSkip/pqcrystals_dilithium2_ref_signature_internal_fnSkip_pqcrystals_dilithium2_ref_polyveck_decompose_line43,test_result.txt,ineffective,yes,"DETECTED at pos 33 (s1=0 ineffective, s2=1 effective)"
dilithium,pqcrystals_dilithium2_ref_signature_internal,loopOrFuncSkip/pqcrystals_dilithium2_ref_signature_internal_fnSkip_pqcrystals_dilithium2_ref_polyveck_invntt_tomont_line41,test_result.txt,correction,yes,"SATISFIED at pos 442 (s=40, alpha=3: y1 = y2 xor alpha for all 4 swept p)"
dilithium,pqcrystals_dilithium2_ref_signature_internal,loopOrFuncSkip/pqcrystals_dilithium2_ref_signature_internal_fnSkip_pqcrystals_dilithium2_ref_polyveck_invntt_tomont_line41,test_result.txt,ineffective,yes,"DETECTED at pos 33 (s1=0 ineffective, s2=1 effective)"
dilithium,pqcrystals_dilithium2_ref_signature_internal,loopOrFuncSkip/pqcrystals_dilithium2_ref_signature_internal_fnSkip_pqcrystals_dilithium2_ref_polyveck_invntt_tomont_line61,test_result.txt,correction,timeout,subprocess.TimeoutExpired
dilithium,pqcrystals_dilithium2_ref_signature_internal,loopOrFuncSkip/pqcrystals_dilithium2_ref_signature_internal_fnSkip_pqcrystals_dilithium2_ref_polyveck_invntt_tomont_line61,test_result.txt,ineffective,timeout,subprocess.TimeoutExpired
dilithium,pqcrystals_dilithium2_ref_signature_internal,loopOrFuncSkip/pqcrystals_dilithium2_ref_signature_internal_fnSkip_pqcrystals_dilithium2_ref_polyveck_invntt_tomont_line68,test_result.txt,correction,timeout,subprocess.TimeoutExpired
dilithium,pqcrystals_dilithium2_ref_signature_internal,loopOrFuncSkip/pqcrystals_dilithium2_ref_signature_internal_fnSkip_pqcrystals_dilithium2_ref_polyveck_invntt_tomont_line68,test_result.txt,ineffective,timeout,subprocess.TimeoutExpired
dilithium,pqcrystals_dilithium2_ref_signature_internal,loopOrFuncSkip/pqcrystals_dilithium2_ref_signature_internal_fnSkip_pqcrystals_dilithium2_ref_polyveck_make_hint_line74,test_result.txt,correction,no,"no (s, alpha) with constant Delta across p found in range swept"
dilithium,pqcrystals_dilithium2_ref_signature_internal,loopOrFuncSkip/pqcrystals_dilithium2_ref_signature_internal_fnSkip_pqcrystals_dilithium2_ref_polyveck_make_hint_line74,test_result.txt,ineffective,no,no disagreement found in range swept
dilithium,pqcrystals_dilithium2_ref_signature_internal,loopOrFuncSkip/pqcrystals_dilithium2_ref_signature_internal_fnSkip_pqcrystals_dilithium2_ref_polyveck_ntt_line31,test_result.txt,correction,timeout,subprocess.TimeoutExpired
dilithium,pqcrystals_dilithium2_ref_signature_internal,loopOrFuncSkip/pqcrystals_dilithium2_ref_signature_internal_fnSkip_pqcrystals_dilithium2_ref_polyveck_ntt_line31,test_result.txt,ineffective,timeout,subprocess.TimeoutExpired
dilithium,pqcrystals_dilithium2_ref_signature_internal,loopOrFuncSkip/pqcrystals_dilithium2_ref_signature_internal_fnSkip_pqcrystals_dilithium2_ref_polyveck_ntt_line32,test_result.txt,correction,timeout,subprocess.TimeoutExpired
dilithium,pqcrystals_dilithium2_ref_signature_internal,loopOrFuncSkip/pqcrystals_dilithium2_ref_signature_internal_fnSkip_pqcrystals_dilithium2_ref_polyveck_ntt_line32,test_result.txt,ineffective,timeout,subprocess.TimeoutExpired
dilithium,pqcrystals_dilithium2_ref_signature_internal,loopOrFuncSkip/pqcrystals_dilithium2_ref_signature_internal_fnSkip_pqcrystals_dilithium2_ref_polyveck_pack_w1_line44,test_result.txt,correction,yes,"SATISFIED at pos 271 (s=14, alpha=1: y1 = y2 xor alpha for all 4 swept p)"
dilithium,pqcrystals_dilithium2_ref_signature_internal,loopOrFuncSkip/pqcrystals_dilithium2_ref_signature_internal_fnSkip_pqcrystals_dilithium2_ref_polyveck_pack_w1_line44,test_result.txt,ineffective,yes,"DETECTED at pos 33 (s1=0 ineffective, s2=1 effective)"
dilithium,pqcrystals_dilithium2_ref_signature_internal,loopOrFuncSkip/pqcrystals_dilithium2_ref_signature_internal_fnSkip_pqcrystals_dilithium2_ref_polyveck_pointwise_poly_montgomery_line60,test_result.txt,ineffective,yes,"[+] INEFFECTIVE hit at pos 2378: s1=0 (d1=True, ineffective) vs s2=1 (d2=False, effective)"
dilithium,pqcrystals_dilithium2_ref_signature_internal,loopOrFuncSkip/pqcrystals_dilithium2_ref_signature_internal_fnSkip_pqcrystals_dilithium2_ref_polyveck_pointwise_poly_montgomery_line67,test_result.txt,correction,timeout,subprocess.TimeoutExpired
dilithium,pqcrystals_dilithium2_ref_signature_internal,loopOrFuncSkip/pqcrystals_dilithium2_ref_signature_internal_fnSkip_pqcrystals_dilithium2_ref_polyveck_pointwise_poly_montgomery_line67,test_result.txt,ineffective,timeout,subprocess.TimeoutExpired
dilithium,pqcrystals_dilithium2_ref_signature_internal,loopOrFuncSkip/pqcrystals_dilithium2_ref_signature_internal_fnSkip_pqcrystals_dilithium2_ref_polyveck_reduce_line40,test_result.txt,correction,no,"no (s, alpha) with constant Delta across p found in range swept"
dilithium,pqcrystals_dilithium2_ref_signature_internal,loopOrFuncSkip/pqcrystals_dilithium2_ref_signature_internal_fnSkip_pqcrystals_dilithium2_ref_polyveck_reduce_line40,test_result.txt,ineffective,no,no disagreement found in range swept
dilithium,pqcrystals_dilithium2_ref_signature_internal,loopOrFuncSkip/pqcrystals_dilithium2_ref_signature_internal_fnSkip_pqcrystals_dilithium2_ref_polyveck_reduce_line63,test_result.txt,correction,no,"no (s, alpha) with constant Delta across p found in range swept"
dilithium,pqcrystals_dilithium2_ref_signature_internal,loopOrFuncSkip/pqcrystals_dilithium2_ref_signature_internal_fnSkip_pqcrystals_dilithium2_ref_polyveck_reduce_line63,test_result.txt,ineffective,no,no disagreement found in range swept
dilithium,pqcrystals_dilithium2_ref_signature_internal,loopOrFuncSkip/pqcrystals_dilithium2_ref_signature_internal_fnSkip_pqcrystals_dilithium2_ref_polyveck_reduce_line69,test_result.txt,correction,no,"no (s, alpha) with constant Delta across p found in range swept"
dilithium,pqcrystals_dilithium2_ref_signature_internal,loopOrFuncSkip/pqcrystals_dilithium2_ref_signature_internal_fnSkip_pqcrystals_dilithium2_ref_polyveck_reduce_line69,test_result.txt,ineffective,no,no disagreement found in range swept
dilithium,pqcrystals_dilithium2_ref_signature_internal,loopOrFuncSkip/pqcrystals_dilithium2_ref_signature_internal_fnSkip_pqcrystals_dilithium2_ref_polyveck_sub_line62,test_result.txt,correction,no,"no (s, alpha) with constant Delta across p found in range swept"
dilithium,pqcrystals_dilithium2_ref_signature_internal,loopOrFuncSkip/pqcrystals_dilithium2_ref_signature_internal_fnSkip_pqcrystals_dilithium2_ref_polyveck_sub_line62,test_result.txt,ineffective,yes,"DETECTED at pos 2378 (s1=0 ineffective, s2=1 effective)"
dilithium,pqcrystals_dilithium2_ref_signature_internal,loopOrFuncSkip/pqcrystals_dilithium2_ref_signature_internal_fnSkip_pqcrystals_dilithium2_ref_polyvecl_add_line54,test_result.txt,correction,no,"no (s, alpha) with constant Delta across p found in range swept"
dilithium,pqcrystals_dilithium2_ref_signature_internal,loopOrFuncSkip/pqcrystals_dilithium2_ref_signature_internal_fnSkip_pqcrystals_dilithium2_ref_polyvecl_add_line54,test_result.txt,ineffective,yes,"DETECTED at pos 82 (s1=0 ineffective, s2=1 effective)"
dilithium,pqcrystals_dilithium2_ref_signature_internal,loopOrFuncSkip/pqcrystals_dilithium2_ref_signature_internal_fnSkip_pqcrystals_dilithium2_ref_polyvecl_chknorm_line56,test_result.txt,correction,no,"no (s, alpha) with constant Delta across p found in range swept"
dilithium,pqcrystals_dilithium2_ref_signature_internal,loopOrFuncSkip/pqcrystals_dilithium2_ref_signature_internal_fnSkip_pqcrystals_dilithium2_ref_polyvecl_chknorm_line56,test_result.txt,ineffective,yes,"DETECTED at pos 0 (s1=0 ineffective, s2=4 effective)"
dilithium,pqcrystals_dilithium2_ref_signature_internal,loopOrFuncSkip/pqcrystals_dilithium2_ref_signature_internal_fnSkip_pqcrystals_dilithium2_ref_polyvecl_invntt_tomont_line53,test_result.txt,correction,timeout,subprocess.TimeoutExpired
dilithium,pqcrystals_dilithium2_ref_signature_internal,loopOrFuncSkip/pqcrystals_dilithium2_ref_signature_internal_fnSkip_pqcrystals_dilithium2_ref_polyvecl_invntt_tomont_line53,test_result.txt,ineffective,timeout,subprocess.TimeoutExpired
dilithium,pqcrystals_dilithium2_ref_signature_internal,loopOrFuncSkip/pqcrystals_dilithium2_ref_signature_internal_fnSkip_pqcrystals_dilithium2_ref_polyvecl_ntt_line30,test_result.txt,correction,timeout,subprocess.TimeoutExpired
dilithium,pqcrystals_dilithium2_ref_signature_internal,loopOrFuncSkip/pqcrystals_dilithium2_ref_signature_internal_fnSkip_pqcrystals_dilithium2_ref_polyvecl_ntt_line30,test_result.txt,ineffective,timeout,subprocess.TimeoutExpired
dilithium,pqcrystals_dilithium2_ref_signature_internal,loopOrFuncSkip/pqcrystals_dilithium2_ref_signature_internal_fnSkip_pqcrystals_dilithium2_ref_polyvecl_ntt_line38,test_result.txt,correction,yes,"SATISFIED at pos 497 (s=169, alpha=64: y1 = y2 xor alpha for all 4 swept p)"
dilithium,pqcrystals_dilithium2_ref_signature_internal,loopOrFuncSkip/pqcrystals_dilithium2_ref_signature_internal_fnSkip_pqcrystals_dilithium2_ref_polyvecl_ntt_line38,test_result.txt,ineffective,yes,"DETECTED at pos 249 (s1=0 ineffective, s2=1 effective)"
dilithium,pqcrystals_dilithium2_ref_signature_internal,loopOrFuncSkip/pqcrystals_dilithium2_ref_signature_internal_fnSkip_pqcrystals_dilithium2_ref_polyvecl_pointwise_poly_montgomery_line52,test_result.txt,correction,timeout,subprocess.TimeoutExpired
dilithium,pqcrystals_dilithium2_ref_signature_internal,loopOrFuncSkip/pqcrystals_dilithium2_ref_signature_internal_fnSkip_pqcrystals_dilithium2_ref_polyvecl_pointwise_poly_montgomery_line52,test_result.txt,ineffective,timeout,subprocess.TimeoutExpired
dilithium,pqcrystals_dilithium2_ref_signature_internal,loopOrFuncSkip/pqcrystals_dilithium2_ref_signature_internal_fnSkip_pqcrystals_dilithium2_ref_polyvecl_reduce_line55,test_result.txt,correction,no,"no (s, alpha) with constant Delta across p found in range swept"
dilithium,pqcrystals_dilithium2_ref_signature_internal,loopOrFuncSkip/pqcrystals_dilithium2_ref_signature_internal_fnSkip_pqcrystals_dilithium2_ref_polyvecl_reduce_line55,test_result.txt,ineffective,no,no disagreement found in range swept
dilithium,pqcrystals_dilithium2_ref_signature_internal,loopOrFuncSkip/pqcrystals_dilithium2_ref_signature_internal_fnSkip_pqcrystals_dilithium2_ref_polyvecl_uniform_gamma1_line36,test_result.txt,correction,no,"no (s, alpha) with constant Delta across p found in range swept"
dilithium,pqcrystals_dilithium2_ref_signature_internal,loopOrFuncSkip/pqcrystals_dilithium2_ref_signature_internal_fnSkip_pqcrystals_dilithium2_ref_polyvecl_uniform_gamma1_line36,test_result.txt,ineffective,yes,"DETECTED at pos 107 (s1=1 ineffective, s2=0 effective)"
dilithium,pqcrystals_dilithium2_ref_signature_internal,loopOrFuncSkip/pqcrystals_dilithium2_ref_signature_internal_fnSkip_pqcrystals_dilithium2_ref_unpack_sk_line16,test_result.txt,correction,no,"no (s, alpha) with constant Delta across p found in range swept"
dilithium,pqcrystals_dilithium2_ref_signature_internal,loopOrFuncSkip/pqcrystals_dilithium2_ref_signature_internal_fnSkip_pqcrystals_dilithium2_ref_unpack_sk_line16,test_result.txt,ineffective,yes,"DETECTED at pos 30 (s1=0 ineffective, s2=1 effective)"
dilithium,pqcrystals_dilithium2_ref_signature_internal,loopOrFuncSkip/pqcrystals_dilithium2_ref_signature_internal_fnSkip_pqcrystals_dilithium_fips202_ref_shake256_absorb_line18,test_result.txt,correction,no,"no (s, alpha) with constant Delta across p found in range swept"
dilithium,pqcrystals_dilithium2_ref_signature_internal,loopOrFuncSkip/pqcrystals_dilithium2_ref_signature_internal_fnSkip_pqcrystals_dilithium_fips202_ref_shake256_absorb_line18,test_result.txt,ineffective,yes,"DETECTED at pos 41 (s1=0 ineffective, s2=1 effective)"
dilithium,pqcrystals_dilithium2_ref_signature_internal,loopOrFuncSkip/pqcrystals_dilithium2_ref_signature_internal_fnSkip_pqcrystals_dilithium_fips202_ref_shake256_absorb_line19,test_result.txt,correction,yes,"SATISFIED at pos 2419 (s=210, alpha=7: y1 = y2 xor alpha for all 4 swept p)"
dilithium,pqcrystals_dilithium2_ref_signature_internal,loopOrFuncSkip/pqcrystals_dilithium2_ref_signature_internal_fnSkip_pqcrystals_dilithium_fips202_ref_shake256_absorb_line19,test_result.txt,ineffective,yes,"DETECTED at pos 7 (s1=0 ineffective, s2=1 effective)"
dilithium,pqcrystals_dilithium2_ref_signature_internal,loopOrFuncSkip/pqcrystals_dilithium2_ref_signature_internal_fnSkip_pqcrystals_dilithium_fips202_ref_shake256_absorb_line20,test_result.txt,correction,no,"no (s, alpha) with constant Delta across p found in range swept"
dilithium,pqcrystals_dilithium2_ref_signature_internal,loopOrFuncSkip/pqcrystals_dilithium2_ref_signature_internal_fnSkip_pqcrystals_dilithium_fips202_ref_shake256_absorb_line20,test_result.txt,ineffective,yes,"DETECTED at pos 40 (s1=1 ineffective, s2=0 effective)"
dilithium,pqcrystals_dilithium2_ref_signature_internal,loopOrFuncSkip/pqcrystals_dilithium2_ref_signature_internal_fnSkip_pqcrystals_dilithium_fips202_ref_shake256_absorb_line24,test_result.txt,correction,no,"no (s, alpha) with constant Delta across p found in range swept"
dilithium,pqcrystals_dilithium2_ref_signature_internal,loopOrFuncSkip/pqcrystals_dilithium2_ref_signature_internal_fnSkip_pqcrystals_dilithium_fips202_ref_shake256_absorb_line24,test_result.txt,ineffective,yes,"DETECTED at pos 5 (s1=0 ineffective, s2=1 effective)"
dilithium,pqcrystals_dilithium2_ref_signature_internal,loopOrFuncSkip/pqcrystals_dilithium2_ref_signature_internal_fnSkip_pqcrystals_dilithium_fips202_ref_shake256_absorb_line25,test_result.txt,correction,no,"no (s, alpha) with constant Delta across p found in range swept"
dilithium,pqcrystals_dilithium2_ref_signature_internal,loopOrFuncSkip/pqcrystals_dilithium2_ref_signature_internal_fnSkip_pqcrystals_dilithium_fips202_ref_shake256_absorb_line25,test_result.txt,ineffective,yes,"DETECTED at pos 7 (s1=0 ineffective, s2=1 effective)"
dilithium,pqcrystals_dilithium2_ref_signature_internal,loopOrFuncSkip/pqcrystals_dilithium2_ref_signature_internal_fnSkip_pqcrystals_dilithium_fips202_ref_shake256_absorb_line26,test_result.txt,correction,no,"no (s, alpha) with constant Delta across p found in range swept"
dilithium,pqcrystals_dilithium2_ref_signature_internal,loopOrFuncSkip/pqcrystals_dilithium2_ref_signature_internal_fnSkip_pqcrystals_dilithium_fips202_ref_shake256_absorb_line26,test_result.txt,ineffective,yes,"DETECTED at pos 124 (s1=1 ineffective, s2=0 effective)"
dilithium,pqcrystals_dilithium2_ref_signature_internal,loopOrFuncSkip/pqcrystals_dilithium2_ref_signature_internal_fnSkip_pqcrystals_dilithium_fips202_ref_shake256_absorb_line46,test_result.txt,correction,yes,"SATISFIED at pos 128 (s=2, alpha=64: y1 = y2 xor alpha for all 4 swept p)"
dilithium,pqcrystals_dilithium2_ref_signature_internal,loopOrFuncSkip/pqcrystals_dilithium2_ref_signature_internal_fnSkip_pqcrystals_dilithium_fips202_ref_shake256_absorb_line46,test_result.txt,ineffective,yes,"DETECTED at pos 33 (s1=0 ineffective, s2=1 effective)"
dilithium,pqcrystals_dilithium2_ref_signature_internal,loopOrFuncSkip/pqcrystals_dilithium2_ref_signature_internal_fnSkip_pqcrystals_dilithium_fips202_ref_shake256_absorb_line47,test_result.txt,correction,yes,"SATISFIED at pos 118 (s=11, alpha=1: y1 = y2 xor alpha for all 4 swept p)"
dilithium,pqcrystals_dilithium2_ref_signature_internal,loopOrFuncSkip/pqcrystals_dilithium2_ref_signature_internal_fnSkip_pqcrystals_dilithium_fips202_ref_shake256_absorb_line47,test_result.txt,ineffective,yes,"DETECTED at pos 33 (s1=0 ineffective, s2=1 effective)"
dilithium,pqcrystals_dilithium2_ref_signature_internal,loopOrFuncSkip/pqcrystals_dilithium2_ref_signature_internal_fnSkip_pqcrystals_dilithium_fips202_ref_shake256_finalize_line21,test_result.txt,correction,no,"no (s, alpha) with constant Delta across p found in range swept"
dilithium,pqcrystals_dilithium2_ref_signature_internal,loopOrFuncSkip/pqcrystals_dilithium2_ref_signature_internal_fnSkip_pqcrystals_dilithium_fips202_ref_shake256_finalize_line21,test_result.txt,ineffective,yes,"DETECTED at pos 47 (s1=0 ineffective, s2=1 effective)"
dilithium,pqcrystals_dilithium2_ref_signature_internal,loopOrFuncSkip/pqcrystals_dilithium2_ref_signature_internal_fnSkip_pqcrystals_dilithium_fips202_ref_shake256_finalize_line27,test_result.txt,correction,no,"no (s, alpha) with constant Delta across p found in range swept"
dilithium,pqcrystals_dilithium2_ref_signature_internal,loopOrFuncSkip/pqcrystals_dilithium2_ref_signature_internal_fnSkip_pqcrystals_dilithium_fips202_ref_shake256_finalize_line27,test_result.txt,ineffective,yes,"DETECTED at pos 12 (s1=0 ineffective, s2=1 effective)"
dilithium,pqcrystals_dilithium2_ref_signature_internal,loopOrFuncSkip/pqcrystals_dilithium2_ref_signature_internal_fnSkip_pqcrystals_dilithium_fips202_ref_shake256_finalize_line48,test_result.txt,correction,yes,"SATISFIED at pos 1522 (s=11, alpha=1: y1 = y2 xor alpha for all 4 swept p)"
dilithium,pqcrystals_dilithium2_ref_signature_internal,loopOrFuncSkip/pqcrystals_dilithium2_ref_signature_internal_fnSkip_pqcrystals_dilithium_fips202_ref_shake256_finalize_line48,test_result.txt,ineffective,yes,"DETECTED at pos 14 (s1=0 ineffective, s2=1 effective)"
dilithium,pqcrystals_dilithium2_ref_signature_internal,loopOrFuncSkip/pqcrystals_dilithium2_ref_signature_internal_fnSkip_pqcrystals_dilithium_fips202_ref_shake256_init_line17,test_result.txt,correction,no,"no (s, alpha) with constant Delta across p found in range swept"
dilithium,pqcrystals_dilithium2_ref_signature_internal,loopOrFuncSkip/pqcrystals_dilithium2_ref_signature_internal_fnSkip_pqcrystals_dilithium_fips202_ref_shake256_init_line17,test_result.txt,ineffective,no,no disagreement found in range swept
dilithium,pqcrystals_dilithium2_ref_signature_internal,loopOrFuncSkip/pqcrystals_dilithium2_ref_signature_internal_fnSkip_pqcrystals_dilithium_fips202_ref_shake256_init_line23,test_result.txt,correction,yes,"SATISFIED at pos 2416 (s=197, alpha=2: y1 = y2 xor alpha for all 4 swept p)"
dilithium,pqcrystals_dilithium2_ref_signature_internal,loopOrFuncSkip/pqcrystals_dilithium2_ref_signature_internal_fnSkip_pqcrystals_dilithium_fips202_ref_shake256_init_line23,test_result.txt,ineffective,yes,"DETECTED at pos 182 (s1=1 ineffective, s2=0 effective)"
dilithium,pqcrystals_dilithium2_ref_signature_internal,loopOrFuncSkip/pqcrystals_dilithium2_ref_signature_internal_fnSkip_pqcrystals_dilithium_fips202_ref_shake256_init_line45,test_result.txt,correction,yes,"SATISFIED at pos 947 (s=4, alpha=192: y1 = y2 xor alpha for all 4 swept p)"
dilithium,pqcrystals_dilithium2_ref_signature_internal,loopOrFuncSkip/pqcrystals_dilithium2_ref_signature_internal_fnSkip_pqcrystals_dilithium_fips202_ref_shake256_init_line45,test_result.txt,ineffective,yes,"DETECTED at pos 33 (s1=0 ineffective, s2=1 effective)"
dilithium,pqcrystals_dilithium2_ref_signature_internal,loopOrFuncSkip/pqcrystals_dilithium2_ref_signature_internal_fnSkip_pqcrystals_dilithium_fips202_ref_shake256_squeeze_line22,test_result.txt,correction,no,"no (s, alpha) with constant Delta across p found in range swept"
dilithium,pqcrystals_dilithium2_ref_signature_internal,loopOrFuncSkip/pqcrystals_dilithium2_ref_signature_internal_fnSkip_pqcrystals_dilithium_fips202_ref_shake256_squeeze_line22,test_result.txt,ineffective,yes,"DETECTED at pos 94 (s1=1 ineffective, s2=0 effective)"
dilithium,pqcrystals_dilithium2_ref_signature_internal,loopOrFuncSkip/pqcrystals_dilithium2_ref_signature_internal_fnSkip_pqcrystals_dilithium_fips202_ref_shake256_squeeze_line28,test_result.txt,correction,no,"no (s, alpha) with constant Delta across p found in range swept"
dilithium,pqcrystals_dilithium2_ref_signature_internal,loopOrFuncSkip/pqcrystals_dilithium2_ref_signature_internal_fnSkip_pqcrystals_dilithium_fips202_ref_shake256_squeeze_line28,test_result.txt,ineffective,yes,"DETECTED at pos 405 (s1=1 ineffective, s2=0 effective)"
dilithium,pqcrystals_dilithium2_ref_signature_internal,loopOrFuncSkip/pqcrystals_dilithium2_ref_signature_internal_fnSkip_pqcrystals_dilithium_fips202_ref_shake256_squeeze_line49,test_result.txt,correction,yes,"SATISFIED at pos 1631 (s=3, alpha=192: y1 = y2 xor alpha for all 4 swept p)"
dilithium,pqcrystals_dilithium2_ref_signature_internal,loopOrFuncSkip/pqcrystals_dilithium2_ref_signature_internal_fnSkip_pqcrystals_dilithium_fips202_ref_shake256_squeeze_line49,test_result.txt,ineffective,yes,"DETECTED at pos 13 (s1=1 ineffective, s2=0 effective)"
kyber,cbd2,loadStoreSkip/cbd2_line27_mem,correction_paired_result.txt,correction,yes,pos 0: 47616/65280 pairs disagree (+1 more position(s))
kyber,cbd2,loadStoreSkip/cbd2_line27_mem,test_result.txt,correction,yes,"SATISFIED at pos 0 (s=1, alpha=1: y1 = y2 xor alpha for all 4 swept p)"
kyber,cbd2,loadStoreSkip/cbd2_line27_mem,ineffective_paired_result.txt,ineffective,yes,pos 0: 30720/65280 pairs disagree (+1 more position(s))
kyber,cbd2,loadStoreSkip/cbd2_line27_mem,test_result.txt,ineffective,yes,"DETECTED at pos 0 (s1=0 ineffective, s2=1 effective)"
kyber,keccak_absorb,binOpFault/keccak_absorb_line22_opA,test_result.txt,correction,no,"no (s, alpha) with constant Delta across p found in range swept"
kyber,keccak_absorb,binOpFault/keccak_absorb_line22_opA,test_result.txt,ineffective,yes,"DETECTED at pos 22 (s1=0 ineffective, s2=1 effective)"
kyber,keccak_absorb,binOpFault/keccak_absorb_line22_opB,test_result.txt,correction,no,"no (s, alpha) with constant Delta across p found in range swept"
kyber,keccak_absorb,binOpFault/keccak_absorb_line22_opB,test_result.txt,ineffective,yes,"DETECTED at pos 147 (s1=1 ineffective, s2=0 effective)"
kyber,keccak_absorb,binOpFault/keccak_absorb_line22_undef,test_result.txt,correction,no,"no (s, alpha) with constant Delta across p found in range swept"
kyber,keccak_absorb,binOpFault/keccak_absorb_line22_undef,test_result.txt,ineffective,yes,"DETECTED at pos 147 (s1=1 ineffective, s2=0 effective)"
kyber,keccak_absorb,binOpFault/keccak_absorb_line22_zero,test_result.txt,correction,no,"no (s, alpha) with constant Delta across p found in range swept"
kyber,keccak_absorb,binOpFault/keccak_absorb_line22_zero,test_result.txt,ineffective,yes,"DETECTED at pos 147 (s1=1 ineffective, s2=0 effective)"
kyber,keccak_absorb,binOpFault/keccak_absorb_line26_opA,test_result.txt,correction,no,"no (s, alpha) with constant Delta across p found in range swept"
kyber,keccak_absorb,binOpFault/keccak_absorb_line26_opA,test_result.txt,ineffective,yes,"DETECTED at pos 147 (s1=1 ineffective, s2=0 effective)"
kyber,keccak_absorb,binOpFault/keccak_absorb_line26_opB,test_result.txt,correction,no,"no (s, alpha) with constant Delta across p found in range swept"
kyber,keccak_absorb,binOpFault/keccak_absorb_line26_opB,test_result.txt,ineffective,yes,"DETECTED at pos 174 (s1=0 ineffective, s2=1 effective)"
kyber,keccak_absorb,binOpFault/keccak_absorb_line26_undef,test_result.txt,correction,no,"no (s, alpha) with constant Delta across p found in range swept"
kyber,keccak_absorb,binOpFault/keccak_absorb_line26_undef,test_result.txt,ineffective,yes,"DETECTED at pos 147 (s1=1 ineffective, s2=0 effective)"
kyber,keccak_absorb,binOpFault/keccak_absorb_line26_zero,test_result.txt,correction,no,"no (s, alpha) with constant Delta across p found in range swept"
kyber,keccak_absorb,binOpFault/keccak_absorb_line26_zero,test_result.txt,ineffective,yes,"DETECTED at pos 51 (s1=1 ineffective, s2=0 effective)"
kyber,keccak_absorb,binOpFault/keccak_absorb_line46_opA,test_result.txt,correction,no,"no (s, alpha) with constant Delta across p found in range swept"
kyber,keccak_absorb,binOpFault/keccak_absorb_line46_opA,test_result.txt,ineffective,no,no disagreement found in range swept
kyber,keccak_absorb,binOpFault/keccak_absorb_line46_opB,test_result.txt,correction,no,"no (s, alpha) with constant Delta across p found in range swept"
kyber,keccak_absorb,binOpFault/keccak_absorb_line46_opB,test_result.txt,ineffective,no,no disagreement found in range swept
kyber,keccak_absorb,binOpFault/keccak_absorb_line46_undef,test_result.txt,correction,no,"no (s, alpha) with constant Delta across p found in range swept"
kyber,keccak_absorb,binOpFault/keccak_absorb_line46_undef,test_result.txt,ineffective,no,no disagreement found in range swept
kyber,keccak_absorb,binOpFault/keccak_absorb_line46_zero,test_result.txt,correction,no,"no (s, alpha) with constant Delta across p found in range swept"
kyber,keccak_absorb,binOpFault/keccak_absorb_line46_zero,test_result.txt,ineffective,no,no disagreement found in range swept
kyber,keccak_absorb,binOpFault/keccak_absorb_line50_opA,test_result.txt,correction,no,"no (s, alpha) with constant Delta across p found in range swept"
kyber,keccak_absorb,binOpFault/keccak_absorb_line50_opA,test_result.txt,ineffective,no,no disagreement found in range swept
kyber,keccak_absorb,binOpFault/keccak_absorb_line50_opB,test_result.txt,correction,no,"no (s, alpha) with constant Delta across p found in range swept"
kyber,keccak_absorb,binOpFault/keccak_absorb_line50_opB,test_result.txt,ineffective,no,no disagreement found in range swept
kyber,keccak_absorb,binOpFault/keccak_absorb_line50_undef,test_result.txt,correction,no,"no (s, alpha) with constant Delta across p found in range swept"
kyber,keccak_absorb,binOpFault/keccak_absorb_line50_undef,test_result.txt,ineffective,no,no disagreement found in range swept
kyber,keccak_absorb,binOpFault/keccak_absorb_line50_zero,test_result.txt,correction,no,"no (s, alpha) with constant Delta across p found in range swept"
kyber,keccak_absorb,binOpFault/keccak_absorb_line50_zero,test_result.txt,ineffective,no,no disagreement found in range swept
kyber,keccak_absorb,loadStoreSkip/keccak_absorb_line17_mem,correction_paired_result.txt,correction,yes,pos 0: 65018/65280 pairs disagree (+199 more position(s))
kyber,keccak_absorb,loadStoreSkip/keccak_absorb_line17_mem,test_result.txt,correction,no,"no (s, alpha) with constant Delta across p found in range swept"
kyber,keccak_absorb,loadStoreSkip/keccak_absorb_line17_mem,ineffective_paired_result.txt,ineffective,yes,pos 1: 510/65280 pairs disagree (+119 more position(s))
kyber,keccak_absorb,loadStoreSkip/keccak_absorb_line17_mem,test_result.txt,ineffective,yes,"DETECTED at pos 147 (s1=1 ineffective, s2=0 effective)"
kyber,keccak_absorb,loadStoreSkip/keccak_absorb_line25_mem,test_result.txt,correction,no,"no (s, alpha) with constant Delta across p found in range swept"
kyber,keccak_absorb,loadStoreSkip/keccak_absorb_line25_mem,test_result.txt,ineffective,yes,"DETECTED at pos 174 (s1=0 ineffective, s2=1 effective)"
kyber,keccak_absorb,loadStoreSkip/keccak_absorb_line27_mem,test_result.txt,correction,no,"no (s, alpha) with constant Delta across p found in range swept"
kyber,keccak_absorb,loadStoreSkip/keccak_absorb_line27_mem,test_result.txt,ineffective,yes,"DETECTED at pos 174 (s1=0 ineffective, s2=1 effective)"
kyber,keccak_absorb,loadStoreSkip/keccak_absorb_line41_mem,correction_paired_result.txt,correction,no,no position with disagreeing pairs
kyber,keccak_absorb,loadStoreSkip/keccak_absorb_line41_mem,test_result.txt,correction,no,"no (s, alpha) with constant Delta across p found in range swept"
kyber,keccak_absorb,loadStoreSkip/keccak_absorb_line41_mem,ineffective_paired_result.txt,ineffective,no,no position with disagreeing pairs
kyber,keccak_absorb,loadStoreSkip/keccak_absorb_line41_mem,test_result.txt,ineffective,no,no disagreement found in range swept
kyber,keccak_absorb,loadStoreSkip/keccak_absorb_line49_mem,test_result.txt,correction,no,"no (s, alpha) with constant Delta across p found in range swept"
kyber,keccak_absorb,loadStoreSkip/keccak_absorb_line49_mem,test_result.txt,ineffective,no,no disagreement found in range swept
kyber,keccak_absorb,loadStoreSkip/keccak_absorb_line51_mem,test_result.txt,correction,no,"no (s, alpha) with constant Delta across p found in range swept"
kyber,keccak_absorb,loadStoreSkip/keccak_absorb_line51_mem,test_result.txt,ineffective,no,no disagreement found in range swept
kyber,keccak_absorb,loopOrFuncSkip/keccak_absorb_fnSkip_KeccakF1600_StatePermute_line34,test_result.txt,correction,no,"no (s, alpha) with constant Delta across p found in range swept"
kyber,keccak_absorb,loopOrFuncSkip/keccak_absorb_fnSkip_KeccakF1600_StatePermute_line34,test_result.txt,ineffective,no,no disagreement found in range swept
kyber,keccak_absorb_once,binOpFault/keccak_absorb_once_line26_opA,test_result.txt,correction,no,"no (s, alpha) with constant Delta across p found in range swept"
kyber,keccak_absorb_once,binOpFault/keccak_absorb_once_line26_opA,test_result.txt,ineffective,no,no disagreement found in range swept
kyber,keccak_absorb_once,binOpFault/keccak_absorb_once_line26_opB,test_result.txt,correction,no,"no (s, alpha) with constant Delta across p found in range swept"
kyber,keccak_absorb_once,binOpFault/keccak_absorb_once_line26_opB,test_result.txt,ineffective,no,no disagreement found in range swept
kyber,keccak_absorb_once,binOpFault/keccak_absorb_once_line26_undef,test_result.txt,correction,no,"no (s, alpha) with constant Delta across p found in range swept"
kyber,keccak_absorb_once,binOpFault/keccak_absorb_once_line26_undef,test_result.txt,ineffective,no,no disagreement found in range swept
kyber,keccak_absorb_once,binOpFault/keccak_absorb_once_line26_zero,test_result.txt,correction,no,"no (s, alpha) with constant Delta across p found in range swept"
kyber,keccak_absorb_once,binOpFault/keccak_absorb_once_line26_zero,test_result.txt,ineffective,no,no disagreement found in range swept
kyber,keccak_absorb_once,binOpFault/keccak_absorb_once_line43_opA,test_result.txt,correction,no,"no (s, alpha) with constant Delta across p found in range swept"
kyber,keccak_absorb_once,binOpFault/keccak_absorb_once_line43_opA,test_result.txt,ineffective,no,no disagreement found in range swept
kyber,keccak_absorb_once,binOpFault/keccak_absorb_once_line43_opB,test_result.txt,correction,yes,"SATISFIED at pos 0 (s=1, alpha=1: y1 = y2 xor alpha for all 4 swept p)"
kyber,keccak_absorb_once,binOpFault/keccak_absorb_once_line43_opB,test_result.txt,ineffective,yes,"DETECTED at pos 0 (s1=0 ineffective, s2=1 effective)"
kyber,keccak_absorb_once,binOpFault/keccak_absorb_once_line43_undef,test_result.txt,correction,yes,"SATISFIED at pos 0 (s=1, alpha=1: y1 = y2 xor alpha for all 4 swept p)"
kyber,keccak_absorb_once,binOpFault/keccak_absorb_once_line43_undef,test_result.txt,ineffective,yes,"DETECTED at pos 0 (s1=0 ineffective, s2=1 effective)"
kyber,keccak_absorb_once,binOpFault/keccak_absorb_once_line43_zero,test_result.txt,correction,yes,"SATISFIED at pos 0 (s=1, alpha=1: y1 = y2 xor alpha for all 4 swept p)"
kyber,keccak_absorb_once,binOpFault/keccak_absorb_once_line43_zero,test_result.txt,ineffective,yes,"DETECTED at pos 0 (s1=0 ineffective, s2=1 effective)"
kyber,keccak_absorb_once,binOpFault/keccak_absorb_once_line47_opA,test_result.txt,correction,yes,"SATISFIED at pos 0 (s=1, alpha=1: y1 = y2 xor alpha for all 4 swept p)"
kyber,keccak_absorb_once,binOpFault/keccak_absorb_once_line47_opA,test_result.txt,ineffective,yes,"DETECTED at pos 0 (s1=0 ineffective, s2=1 effective)"
kyber,keccak_absorb_once,binOpFault/keccak_absorb_once_line47_opB,test_result.txt,correction,yes,"SATISFIED at pos 0 (s=1, alpha=1: y1 = y2 xor alpha for all 4 swept p)"
kyber,keccak_absorb_once,binOpFault/keccak_absorb_once_line47_opB,test_result.txt,ineffective,yes,"DETECTED at pos 0 (s1=0 ineffective, s2=1 effective)"
kyber,keccak_absorb_once,binOpFault/keccak_absorb_once_line47_undef,test_result.txt,correction,yes,"SATISFIED at pos 0 (s=1, alpha=1: y1 = y2 xor alpha for all 4 swept p)"
kyber,keccak_absorb_once,binOpFault/keccak_absorb_once_line47_undef,test_result.txt,ineffective,yes,"DETECTED at pos 0 (s1=0 ineffective, s2=1 effective)"
kyber,keccak_absorb_once,binOpFault/keccak_absorb_once_line47_zero,test_result.txt,correction,yes,"SATISFIED at pos 0 (s=1, alpha=1: y1 = y2 xor alpha for all 4 swept p)"
kyber,keccak_absorb_once,binOpFault/keccak_absorb_once_line47_zero,test_result.txt,ineffective,yes,"DETECTED at pos 0 (s1=0 ineffective, s2=1 effective)"
kyber,keccak_absorb_once,binOpFault/keccak_absorb_once_line60_opA,test_result.txt,correction,yes,"SATISFIED at pos 64 (s=0, alpha=6: y1 = y2 xor alpha for all 4 swept p)"
kyber,keccak_absorb_once,binOpFault/keccak_absorb_once_line60_opA,test_result.txt,ineffective,no,no disagreement found in range swept
kyber,keccak_absorb_once,binOpFault/keccak_absorb_once_line60_opB,test_result.txt,correction,no,"no (s, alpha) with constant Delta across p found in range swept"
kyber,keccak_absorb_once,binOpFault/keccak_absorb_once_line60_opB,test_result.txt,ineffective,no,no disagreement found in range swept
kyber,keccak_absorb_once,binOpFault/keccak_absorb_once_line60_undef,test_result.txt,correction,yes,"SATISFIED at pos 64 (s=0, alpha=6: y1 = y2 xor alpha for all 4 swept p)"
kyber,keccak_absorb_once,binOpFault/keccak_absorb_once_line60_undef,test_result.txt,ineffective,no,no disagreement found in range swept
kyber,keccak_absorb_once,binOpFault/keccak_absorb_once_line60_zero,test_result.txt,correction,yes,"SATISFIED at pos 64 (s=0, alpha=6: y1 = y2 xor alpha for all 4 swept p)"
kyber,keccak_absorb_once,binOpFault/keccak_absorb_once_line60_zero,test_result.txt,ineffective,no,no disagreement found in range swept
kyber,keccak_absorb_once,binOpFault/keccak_absorb_once_line66_opA,test_result.txt,correction,yes,"SATISFIED at pos 71 (s=0, alpha=128: y1 = y2 xor alpha for all 4 swept p)"
kyber,keccak_absorb_once,binOpFault/keccak_absorb_once_line66_opA,test_result.txt,ineffective,no,no disagreement found in range swept
kyber,keccak_absorb_once,binOpFault/keccak_absorb_once_line66_opB,test_result.txt,correction,yes,"SATISFIED at pos 64 (s=0, alpha=6: y1 = y2 xor alpha for all 4 swept p)"
kyber,keccak_absorb_once,binOpFault/keccak_absorb_once_line66_opB,test_result.txt,ineffective,no,no disagreement found in range swept
kyber,keccak_absorb_once,binOpFault/keccak_absorb_once_line66_undef,test_result.txt,correction,yes,"SATISFIED at pos 71 (s=0, alpha=128: y1 = y2 xor alpha for all 4 swept p)"
kyber,keccak_absorb_once,binOpFault/keccak_absorb_once_line66_undef,test_result.txt,ineffective,no,no disagreement found in range swept
kyber,keccak_absorb_once,binOpFault/keccak_absorb_once_line66_zero,test_result.txt,correction,yes,"SATISFIED at pos 64 (s=0, alpha=6: y1 = y2 xor alpha for all 4 swept p)"
kyber,keccak_absorb_once,binOpFault/keccak_absorb_once_line66_zero,test_result.txt,ineffective,no,no disagreement found in range swept
kyber,keccak_absorb_once,loadStoreSkip/keccak_absorb_once_line25_mem,test_result.txt,correction,no,"no (s, alpha) with constant Delta across p found in range swept"
kyber,keccak_absorb_once,loadStoreSkip/keccak_absorb_once_line25_mem,test_result.txt,ineffective,no,no disagreement found in range swept
kyber,keccak_absorb_once,loadStoreSkip/keccak_absorb_once_line27_mem,test_result.txt,correction,no,"no (s, alpha) with constant Delta across p found in range swept"
kyber,keccak_absorb_once,loadStoreSkip/keccak_absorb_once_line27_mem,test_result.txt,ineffective,no,no disagreement found in range swept
kyber,keccak_absorb_once,loadStoreSkip/keccak_absorb_once_line38_mem,correction_paired_result.txt,correction,yes,pos 0: 65280/65280 pairs disagree
kyber,keccak_absorb_once,loadStoreSkip/keccak_absorb_once_line38_mem,test_result.txt,correction,yes,"SATISFIED at pos 0 (s=1, alpha=1: y1 = y2 xor alpha for all 4 swept p)"
kyber,keccak_absorb_once,loadStoreSkip/keccak_absorb_once_line38_mem,ineffective_paired_result.txt,ineffective,yes,pos 0: 510/65280 pairs disagree
kyber,keccak_absorb_once,loadStoreSkip/keccak_absorb_once_line38_mem,test_result.txt,ineffective,yes,"DETECTED at pos 0 (s1=0 ineffective, s2=1 effective)"
kyber,keccak_absorb_once,loadStoreSkip/keccak_absorb_once_line46_mem,test_result.txt,correction,yes,"SATISFIED at pos 0 (s=1, alpha=1: y1 = y2 xor alpha for all 4 swept p)"
kyber,keccak_absorb_once,loadStoreSkip/keccak_absorb_once_line46_mem,test_result.txt,ineffective,yes,"DETECTED at pos 0 (s1=0 ineffective, s2=1 effective)"
kyber,keccak_absorb_once,loadStoreSkip/keccak_absorb_once_line48_mem,test_result.txt,correction,yes,"SATISFIED at pos 0 (s=1, alpha=1: y1 = y2 xor alpha for all 4 swept p)"
kyber,keccak_absorb_once,loadStoreSkip/keccak_absorb_once_line48_mem,test_result.txt,ineffective,yes,"DETECTED at pos 0 (s1=0 ineffective, s2=1 effective)"
kyber,keccak_absorb_once,loadStoreSkip/keccak_absorb_once_line59_mem,test_result.txt,correction,no,"no (s, alpha) with constant Delta across p found in range swept"
kyber,keccak_absorb_once,loadStoreSkip/keccak_absorb_once_line59_mem,test_result.txt,ineffective,no,no disagreement found in range swept
kyber,keccak_absorb_once,loadStoreSkip/keccak_absorb_once_line61_mem,test_result.txt,correction,no,"no (s, alpha) with constant Delta across p found in range swept"
kyber,keccak_absorb_once,loadStoreSkip/keccak_absorb_once_line61_mem,test_result.txt,ineffective,no,no disagreement found in range swept
kyber,keccak_absorb_once,loadStoreSkip/keccak_absorb_once_line65_mem,test_result.txt,correction,yes,"SATISFIED at pos 64 (s=0, alpha=6: y1 = y2 xor alpha for all 4 swept p)"
kyber,keccak_absorb_once,loadStoreSkip/keccak_absorb_once_line65_mem,test_result.txt,ineffective,no,no disagreement found in range swept
kyber,keccak_absorb_once,loadStoreSkip/keccak_absorb_once_line67_mem,test_result.txt,correction,yes,"SATISFIED at pos 64 (s=0, alpha=6: y1 = y2 xor alpha for all 4 swept p)"
kyber,keccak_absorb_once,loadStoreSkip/keccak_absorb_once_line67_mem,test_result.txt,ineffective,no,no disagreement found in range swept
kyber,keccak_absorb_once,loadStoreSkip/keccak_absorb_once_line7_mem,test_result.txt,correction,no,"no (s, alpha) with constant Delta across p found in range swept"
kyber,keccak_absorb_once,loadStoreSkip/keccak_absorb_once_line7_mem,test_result.txt,ineffective,no,no disagreement found in range swept
kyber,keccak_absorb_once,loopOrFuncSkip/keccak_absorb_once_fnSkip_KeccakF1600_StatePermute_line32,test_result.txt,correction,no,"no (s, alpha) with constant Delta across p found in range swept"
kyber,keccak_absorb_once,loopOrFuncSkip/keccak_absorb_once_fnSkip_KeccakF1600_StatePermute_line32,test_result.txt,ineffective,no,no disagreement found in range swept
kyber,keccak_absorb_once,loopOrFuncSkip/keccak_absorb_once_fnSkip_load64_line23,correction_paired_result.txt,correction,no,no position with disagreeing pairs
kyber,keccak_absorb_once,loopOrFuncSkip/keccak_absorb_once_fnSkip_load64_line23,test_result.txt,correction,no,"no (s, alpha) with constant Delta across p found in range swept"
kyber,keccak_absorb_once,loopOrFuncSkip/keccak_absorb_once_fnSkip_load64_line23,ineffective_paired_result.txt,ineffective,no,no position with disagreeing pairs
kyber,keccak_absorb_once,loopOrFuncSkip/keccak_absorb_once_fnSkip_load64_line23,test_result.txt,ineffective,no,no disagreement found in range swept
kyber,keccak_squeeze,loadStoreSkip/keccak_squeeze_line27_mem,correction_paired_result.txt,correction,yes,pos 0: 65280/65280 pairs disagree
kyber,keccak_squeeze,loadStoreSkip/keccak_squeeze_line27_mem,ineffective_paired_result.txt,ineffective,yes,pos 0: 510/65280 pairs disagree
kyber,load64,binOpFault/load64_line10_opA,test_result.txt,correction,no,"no (s, alpha) with constant Delta across p found in range swept"
kyber,load64,binOpFault/load64_line10_opA,test_result.txt,ineffective,no,no disagreement found in range swept
kyber,load64,binOpFault/load64_line10_opB,test_result.txt,correction,yes,"SATISFIED at pos 0 (s=1, alpha=1: y1 = y2 xor alpha for all 4 swept p)"
kyber,load64,binOpFault/load64_line10_opB,test_result.txt,ineffective,yes,"DETECTED at pos 0 (s1=0 ineffective, s2=1 effective)"
kyber,load64,binOpFault/load64_line10_undef,test_result.txt,correction,yes,"SATISFIED at pos 0 (s=0, alpha=255: y1 = y2 xor alpha for all 4 swept p)"
kyber,load64,binOpFault/load64_line10_undef,test_result.txt,ineffective,yes,"DETECTED at pos 0 (s1=255 ineffective, s2=0 effective)"
kyber,load64,binOpFault/load64_line10_zero,test_result.txt,correction,yes,"SATISFIED at pos 0 (s=1, alpha=1: y1 = y2 xor alpha for all 4 swept p)"
kyber,load64,binOpFault/load64_line10_zero,test_result.txt,ineffective,yes,"DETECTED at pos 0 (s1=0 ineffective, s2=1 effective)"
kyber,load64,binOpFault/load64_line11_opA,test_result.txt,correction,yes,"SATISFIED at pos 0 (s=1, alpha=1: y1 = y2 xor alpha for all 4 swept p)"
kyber,load64,binOpFault/load64_line11_opA,test_result.txt,ineffective,yes,"DETECTED at pos 0 (s1=0 ineffective, s2=1 effective)"
kyber,load64,binOpFault/load64_line11_opB,test_result.txt,correction,no,"no (s, alpha) with constant Delta across p found in range swept"
kyber,load64,binOpFault/load64_line11_opB,test_result.txt,ineffective,no,no disagreement found in range swept
kyber,load64,binOpFault/load64_line11_undef,test_result.txt,correction,yes,"SATISFIED at pos 0 (s=0, alpha=255: y1 = y2 xor alpha for all 4 swept p)"
kyber,load64,binOpFault/load64_line11_undef,test_result.txt,ineffective,yes,"DETECTED at pos 0 (s1=255 ineffective, s2=0 effective)"
kyber,load64,binOpFault/load64_line11_zero,test_result.txt,correction,yes,"SATISFIED at pos 0 (s=1, alpha=1: y1 = y2 xor alpha for all 4 swept p)"
kyber,load64,binOpFault/load64_line11_zero,test_result.txt,ineffective,yes,"DETECTED at pos 0 (s1=0 ineffective, s2=1 effective)"
kyber,load64,loadStoreSkip/load64_line6_mem,test_result.txt,correction,yes,"SATISFIED at pos 0 (s=1, alpha=1: y1 = y2 xor alpha for all 4 swept p)"
kyber,load64,loadStoreSkip/load64_line6_mem,test_result.txt,ineffective,yes,"DETECTED at pos 0 (s1=0 ineffective, s2=1 effective)"
kyber,pack_ciphertext,loopOrFuncSkip/pack_ciphertext_fnSkip_pqcrystals_kyber768_ref_poly_compress_line2,correction_paired_result.txt,correction,no,no position with disagreeing pairs
kyber,pack_ciphertext,loopOrFuncSkip/pack_ciphertext_fnSkip_pqcrystals_kyber768_ref_poly_compress_line2,test_result.txt,correction,no,"no (s, alpha) with constant Delta across p found in range swept"
kyber,pack_ciphertext,loopOrFuncSkip/pack_ciphertext_fnSkip_pqcrystals_kyber768_ref_poly_compress_line2,ineffective_paired_result.txt,ineffective,no,no position with disagreeing pairs
kyber,pack_ciphertext,loopOrFuncSkip/pack_ciphertext_fnSkip_pqcrystals_kyber768_ref_poly_compress_line2,test_result.txt,ineffective,no,no disagreement found in range swept
kyber,pack_ciphertext,loopOrFuncSkip/pack_ciphertext_fnSkip_pqcrystals_kyber768_ref_polyvec_compress_line0,correction_paired_result.txt,correction,yes,pos 0: 64696/65280 pairs disagree (+1 more position(s))
kyber,pack_ciphertext,loopOrFuncSkip/pack_ciphertext_fnSkip_pqcrystals_kyber768_ref_polyvec_compress_line0,test_result.txt,correction,yes,"SATISFIED at pos 0 (s=2, alpha=1: y1 = y2 xor alpha for all 4 swept p)"
kyber,pack_ciphertext,loopOrFuncSkip/pack_ciphertext_fnSkip_pqcrystals_kyber768_ref_polyvec_compress_line0,ineffective_paired_result.txt,ineffective,yes,pos 0: 2016/65280 pairs disagree
kyber,pack_ciphertext,loopOrFuncSkip/pack_ciphertext_fnSkip_pqcrystals_kyber768_ref_polyvec_compress_line0,test_result.txt,ineffective,yes,"DETECTED at pos 0 (s1=0 ineffective, s2=2 effective)"
kyber,pqcrystals_kyber768_ref_barrett_reduce,binOpFault/pqcrystals_kyber768_ref_barrett_reduce_line1_opA,test_result.txt,correction,no,"no (s, alpha) with constant Delta across p found in range swept"
kyber,pqcrystals_kyber768_ref_barrett_reduce,binOpFault/pqcrystals_kyber768_ref_barrett_reduce_line1_opA,test_result.txt,ineffective,no,no disagreement found in range swept
kyber,pqcrystals_kyber768_ref_barrett_reduce,binOpFault/pqcrystals_kyber768_ref_barrett_reduce_line1_opB,test_result.txt,correction,no,"no (s, alpha) with constant Delta across p found in range swept"
kyber,pqcrystals_kyber768_ref_barrett_reduce,binOpFault/pqcrystals_kyber768_ref_barrett_reduce_line1_opB,test_result.txt,ineffective,no,no disagreement found in range swept
kyber,pqcrystals_kyber768_ref_barrett_reduce,binOpFault/pqcrystals_kyber768_ref_barrett_reduce_line1_undef,test_result.txt,correction,no,"no (s, alpha) with constant Delta across p found in range swept"
kyber,pqcrystals_kyber768_ref_barrett_reduce,binOpFault/pqcrystals_kyber768_ref_barrett_reduce_line1_undef,test_result.txt,ineffective,no,no disagreement found in range swept
kyber,pqcrystals_kyber768_ref_barrett_reduce,binOpFault/pqcrystals_kyber768_ref_barrett_reduce_line1_zero,test_result.txt,correction,no,"no (s, alpha) with constant Delta across p found in range swept"
kyber,pqcrystals_kyber768_ref_barrett_reduce,binOpFault/pqcrystals_kyber768_ref_barrett_reduce_line1_zero,test_result.txt,ineffective,no,no disagreement found in range swept
kyber,pqcrystals_kyber768_ref_barrett_reduce,binOpFault/pqcrystals_kyber768_ref_barrett_reduce_line2_opA,test_result.txt,correction,no,"no (s, alpha) with constant Delta across p found in range swept"
kyber,pqcrystals_kyber768_ref_barrett_reduce,binOpFault/pqcrystals_kyber768_ref_barrett_reduce_line2_opA,test_result.txt,ineffective,no,no disagreement found in range swept
kyber,pqcrystals_kyber768_ref_barrett_reduce,binOpFault/pqcrystals_kyber768_ref_barrett_reduce_line2_opB,test_result.txt,correction,no,"no (s, alpha) with constant Delta across p found in range swept"
kyber,pqcrystals_kyber768_ref_barrett_reduce,binOpFault/pqcrystals_kyber768_ref_barrett_reduce_line2_opB,test_result.txt,ineffective,no,no disagreement found in range swept
kyber,pqcrystals_kyber768_ref_barrett_reduce,binOpFault/pqcrystals_kyber768_ref_barrett_reduce_line2_undef,test_result.txt,correction,no,"no (s, alpha) with constant Delta across p found in range swept"
kyber,pqcrystals_kyber768_ref_barrett_reduce,binOpFault/pqcrystals_kyber768_ref_barrett_reduce_line2_undef,test_result.txt,ineffective,no,no disagreement found in range swept
kyber,pqcrystals_kyber768_ref_barrett_reduce,binOpFault/pqcrystals_kyber768_ref_barrett_reduce_line2_zero,test_result.txt,correction,no,"no (s, alpha) with constant Delta across p found in range swept"
kyber,pqcrystals_kyber768_ref_barrett_reduce,binOpFault/pqcrystals_kyber768_ref_barrett_reduce_line2_zero,test_result.txt,ineffective,no,no disagreement found in range swept
kyber,pqcrystals_kyber768_ref_barrett_reduce,binOpFault/pqcrystals_kyber768_ref_barrett_reduce_line3_opA,test_result.txt,correction,no,"no (s, alpha) with constant Delta across p found in range swept"
kyber,pqcrystals_kyber768_ref_barrett_reduce,binOpFault/pqcrystals_kyber768_ref_barrett_reduce_line3_opA,test_result.txt,ineffective,yes,"DETECTED at pos 0 (s1=67 ineffective, s2=0 effective)"
kyber,pqcrystals_kyber768_ref_barrett_reduce,binOpFault/pqcrystals_kyber768_ref_barrett_reduce_line3_opB,test_result.txt,correction,no,"no (s, alpha) with constant Delta across p found in range swept"
kyber,pqcrystals_kyber768_ref_barrett_reduce,binOpFault/pqcrystals_kyber768_ref_barrett_reduce_line3_opB,test_result.txt,ineffective,no,no disagreement found in range swept
kyber,pqcrystals_kyber768_ref_barrett_reduce,binOpFault/pqcrystals_kyber768_ref_barrett_reduce_line3_undef,test_result.txt,correction,no,"no (s, alpha) with constant Delta across p found in range swept"
kyber,pqcrystals_kyber768_ref_barrett_reduce,binOpFault/pqcrystals_kyber768_ref_barrett_reduce_line3_undef,test_result.txt,ineffective,no,no disagreement found in range swept
kyber,pqcrystals_kyber768_ref_barrett_reduce,binOpFault/pqcrystals_kyber768_ref_barrett_reduce_line3_zero,test_result.txt,correction,no,"no (s, alpha) with constant Delta across p found in range swept"
kyber,pqcrystals_kyber768_ref_barrett_reduce,binOpFault/pqcrystals_kyber768_ref_barrett_reduce_line3_zero,test_result.txt,ineffective,no,no disagreement found in range swept
kyber,pqcrystals_kyber768_ref_barrett_reduce,binOpFault/pqcrystals_kyber768_ref_barrett_reduce_line5_opA,test_result.txt,correction,no,"no (s, alpha) with constant Delta across p found in range swept"
kyber,pqcrystals_kyber768_ref_barrett_reduce,binOpFault/pqcrystals_kyber768_ref_barrett_reduce_line5_opA,test_result.txt,ineffective,no,no disagreement found in range swept
kyber,pqcrystals_kyber768_ref_barrett_reduce,binOpFault/pqcrystals_kyber768_ref_barrett_reduce_line5_opB,test_result.txt,correction,no,"no (s, alpha) with constant Delta across p found in range swept"
kyber,pqcrystals_kyber768_ref_barrett_reduce,binOpFault/pqcrystals_kyber768_ref_barrett_reduce_line5_opB,test_result.txt,ineffective,no,no disagreement found in range swept
kyber,pqcrystals_kyber768_ref_barrett_reduce,binOpFault/pqcrystals_kyber768_ref_barrett_reduce_line5_undef,test_result.txt,correction,no,"no (s, alpha) with constant Delta across p found in range swept"
kyber,pqcrystals_kyber768_ref_barrett_reduce,binOpFault/pqcrystals_kyber768_ref_barrett_reduce_line5_undef,test_result.txt,ineffective,yes,"DETECTED at pos 0 (s1=253 ineffective, s2=0 effective)"
kyber,pqcrystals_kyber768_ref_barrett_reduce,binOpFault/pqcrystals_kyber768_ref_barrett_reduce_line5_zero,test_result.txt,correction,no,"no (s, alpha) with constant Delta across p found in range swept"
kyber,pqcrystals_kyber768_ref_barrett_reduce,binOpFault/pqcrystals_kyber768_ref_barrett_reduce_line5_zero,test_result.txt,ineffective,no,no disagreement found in range swept
kyber,pqcrystals_kyber768_ref_barrett_reduce,binOpFault/pqcrystals_kyber768_ref_barrett_reduce_line6_OpA,correction_paired_result.txt,correction,no,no position with disagreeing pairs
kyber,pqcrystals_kyber768_ref_barrett_reduce,binOpFault/pqcrystals_kyber768_ref_barrett_reduce_line6_OpA,test_result.txt,correction,no,"no (s, alpha) with constant Delta across p found in range swept"
kyber,pqcrystals_kyber768_ref_barrett_reduce,binOpFault/pqcrystals_kyber768_ref_barrett_reduce_line6_OpA,ineffective_paired_result.txt,ineffective,no,no position with disagreeing pairs
kyber,pqcrystals_kyber768_ref_barrett_reduce,binOpFault/pqcrystals_kyber768_ref_barrett_reduce_line6_OpA,test_result.txt,ineffective,no,no disagreement found in range swept
kyber,pqcrystals_kyber768_ref_barrett_reduce,binOpFault/pqcrystals_kyber768_ref_barrett_reduce_line6_opA,correction_paired_result.txt,correction,no,no position with disagreeing pairs
kyber,pqcrystals_kyber768_ref_barrett_reduce,binOpFault/pqcrystals_kyber768_ref_barrett_reduce_line6_opA,test_result.txt,correction,no,"no (s, alpha) with constant Delta across p found in range swept"
kyber,pqcrystals_kyber768_ref_barrett_reduce,binOpFault/pqcrystals_kyber768_ref_barrett_reduce_line6_opA,ineffective_paired_result.txt,ineffective,no,no position with disagreeing pairs
kyber,pqcrystals_kyber768_ref_barrett_reduce,binOpFault/pqcrystals_kyber768_ref_barrett_reduce_line6_opA,test_result.txt,ineffective,no,no disagreement found in range swept
kyber,pqcrystals_kyber768_ref_barrett_reduce,binOpFault/pqcrystals_kyber768_ref_barrett_reduce_line6_opB,correction_paired_result.txt,correction,no,no position with disagreeing pairs
kyber,pqcrystals_kyber768_ref_barrett_reduce,binOpFault/pqcrystals_kyber768_ref_barrett_reduce_line6_opB,test_result.txt,correction,no,"no (s, alpha) with constant Delta across p found in range swept"
kyber,pqcrystals_kyber768_ref_barrett_reduce,binOpFault/pqcrystals_kyber768_ref_barrett_reduce_line6_opB,ineffective_paired_result.txt,ineffective,no,no position with disagreeing pairs
kyber,pqcrystals_kyber768_ref_barrett_reduce,binOpFault/pqcrystals_kyber768_ref_barrett_reduce_line6_opB,test_result.txt,ineffective,no,no disagreement found in range swept
kyber,pqcrystals_kyber768_ref_barrett_reduce,binOpFault/pqcrystals_kyber768_ref_barrett_reduce_line6_opC,correction_paired_result.txt,correction,no,no position with disagreeing pairs
kyber,pqcrystals_kyber768_ref_barrett_reduce,binOpFault/pqcrystals_kyber768_ref_barrett_reduce_line6_opC,test_result.txt,correction,no,"no (s, alpha) with constant Delta across p found in range swept"
kyber,pqcrystals_kyber768_ref_barrett_reduce,binOpFault/pqcrystals_kyber768_ref_barrett_reduce_line6_opC,ineffective_paired_result.txt,ineffective,no,no position with disagreeing pairs
kyber,pqcrystals_kyber768_ref_barrett_reduce,binOpFault/pqcrystals_kyber768_ref_barrett_reduce_line6_opC,test_result.txt,ineffective,no,no disagreement found in range swept
kyber,pqcrystals_kyber768_ref_barrett_reduce,binOpFault/pqcrystals_kyber768_ref_barrett_reduce_line6_undef,correction_paired_result.txt,correction,yes,pos 0: 65280/65280 pairs disagree
kyber,pqcrystals_kyber768_ref_barrett_reduce,binOpFault/pqcrystals_kyber768_ref_barrett_reduce_line6_undef,test_result.txt,correction,no,"no (s, alpha) with constant Delta across p found in range swept"
kyber,pqcrystals_kyber768_ref_barrett_reduce,binOpFault/pqcrystals_kyber768_ref_barrett_reduce_line6_undef,ineffective_paired_result.txt,ineffective,yes,pos 0: 510/65280 pairs disagree
kyber,pqcrystals_kyber768_ref_barrett_reduce,binOpFault/pqcrystals_kyber768_ref_barrett_reduce_line6_undef,test_result.txt,ineffective,yes,"DETECTED at pos 0 (s1=253 ineffective, s2=0 effective)"
kyber,pqcrystals_kyber768_ref_barrett_reduce,binOpFault/pqcrystals_kyber768_ref_barrett_reduce_line6_zero,correction_paired_result.txt,correction,no,no position with disagreeing pairs
kyber,pqcrystals_kyber768_ref_barrett_reduce,binOpFault/pqcrystals_kyber768_ref_barrett_reduce_line6_zero,test_result.txt,correction,no,"no (s, alpha) with constant Delta across p found in range swept"
kyber,pqcrystals_kyber768_ref_barrett_reduce,binOpFault/pqcrystals_kyber768_ref_barrett_reduce_line6_zero,ineffective_paired_result.txt,ineffective,no,no position with disagreeing pairs
kyber,pqcrystals_kyber768_ref_barrett_reduce,binOpFault/pqcrystals_kyber768_ref_barrett_reduce_line6_zero,test_result.txt,ineffective,no,no disagreement found in range swept
kyber,pqcrystals_kyber768_ref_basemul,binOpFault/pqcrystals_kyber768_ref_basemul_line12_opA,correction_paired_result.txt,correction,yes,pos 0: 65252/65280 pairs disagree (+1 more position(s))
kyber,pqcrystals_kyber768_ref_basemul,binOpFault/pqcrystals_kyber768_ref_basemul_line12_opA,test_result.txt,correction,yes,"SATISFIED at pos 0 (s=1, alpha=1395: y1 = y2 xor alpha for all 1 swept p)"
kyber,pqcrystals_kyber768_ref_basemul,binOpFault/pqcrystals_kyber768_ref_basemul_line12_opA,ineffective_paired_result.txt,ineffective,yes,pos 0: 510/65280 pairs disagree
kyber,pqcrystals_kyber768_ref_basemul,binOpFault/pqcrystals_kyber768_ref_basemul_line12_opA,test_result.txt,ineffective,yes,"DETECTED at pos 0 (s1=0 ineffective, s2=1 effective)"
kyber,pqcrystals_kyber768_ref_basemul,binOpFault/pqcrystals_kyber768_ref_basemul_line12_opB,correction_paired_result.txt,correction,no,no position with disagreeing pairs
kyber,pqcrystals_kyber768_ref_basemul,binOpFault/pqcrystals_kyber768_ref_basemul_line12_opB,ineffective_paired_result.txt,ineffective,no,no position with disagreeing pairs
kyber,pqcrystals_kyber768_ref_basemul,binOpFault/pqcrystals_kyber768_ref_basemul_line12_undef,correction_paired_result.txt,correction,yes,pos 0: 65252/65280 pairs disagree (+1 more position(s))
kyber,pqcrystals_kyber768_ref_basemul,binOpFault/pqcrystals_kyber768_ref_basemul_line12_undef,test_result.txt,correction,no,"no (s, alpha) with constant Delta across p found in range swept"
kyber,pqcrystals_kyber768_ref_basemul,binOpFault/pqcrystals_kyber768_ref_basemul_line12_undef,ineffective_paired_result.txt,ineffective,yes,pos 0: 510/65280 pairs disagree
kyber,pqcrystals_kyber768_ref_basemul,binOpFault/pqcrystals_kyber768_ref_basemul_line12_undef,test_result.txt,ineffective,yes,"DETECTED at pos 0 (s1=0 ineffective, s2=1 effective)"
kyber,pqcrystals_kyber768_ref_basemul,binOpFault/pqcrystals_kyber768_ref_basemul_line12_zero,correction_paired_result.txt,correction,yes,pos 0: 65252/65280 pairs disagree (+1 more position(s))
kyber,pqcrystals_kyber768_ref_basemul,binOpFault/pqcrystals_kyber768_ref_basemul_line12_zero,test_result.txt,correction,no,"no (s, alpha) with constant Delta across p found in range swept"
kyber,pqcrystals_kyber768_ref_basemul,binOpFault/pqcrystals_kyber768_ref_basemul_line12_zero,ineffective_paired_result.txt,ineffective,yes,pos 0: 510/65280 pairs disagree
kyber,pqcrystals_kyber768_ref_basemul,binOpFault/pqcrystals_kyber768_ref_basemul_line12_zero,test_result.txt,ineffective,yes,"DETECTED at pos 0 (s1=0 ineffective, s2=1 effective)"
kyber,pqcrystals_kyber768_ref_basemul,binOpFault/pqcrystals_kyber768_ref_basemul_line26_opA,correction_paired_result.txt,correction,yes,pos 2: 65110/65280 pairs disagree (+1 more position(s))
kyber,pqcrystals_kyber768_ref_basemul,binOpFault/pqcrystals_kyber768_ref_basemul_line26_opA,test_result.txt,correction,no,"no (s, alpha) with constant Delta across p found in range swept"
kyber,pqcrystals_kyber768_ref_basemul,binOpFault/pqcrystals_kyber768_ref_basemul_line26_opA,ineffective_paired_result.txt,ineffective,no,no position with disagreeing pairs
kyber,pqcrystals_kyber768_ref_basemul,binOpFault/pqcrystals_kyber768_ref_basemul_line26_opA,test_result.txt,ineffective,no,no disagreement found in range swept
kyber,pqcrystals_kyber768_ref_basemul,binOpFault/pqcrystals_kyber768_ref_basemul_line26_opB,correction_paired_result.txt,correction,yes,pos 2: 57248/65280 pairs disagree (+1 more position(s))
kyber,pqcrystals_kyber768_ref_basemul,binOpFault/pqcrystals_kyber768_ref_basemul_line26_opB,test_result.txt,correction,no,"no (s, alpha) with constant Delta across p found in range swept"
kyber,pqcrystals_kyber768_ref_basemul,binOpFault/pqcrystals_kyber768_ref_basemul_line26_opB,ineffective_paired_result.txt,ineffective,no,no position with disagreeing pairs
kyber,pqcrystals_kyber768_ref_basemul,binOpFault/pqcrystals_kyber768_ref_basemul_line26_opB,test_result.txt,ineffective,yes,"DETECTED at pos 1 (s1=0 ineffective, s2=1 effective)"
kyber,pqcrystals_kyber768_ref_basemul,binOpFault/pqcrystals_kyber768_ref_basemul_line26_undef,correction_paired_result.txt,correction,yes,pos 2: 65110/65280 pairs disagree (+1 more position(s))
kyber,pqcrystals_kyber768_ref_basemul,binOpFault/pqcrystals_kyber768_ref_basemul_line26_undef,test_result.txt,correction,no,"no (s, alpha) with constant Delta across p found in range swept"
kyber,pqcrystals_kyber768_ref_basemul,binOpFault/pqcrystals_kyber768_ref_basemul_line26_undef,ineffective_paired_result.txt,ineffective,no,no position with disagreeing pairs
kyber,pqcrystals_kyber768_ref_basemul,binOpFault/pqcrystals_kyber768_ref_basemul_line26_undef,test_result.txt,ineffective,no,no disagreement found in range swept
kyber,pqcrystals_kyber768_ref_basemul,binOpFault/pqcrystals_kyber768_ref_basemul_line26_zero,correction_paired_result.txt,correction,yes,pos 2: 65110/65280 pairs disagree (+1 more position(s))
kyber,pqcrystals_kyber768_ref_basemul,binOpFault/pqcrystals_kyber768_ref_basemul_line26_zero,test_result.txt,correction,no,"no (s, alpha) with constant Delta across p found in range swept"
kyber,pqcrystals_kyber768_ref_basemul,binOpFault/pqcrystals_kyber768_ref_basemul_line26_zero,ineffective_paired_result.txt,ineffective,yes,pos 2: 510/65280 pairs disagree
kyber,pqcrystals_kyber768_ref_basemul,binOpFault/pqcrystals_kyber768_ref_basemul_line26_zero,test_result.txt,ineffective,yes,"DETECTED at pos 1 (s1=835 ineffective, s2=0 effective)"
kyber,pqcrystals_kyber768_ref_basemul,loadStoreSkip/pqcrystals_kyber768_ref_basemul_line11_mem,correction_paired_result.txt,correction,no,no position with disagreeing pairs
kyber,pqcrystals_kyber768_ref_basemul,loadStoreSkip/pqcrystals_kyber768_ref_basemul_line11_mem,test_result.txt,correction,no,"no (s, alpha) with constant Delta across p found in range swept"
kyber,pqcrystals_kyber768_ref_basemul,loadStoreSkip/pqcrystals_kyber768_ref_basemul_line11_mem,ineffective_paired_result.txt,ineffective,no,no position with disagreeing pairs
kyber,pqcrystals_kyber768_ref_basemul,loadStoreSkip/pqcrystals_kyber768_ref_basemul_line11_mem,test_result.txt,ineffective,no,no disagreement found in range swept
kyber,pqcrystals_kyber768_ref_basemul,loadStoreSkip/pqcrystals_kyber768_ref_basemul_line13_mem,correction_paired_result.txt,correction,no,no position with disagreeing pairs
kyber,pqcrystals_kyber768_ref_basemul,loadStoreSkip/pqcrystals_kyber768_ref_basemul_line13_mem,test_result.txt,correction,no,"no (s, alpha) with constant Delta across p found in range swept"
kyber,pqcrystals_kyber768_ref_basemul,loadStoreSkip/pqcrystals_kyber768_ref_basemul_line13_mem,ineffective_paired_result.txt,ineffective,no,no position with disagreeing pairs
kyber,pqcrystals_kyber768_ref_basemul,loadStoreSkip/pqcrystals_kyber768_ref_basemul_line13_mem,test_result.txt,ineffective,no,no disagreement found in range swept
kyber,pqcrystals_kyber768_ref_basemul,loadStoreSkip/pqcrystals_kyber768_ref_basemul_line14_mem,test_result.txt,correction,no,"no (s, alpha) with constant Delta across p found in range swept"
kyber,pqcrystals_kyber768_ref_basemul,loadStoreSkip/pqcrystals_kyber768_ref_basemul_line14_mem,test_result.txt,ineffective,yes,"DETECTED at pos 1 (s1=0 ineffective, s2=1 effective)"
kyber,pqcrystals_kyber768_ref_basemul,loadStoreSkip/pqcrystals_kyber768_ref_basemul_line16_mem,test_result.txt,correction,no,"no (s, alpha) with constant Delta across p found in range swept"
kyber,pqcrystals_kyber768_ref_basemul,loadStoreSkip/pqcrystals_kyber768_ref_basemul_line16_mem,test_result.txt,ineffective,yes,"DETECTED at pos 1 (s1=0 ineffective, s2=1 effective)"
kyber,pqcrystals_kyber768_ref_basemul,loadStoreSkip/pqcrystals_kyber768_ref_basemul_line19_mem,correction_paired_result.txt,correction,yes,pos 2: 57248/65280 pairs disagree (+1 more position(s))
kyber,pqcrystals_kyber768_ref_basemul,loadStoreSkip/pqcrystals_kyber768_ref_basemul_line19_mem,test_result.txt,correction,no,"no (s, alpha) with constant Delta across p found in range swept"
kyber,pqcrystals_kyber768_ref_basemul,loadStoreSkip/pqcrystals_kyber768_ref_basemul_line19_mem,ineffective_paired_result.txt,ineffective,no,no position with disagreeing pairs
kyber,pqcrystals_kyber768_ref_basemul,loadStoreSkip/pqcrystals_kyber768_ref_basemul_line19_mem,test_result.txt,ineffective,yes,"DETECTED at pos 1 (s1=0 ineffective, s2=1 effective)"
kyber,pqcrystals_kyber768_ref_basemul,loadStoreSkip/pqcrystals_kyber768_ref_basemul_line1_mem,test_result.txt,correction,no,"no (s, alpha) with constant Delta across p found in range swept"
kyber,pqcrystals_kyber768_ref_basemul,loadStoreSkip/pqcrystals_kyber768_ref_basemul_line1_mem,test_result.txt,ineffective,no,no disagreement found in range swept
kyber,pqcrystals_kyber768_ref_basemul,loadStoreSkip/pqcrystals_kyber768_ref_basemul_line21_mem,test_result.txt,correction,no,"no (s, alpha) with constant Delta across p found in range swept"
kyber,pqcrystals_kyber768_ref_basemul,loadStoreSkip/pqcrystals_kyber768_ref_basemul_line21_mem,test_result.txt,ineffective,no,no disagreement found in range swept
kyber,pqcrystals_kyber768_ref_basemul,loadStoreSkip/pqcrystals_kyber768_ref_basemul_line22_mem,test_result.txt,correction,no,"no (s, alpha) with constant Delta across p found in range swept"
kyber,pqcrystals_kyber768_ref_basemul,loadStoreSkip/pqcrystals_kyber768_ref_basemul_line22_mem,test_result.txt,ineffective,no,no disagreement found in range swept
kyber,pqcrystals_kyber768_ref_basemul,loadStoreSkip/pqcrystals_kyber768_ref_basemul_line25_mem,correction_paired_result.txt,correction,yes,pos 2: 57248/65280 pairs disagree (+1 more position(s))
kyber,pqcrystals_kyber768_ref_basemul,loadStoreSkip/pqcrystals_kyber768_ref_basemul_line25_mem,ineffective_paired_result.txt,ineffective,no,no position with disagreeing pairs
kyber,pqcrystals_kyber768_ref_basemul,loadStoreSkip/pqcrystals_kyber768_ref_basemul_line25_mem,test_result.txt,ineffective,yes,"[+] INEFFECTIVE hit at pos 1: s1=0 (d1=True, ineffective) vs s2=1 (d2=False, effective)"
kyber,pqcrystals_kyber768_ref_basemul,loadStoreSkip/pqcrystals_kyber768_ref_basemul_line27_mem,correction_paired_result.txt,correction,yes,pos 2: 57248/65280 pairs disagree (+1 more position(s))
kyber,pqcrystals_kyber768_ref_basemul,loadStoreSkip/pqcrystals_kyber768_ref_basemul_line27_mem,ineffective_paired_result.txt,ineffective,no,no position with disagreeing pairs
kyber,pqcrystals_kyber768_ref_basemul,loadStoreSkip/pqcrystals_kyber768_ref_basemul_line5_mem,correction_paired_result.txt,correction,no,no position with disagreeing pairs
kyber,pqcrystals_kyber768_ref_basemul,loadStoreSkip/pqcrystals_kyber768_ref_basemul_line5_mem,ineffective_paired_result.txt,ineffective,no,no position with disagreeing pairs
kyber,pqcrystals_kyber768_ref_basemul,loadStoreSkip/pqcrystals_kyber768_ref_basemul_line7_mem,correction_paired_result.txt,correction,yes,pos 0: 61368/65280 pairs disagree (+1 more position(s))
kyber,pqcrystals_kyber768_ref_basemul,loadStoreSkip/pqcrystals_kyber768_ref_basemul_line7_mem,ineffective_paired_result.txt,ineffective,no,no position with disagreeing pairs
kyber,pqcrystals_kyber768_ref_dec,loopOrFuncSkip/pqcrystals_kyber768_ref_dec_fnSkip_memcpy_line7,correction_paired_result.txt,correction,no,no position with disagreeing pairs
kyber,pqcrystals_kyber768_ref_dec,loopOrFuncSkip/pqcrystals_kyber768_ref_dec_fnSkip_memcpy_line7,test_result.txt,correction,no,"no (s, alpha) with constant Delta across p found in range swept"
kyber,pqcrystals_kyber768_ref_dec,loopOrFuncSkip/pqcrystals_kyber768_ref_dec_fnSkip_memcpy_line7,ineffective_paired_result.txt,ineffective,no,no position with disagreeing pairs
kyber,pqcrystals_kyber768_ref_dec,loopOrFuncSkip/pqcrystals_kyber768_ref_dec_fnSkip_memcpy_line7,test_result.txt,ineffective,no,no disagreement found in range swept
kyber,pqcrystals_kyber768_ref_dec,loopOrFuncSkip/pqcrystals_kyber768_ref_dec_fnSkip_pqcrystals_kyber768_ref_cmov_line16,correction_paired_result.txt,correction,no,no position with disagreeing pairs
kyber,pqcrystals_kyber768_ref_dec,loopOrFuncSkip/pqcrystals_kyber768_ref_dec_fnSkip_pqcrystals_kyber768_ref_cmov_line16,test_result.txt,correction,no,"no (s, alpha) with constant Delta across p found in range swept"
kyber,pqcrystals_kyber768_ref_dec,loopOrFuncSkip/pqcrystals_kyber768_ref_dec_fnSkip_pqcrystals_kyber768_ref_cmov_line16,ineffective_paired_result.txt,ineffective,no,no position with disagreeing pairs
kyber,pqcrystals_kyber768_ref_dec,loopOrFuncSkip/pqcrystals_kyber768_ref_dec_fnSkip_pqcrystals_kyber768_ref_cmov_line16,test_result.txt,ineffective,no,no disagreement found in range swept
kyber,pqcrystals_kyber768_ref_dec,loopOrFuncSkip/pqcrystals_kyber768_ref_dec_fnSkip_pqcrystals_kyber768_ref_indcpa_dec_line4,correction_paired_result.txt,correction,no,no position with disagreeing pairs
kyber,pqcrystals_kyber768_ref_dec,loopOrFuncSkip/pqcrystals_kyber768_ref_dec_fnSkip_pqcrystals_kyber768_ref_indcpa_dec_line4,test_result.txt,correction,no,"no (s, alpha) with constant Delta across p found in range swept"
kyber,pqcrystals_kyber768_ref_dec,loopOrFuncSkip/pqcrystals_kyber768_ref_dec_fnSkip_pqcrystals_kyber768_ref_indcpa_dec_line4,ineffective_paired_result.txt,ineffective,no,no position with disagreeing pairs
kyber,pqcrystals_kyber768_ref_dec,loopOrFuncSkip/pqcrystals_kyber768_ref_dec_fnSkip_pqcrystals_kyber768_ref_indcpa_dec_line4,test_result.txt,ineffective,no,no disagreement found in range swept
kyber,pqcrystals_kyber768_ref_dec,loopOrFuncSkip/pqcrystals_kyber768_ref_dec_fnSkip_pqcrystals_kyber768_ref_indcpa_enc_line10,correction_paired_result.txt,correction,no,no position with disagreeing pairs
kyber,pqcrystals_kyber768_ref_dec,loopOrFuncSkip/pqcrystals_kyber768_ref_dec_fnSkip_pqcrystals_kyber768_ref_indcpa_enc_line10,test_result.txt,correction,no,"no (s, alpha) with constant Delta across p found in range swept"
kyber,pqcrystals_kyber768_ref_dec,loopOrFuncSkip/pqcrystals_kyber768_ref_dec_fnSkip_pqcrystals_kyber768_ref_indcpa_enc_line10,ineffective_paired_result.txt,ineffective,no,no position with disagreeing pairs
kyber,pqcrystals_kyber768_ref_dec,loopOrFuncSkip/pqcrystals_kyber768_ref_dec_fnSkip_pqcrystals_kyber768_ref_indcpa_enc_line10,test_result.txt,ineffective,no,no disagreement found in range swept
kyber,pqcrystals_kyber768_ref_dec,loopOrFuncSkip/pqcrystals_kyber768_ref_dec_fnSkip_pqcrystals_kyber768_ref_kyber_shake256_rkprf_line13,correction_paired_result.txt,correction,no,no position with disagreeing pairs
kyber,pqcrystals_kyber768_ref_dec,loopOrFuncSkip/pqcrystals_kyber768_ref_dec_fnSkip_pqcrystals_kyber768_ref_kyber_shake256_rkprf_line13,test_result.txt,correction,no,"no (s, alpha) with constant Delta across p found in range swept"
kyber,pqcrystals_kyber768_ref_dec,loopOrFuncSkip/pqcrystals_kyber768_ref_dec_fnSkip_pqcrystals_kyber768_ref_kyber_shake256_rkprf_line13,ineffective_paired_result.txt,ineffective,no,no position with disagreeing pairs
kyber,pqcrystals_kyber768_ref_dec,loopOrFuncSkip/pqcrystals_kyber768_ref_dec_fnSkip_pqcrystals_kyber768_ref_kyber_shake256_rkprf_line13,test_result.txt,ineffective,no,no disagreement found in range swept
kyber,pqcrystals_kyber768_ref_dec,loopOrFuncSkip/pqcrystals_kyber768_ref_dec_fnSkip_pqcrystals_kyber768_ref_verify_line11,correction_paired_result.txt,correction,yes,pos 0: 65032/65280 pairs disagree (+31 more position(s))
kyber,pqcrystals_kyber768_ref_dec,loopOrFuncSkip/pqcrystals_kyber768_ref_dec_fnSkip_pqcrystals_kyber768_ref_verify_line11,test_result.txt,correction,no,"no (s, alpha) with constant Delta across p found in range swept"
kyber,pqcrystals_kyber768_ref_dec,loopOrFuncSkip/pqcrystals_kyber768_ref_dec_fnSkip_pqcrystals_kyber768_ref_verify_line11,ineffective_paired_result.txt,ineffective,yes,pos 2: 510/65280 pairs disagree (+14 more position(s))
kyber,pqcrystals_kyber768_ref_dec,loopOrFuncSkip/pqcrystals_kyber768_ref_dec_fnSkip_pqcrystals_kyber768_ref_verify_line11,test_result.txt,ineffective,yes,"DETECTED at pos 22 (s1=13 ineffective, s2=0 effective)"
kyber,pqcrystals_kyber768_ref_dec,loopOrFuncSkip/pqcrystals_kyber768_ref_dec_fnSkip_pqcrystals_kyber_fips202_ref_sha3_512_line8,correction_paired_result.txt,correction,no,no position with disagreeing pairs
kyber,pqcrystals_kyber768_ref_dec,loopOrFuncSkip/pqcrystals_kyber768_ref_dec_fnSkip_pqcrystals_kyber_fips202_ref_sha3_512_line8,test_result.txt,correction,no,"no (s, alpha) with constant Delta across p found in range swept"
kyber,pqcrystals_kyber768_ref_dec,loopOrFuncSkip/pqcrystals_kyber768_ref_dec_fnSkip_pqcrystals_kyber_fips202_ref_sha3_512_line8,ineffective_paired_result.txt,ineffective,no,no position with disagreeing pairs
kyber,pqcrystals_kyber768_ref_dec,loopOrFuncSkip/pqcrystals_kyber768_ref_dec_fnSkip_pqcrystals_kyber_fips202_ref_sha3_512_line8,test_result.txt,ineffective,no,no disagreement found in range swept
kyber,pqcrystals_kyber768_ref_enc_derand,loopOrFuncSkip/pqcrystals_kyber768_ref_enc_derand_fnSkip_memcpy_line2,correction_paired_result.txt,correction,no,no position with disagreeing pairs
kyber,pqcrystals_kyber768_ref_enc_derand,loopOrFuncSkip/pqcrystals_kyber768_ref_enc_derand_fnSkip_memcpy_line2,test_result.txt,correction,no,"no (s, alpha) with constant Delta across p found in range swept"
kyber,pqcrystals_kyber768_ref_enc_derand,loopOrFuncSkip/pqcrystals_kyber768_ref_enc_derand_fnSkip_memcpy_line2,ineffective_paired_result.txt,ineffective,no,no position with disagreeing pairs
kyber,pqcrystals_kyber768_ref_enc_derand,loopOrFuncSkip/pqcrystals_kyber768_ref_enc_derand_fnSkip_memcpy_line2,test_result.txt,ineffective,no,no disagreement found in range swept
kyber,pqcrystals_kyber768_ref_enc_derand,loopOrFuncSkip/pqcrystals_kyber768_ref_enc_derand_fnSkip_memcpy_line8,correction_paired_result.txt,correction,no,no position with disagreeing pairs
kyber,pqcrystals_kyber768_ref_enc_derand,loopOrFuncSkip/pqcrystals_kyber768_ref_enc_derand_fnSkip_memcpy_line8,test_result.txt,correction,no,"no (s, alpha) with constant Delta across p found in range swept"
kyber,pqcrystals_kyber768_ref_enc_derand,loopOrFuncSkip/pqcrystals_kyber768_ref_enc_derand_fnSkip_memcpy_line8,ineffective_paired_result.txt,ineffective,no,no position with disagreeing pairs
kyber,pqcrystals_kyber768_ref_enc_derand,loopOrFuncSkip/pqcrystals_kyber768_ref_enc_derand_fnSkip_memcpy_line8,test_result.txt,ineffective,no,no disagreement found in range swept
kyber,pqcrystals_kyber768_ref_enc_derand,loopOrFuncSkip/pqcrystals_kyber768_ref_enc_derand_fnSkip_pqcrystals_kyber768_ref_indcpa_enc_line7,correction_paired_result.txt,correction,no,no position with disagreeing pairs
kyber,pqcrystals_kyber768_ref_enc_derand,loopOrFuncSkip/pqcrystals_kyber768_ref_enc_derand_fnSkip_pqcrystals_kyber768_ref_indcpa_enc_line7,test_result.txt,correction,no,"no (s, alpha) with constant Delta across p found in range swept"
kyber,pqcrystals_kyber768_ref_enc_derand,loopOrFuncSkip/pqcrystals_kyber768_ref_enc_derand_fnSkip_pqcrystals_kyber768_ref_indcpa_enc_line7,ineffective_paired_result.txt,ineffective,no,no position with disagreeing pairs
kyber,pqcrystals_kyber768_ref_enc_derand,loopOrFuncSkip/pqcrystals_kyber768_ref_enc_derand_fnSkip_pqcrystals_kyber768_ref_indcpa_enc_line7,test_result.txt,ineffective,no,no disagreement found in range swept
kyber,pqcrystals_kyber768_ref_enc_derand,loopOrFuncSkip/pqcrystals_kyber768_ref_enc_derand_fnSkip_pqcrystals_kyber_fips202_ref_sha3_256_line4,correction_paired_result.txt,correction,no,no position with disagreeing pairs
kyber,pqcrystals_kyber768_ref_enc_derand,loopOrFuncSkip/pqcrystals_kyber768_ref_enc_derand_fnSkip_pqcrystals_kyber_fips202_ref_sha3_256_line4,test_result.txt,correction,no,"no (s, alpha) with constant Delta across p found in range swept"
kyber,pqcrystals_kyber768_ref_enc_derand,loopOrFuncSkip/pqcrystals_kyber768_ref_enc_derand_fnSkip_pqcrystals_kyber_fips202_ref_sha3_256_line4,ineffective_paired_result.txt,ineffective,no,no position with disagreeing pairs
kyber,pqcrystals_kyber768_ref_enc_derand,loopOrFuncSkip/pqcrystals_kyber768_ref_enc_derand_fnSkip_pqcrystals_kyber_fips202_ref_sha3_256_line4,test_result.txt,ineffective,no,no disagreement found in range swept
kyber,pqcrystals_kyber768_ref_enc_derand,loopOrFuncSkip/pqcrystals_kyber768_ref_enc_derand_fnSkip_pqcrystals_kyber_fips202_ref_sha3_512_line5,correction_paired_result.txt,correction,no,no position with disagreeing pairs
kyber,pqcrystals_kyber768_ref_enc_derand,loopOrFuncSkip/pqcrystals_kyber768_ref_enc_derand_fnSkip_pqcrystals_kyber_fips202_ref_sha3_512_line5,test_result.txt,correction,no,"no (s, alpha) with constant Delta across p found in range swept"
kyber,pqcrystals_kyber768_ref_enc_derand,loopOrFuncSkip/pqcrystals_kyber768_ref_enc_derand_fnSkip_pqcrystals_kyber_fips202_ref_sha3_512_line5,ineffective_paired_result.txt,ineffective,no,no position with disagreeing pairs
kyber,pqcrystals_kyber768_ref_enc_derand,loopOrFuncSkip/pqcrystals_kyber768_ref_enc_derand_fnSkip_pqcrystals_kyber_fips202_ref_sha3_512_line5,test_result.txt,ineffective,no,no disagreement found in range swept
kyber,pqcrystals_kyber768_ref_gen_matrix,loopOrFuncSkip/pqcrystals_kyber768_ref_gen_matrix_fnSkip_pqcrystals_kyber768_ref_kyber_shake128_absorb_line14,correction_paired_result.txt,correction,no,no position with disagreeing pairs
kyber,pqcrystals_kyber768_ref_gen_matrix,loopOrFuncSkip/pqcrystals_kyber768_ref_gen_matrix_fnSkip_pqcrystals_kyber768_ref_kyber_shake128_absorb_line14,test_result.txt,correction,no,"no (s, alpha) with constant Delta across p found in range swept"
kyber,pqcrystals_kyber768_ref_gen_matrix,loopOrFuncSkip/pqcrystals_kyber768_ref_gen_matrix_fnSkip_pqcrystals_kyber768_ref_kyber_shake128_absorb_line14,ineffective_paired_result.txt,ineffective,no,no position with disagreeing pairs
kyber,pqcrystals_kyber768_ref_gen_matrix,loopOrFuncSkip/pqcrystals_kyber768_ref_gen_matrix_fnSkip_pqcrystals_kyber768_ref_kyber_shake128_absorb_line14,test_result.txt,ineffective,yes,"DETECTED at pos 89 (s1=1 ineffective, s2=0 effective)"
kyber,pqcrystals_kyber768_ref_gen_matrix,loopOrFuncSkip/pqcrystals_kyber768_ref_gen_matrix_fnSkip_pqcrystals_kyber768_ref_kyber_shake128_absorb_line18,correction_paired_result.txt,correction,no,no position with disagreeing pairs
kyber,pqcrystals_kyber768_ref_gen_matrix,loopOrFuncSkip/pqcrystals_kyber768_ref_gen_matrix_fnSkip_pqcrystals_kyber768_ref_kyber_shake128_absorb_line18,test_result.txt,correction,no,"no (s, alpha) with constant Delta across p found in range swept"
kyber,pqcrystals_kyber768_ref_gen_matrix,loopOrFuncSkip/pqcrystals_kyber768_ref_gen_matrix_fnSkip_pqcrystals_kyber768_ref_kyber_shake128_absorb_line18,ineffective_paired_result.txt,ineffective,no,no position with disagreeing pairs
kyber,pqcrystals_kyber768_ref_gen_matrix,loopOrFuncSkip/pqcrystals_kyber768_ref_gen_matrix_fnSkip_pqcrystals_kyber768_ref_kyber_shake128_absorb_line18,test_result.txt,ineffective,no,no disagreement found in range swept
kyber,pqcrystals_kyber768_ref_gen_matrix,loopOrFuncSkip/pqcrystals_kyber768_ref_gen_matrix_fnSkip_pqcrystals_kyber_fips202_ref_shake128_squeezeblocks_line20,test_result.txt,correction,no,"no (s, alpha) with constant Delta across p found in range swept"
kyber,pqcrystals_kyber768_ref_gen_matrix,loopOrFuncSkip/pqcrystals_kyber768_ref_gen_matrix_fnSkip_pqcrystals_kyber_fips202_ref_shake128_squeezeblocks_line20,test_result.txt,ineffective,yes,"DETECTED at pos 345 (s1=9 ineffective, s2=0 effective)"
kyber,pqcrystals_kyber768_ref_gen_matrix,loopOrFuncSkip/pqcrystals_kyber768_ref_gen_matrix_fnSkip_pqcrystals_kyber_fips202_ref_shake128_squeezeblocks_line27,test_result.txt,correction,no,"no (s, alpha) with constant Delta across p found in range swept"
kyber,pqcrystals_kyber768_ref_gen_matrix,loopOrFuncSkip/pqcrystals_kyber768_ref_gen_matrix_fnSkip_pqcrystals_kyber_fips202_ref_shake128_squeezeblocks_line27,test_result.txt,ineffective,yes,"DETECTED at pos 767 (s1=0 ineffective, s2=78 effective)"
kyber,pqcrystals_kyber768_ref_indcpa_dec,loopOrFuncSkip/pqcrystals_kyber768_ref_indcpa_dec_fnSkip_pqcrystals_kyber768_ref_poly_invntt_tomont_line8,correction_paired_result.txt,correction,yes,pos 0: 65020/65280 pairs disagree (+31 more position(s))
kyber,pqcrystals_kyber768_ref_indcpa_dec,loopOrFuncSkip/pqcrystals_kyber768_ref_indcpa_dec_fnSkip_pqcrystals_kyber768_ref_poly_invntt_tomont_line8,test_result.txt,correction,no,"no (s, alpha) with constant Delta across p found in range swept"
kyber,pqcrystals_kyber768_ref_indcpa_dec,loopOrFuncSkip/pqcrystals_kyber768_ref_indcpa_dec_fnSkip_pqcrystals_kyber768_ref_poly_invntt_tomont_line8,ineffective_paired_result.txt,ineffective,yes,pos 4: 1016/65280 pairs disagree (+21 more position(s))
kyber,pqcrystals_kyber768_ref_indcpa_dec,loopOrFuncSkip/pqcrystals_kyber768_ref_indcpa_dec_fnSkip_pqcrystals_kyber768_ref_poly_invntt_tomont_line8,test_result.txt,ineffective,yes,"DETECTED at pos 22 (s1=3 ineffective, s2=0 effective)"
kyber,pqcrystals_kyber768_ref_indcpa_dec,loopOrFuncSkip/pqcrystals_kyber768_ref_indcpa_dec_fnSkip_pqcrystals_kyber768_ref_poly_reduce_line10,correction_paired_result.txt,correction,no,no position with disagreeing pairs
kyber,pqcrystals_kyber768_ref_indcpa_dec,loopOrFuncSkip/pqcrystals_kyber768_ref_indcpa_dec_fnSkip_pqcrystals_kyber768_ref_poly_reduce_line10,test_result.txt,correction,no,"no (s, alpha) with constant Delta across p found in range swept"
kyber,pqcrystals_kyber768_ref_indcpa_dec,loopOrFuncSkip/pqcrystals_kyber768_ref_indcpa_dec_fnSkip_pqcrystals_kyber768_ref_poly_reduce_line10,ineffective_paired_result.txt,ineffective,no,no position with disagreeing pairs
kyber,pqcrystals_kyber768_ref_indcpa_dec,loopOrFuncSkip/pqcrystals_kyber768_ref_indcpa_dec_fnSkip_pqcrystals_kyber768_ref_poly_reduce_line10,test_result.txt,ineffective,no,no disagreement found in range swept
kyber,pqcrystals_kyber768_ref_indcpa_dec,loopOrFuncSkip/pqcrystals_kyber768_ref_indcpa_dec_fnSkip_pqcrystals_kyber768_ref_poly_sub_line9,correction_paired_result.txt,correction,yes,pos 0: 64290/65280 pairs disagree (+31 more position(s))
kyber,pqcrystals_kyber768_ref_indcpa_dec,loopOrFuncSkip/pqcrystals_kyber768_ref_indcpa_dec_fnSkip_pqcrystals_kyber768_ref_poly_sub_line9,test_result.txt,correction,no,"no (s, alpha) with constant Delta across p found in range swept"
kyber,pqcrystals_kyber768_ref_indcpa_dec,loopOrFuncSkip/pqcrystals_kyber768_ref_indcpa_dec_fnSkip_pqcrystals_kyber768_ref_poly_sub_line9,ineffective_paired_result.txt,ineffective,yes,pos 0: 1016/65280 pairs disagree (+7 more position(s))
kyber,pqcrystals_kyber768_ref_indcpa_dec,loopOrFuncSkip/pqcrystals_kyber768_ref_indcpa_dec_fnSkip_pqcrystals_kyber768_ref_poly_sub_line9,test_result.txt,ineffective,yes,"DETECTED at pos 11 (s1=28 ineffective, s2=0 effective)"
kyber,pqcrystals_kyber768_ref_indcpa_dec,loopOrFuncSkip/pqcrystals_kyber768_ref_indcpa_dec_fnSkip_pqcrystals_kyber768_ref_poly_tomsg_line11,correction_paired_result.txt,correction,yes,pos 0: 65068/65280 pairs disagree (+31 more position(s))
kyber,pqcrystals_kyber768_ref_indcpa_dec,loopOrFuncSkip/pqcrystals_kyber768_ref_indcpa_dec_fnSkip_pqcrystals_kyber768_ref_poly_tomsg_line11,test_result.txt,correction,no,"no (s, alpha) with constant Delta across p found in range swept"
kyber,pqcrystals_kyber768_ref_indcpa_dec,loopOrFuncSkip/pqcrystals_kyber768_ref_indcpa_dec_fnSkip_pqcrystals_kyber768_ref_poly_tomsg_line11,ineffective_paired_result.txt,ineffective,yes,pos 0: 1016/65280 pairs disagree (+17 more position(s))
kyber,pqcrystals_kyber768_ref_indcpa_dec,loopOrFuncSkip/pqcrystals_kyber768_ref_indcpa_dec_fnSkip_pqcrystals_kyber768_ref_poly_tomsg_line11,test_result.txt,ineffective,yes,"DETECTED at pos 20 (s1=0 ineffective, s2=1 effective)"
kyber,pqcrystals_kyber768_ref_indcpa_dec,loopOrFuncSkip/pqcrystals_kyber768_ref_indcpa_dec_fnSkip_pqcrystals_kyber768_ref_polyvec_basemul_acc_montgomery_line7,correction_paired_result.txt,correction,yes,pos 0: 65068/65280 pairs disagree (+31 more position(s))
kyber,pqcrystals_kyber768_ref_indcpa_dec,loopOrFuncSkip/pqcrystals_kyber768_ref_indcpa_dec_fnSkip_pqcrystals_kyber768_ref_polyvec_basemul_acc_montgomery_line7,test_result.txt,correction,no,"no (s, alpha) with constant Delta across p found in range swept"
kyber,pqcrystals_kyber768_ref_indcpa_dec,loopOrFuncSkip/pqcrystals_kyber768_ref_indcpa_dec_fnSkip_pqcrystals_kyber768_ref_polyvec_basemul_acc_montgomery_line7,ineffective_paired_result.txt,ineffective,yes,pos 3: 510/65280 pairs disagree (+16 more position(s))
kyber,pqcrystals_kyber768_ref_indcpa_dec,loopOrFuncSkip/pqcrystals_kyber768_ref_indcpa_dec_fnSkip_pqcrystals_kyber768_ref_polyvec_basemul_acc_montgomery_line7,test_result.txt,ineffective,yes,"DETECTED at pos 0 (s1=1 ineffective, s2=0 effective)"
kyber,pqcrystals_kyber768_ref_indcpa_dec,loopOrFuncSkip/pqcrystals_kyber768_ref_indcpa_dec_fnSkip_pqcrystals_kyber768_ref_polyvec_ntt_line6,correction_paired_result.txt,correction,yes,pos 0: 65050/65280 pairs disagree (+31 more position(s))
kyber,pqcrystals_kyber768_ref_indcpa_dec,loopOrFuncSkip/pqcrystals_kyber768_ref_indcpa_dec_fnSkip_pqcrystals_kyber768_ref_polyvec_ntt_line6,test_result.txt,correction,no,"no (s, alpha) with constant Delta across p found in range swept"
kyber,pqcrystals_kyber768_ref_indcpa_dec,loopOrFuncSkip/pqcrystals_kyber768_ref_indcpa_dec_fnSkip_pqcrystals_kyber768_ref_polyvec_ntt_line6,ineffective_paired_result.txt,ineffective,yes,pos 0: 510/65280 pairs disagree (+16 more position(s))
kyber,pqcrystals_kyber768_ref_indcpa_dec,loopOrFuncSkip/pqcrystals_kyber768_ref_indcpa_dec_fnSkip_pqcrystals_kyber768_ref_polyvec_ntt_line6,test_result.txt,ineffective,yes,"DETECTED at pos 19 (s1=12 ineffective, s2=0 effective)"
kyber,pqcrystals_kyber768_ref_indcpa_dec,loopOrFuncSkip/pqcrystals_kyber768_ref_indcpa_dec_fnSkip_unpack_ciphertext_line4,correction_paired_result.txt,correction,yes,pos 0: 65068/65280 pairs disagree (+31 more position(s))
kyber,pqcrystals_kyber768_ref_indcpa_dec,loopOrFuncSkip/pqcrystals_kyber768_ref_indcpa_dec_fnSkip_unpack_ciphertext_line4,test_result.txt,correction,no,"no (s, alpha) with constant Delta across p found in range swept"
kyber,pqcrystals_kyber768_ref_indcpa_dec,loopOrFuncSkip/pqcrystals_kyber768_ref_indcpa_dec_fnSkip_unpack_ciphertext_line4,ineffective_paired_result.txt,ineffective,yes,pos 0: 1016/65280 pairs disagree (+17 more position(s))
kyber,pqcrystals_kyber768_ref_indcpa_dec,loopOrFuncSkip/pqcrystals_kyber768_ref_indcpa_dec_fnSkip_unpack_ciphertext_line4,test_result.txt,ineffective,yes,"DETECTED at pos 20 (s1=0 ineffective, s2=1 effective)"
kyber,pqcrystals_kyber768_ref_indcpa_dec,loopOrFuncSkip/pqcrystals_kyber768_ref_indcpa_dec_fnSkip_unpack_sk_line5,correction_paired_result.txt,correction,yes,pos 0: 65068/65280 pairs disagree (+31 more position(s))
kyber,pqcrystals_kyber768_ref_indcpa_dec,loopOrFuncSkip/pqcrystals_kyber768_ref_indcpa_dec_fnSkip_unpack_sk_line5,test_result.txt,correction,no,"no (s, alpha) with constant Delta across p found in range swept"
kyber,pqcrystals_kyber768_ref_indcpa_dec,loopOrFuncSkip/pqcrystals_kyber768_ref_indcpa_dec_fnSkip_unpack_sk_line5,ineffective_paired_result.txt,ineffective,yes,pos 3: 510/65280 pairs disagree (+16 more position(s))
kyber,pqcrystals_kyber768_ref_indcpa_dec,loopOrFuncSkip/pqcrystals_kyber768_ref_indcpa_dec_fnSkip_unpack_sk_line5,test_result.txt,ineffective,yes,"DETECTED at pos 0 (s1=1 ineffective, s2=0 effective)"
kyber,pqcrystals_kyber768_ref_indcpa_enc,loopOrFuncSkip/pqcrystals_kyber768_ref_indcpa_enc_fnSkip_pack_ciphertext_line51,correction_paired_result.txt,correction,no,no position with disagreeing pairs
kyber,pqcrystals_kyber768_ref_indcpa_enc,loopOrFuncSkip/pqcrystals_kyber768_ref_indcpa_enc_fnSkip_pack_ciphertext_line51,test_result.txt,correction,no,"no (s, alpha) with constant Delta across p found in range swept"
kyber,pqcrystals_kyber768_ref_indcpa_enc,loopOrFuncSkip/pqcrystals_kyber768_ref_indcpa_enc_fnSkip_pack_ciphertext_line51,ineffective_paired_result.txt,ineffective,no,no position with disagreeing pairs
kyber,pqcrystals_kyber768_ref_indcpa_enc,loopOrFuncSkip/pqcrystals_kyber768_ref_indcpa_enc_fnSkip_pack_ciphertext_line51,test_result.txt,ineffective,no,no disagreement found in range swept
kyber,pqcrystals_kyber768_ref_indcpa_enc,loopOrFuncSkip/pqcrystals_kyber768_ref_indcpa_enc_fnSkip_pqcrystals_kyber768_ref_gen_matrix_line11,correction_paired_result.txt,correction,no,no position with disagreeing pairs
kyber,pqcrystals_kyber768_ref_indcpa_enc,loopOrFuncSkip/pqcrystals_kyber768_ref_indcpa_enc_fnSkip_pqcrystals_kyber768_ref_gen_matrix_line11,test_result.txt,correction,no,"no (s, alpha) with constant Delta across p found in range swept"
kyber,pqcrystals_kyber768_ref_indcpa_enc,loopOrFuncSkip/pqcrystals_kyber768_ref_indcpa_enc_fnSkip_pqcrystals_kyber768_ref_gen_matrix_line11,ineffective_paired_result.txt,ineffective,no,no position with disagreeing pairs
kyber,pqcrystals_kyber768_ref_indcpa_enc,loopOrFuncSkip/pqcrystals_kyber768_ref_indcpa_enc_fnSkip_pqcrystals_kyber768_ref_gen_matrix_line11,test_result.txt,ineffective,no,no disagreement found in range swept
kyber,pqcrystals_kyber768_ref_indcpa_enc,loopOrFuncSkip/pqcrystals_kyber768_ref_indcpa_enc_fnSkip_pqcrystals_kyber768_ref_poly_add_line47,correction_paired_result.txt,correction,no,no position with disagreeing pairs
kyber,pqcrystals_kyber768_ref_indcpa_enc,loopOrFuncSkip/pqcrystals_kyber768_ref_indcpa_enc_fnSkip_pqcrystals_kyber768_ref_poly_add_line47,test_result.txt,correction,no,"no (s, alpha) with constant Delta across p found in range swept"
kyber,pqcrystals_kyber768_ref_indcpa_enc,loopOrFuncSkip/pqcrystals_kyber768_ref_indcpa_enc_fnSkip_pqcrystals_kyber768_ref_poly_add_line47,ineffective_paired_result.txt,ineffective,no,no position with disagreeing pairs
kyber,pqcrystals_kyber768_ref_indcpa_enc,loopOrFuncSkip/pqcrystals_kyber768_ref_indcpa_enc_fnSkip_pqcrystals_kyber768_ref_poly_add_line47,test_result.txt,ineffective,no,no disagreement found in range swept
kyber,pqcrystals_kyber768_ref_indcpa_enc,loopOrFuncSkip/pqcrystals_kyber768_ref_indcpa_enc_fnSkip_pqcrystals_kyber768_ref_poly_add_line48,correction_paired_result.txt,correction,no,no position with disagreeing pairs
kyber,pqcrystals_kyber768_ref_indcpa_enc,loopOrFuncSkip/pqcrystals_kyber768_ref_indcpa_enc_fnSkip_pqcrystals_kyber768_ref_poly_add_line48,test_result.txt,correction,yes,"SATISFIED at pos 1068 (s=0, alpha=128: y1 = y2 xor alpha for all 4 swept p)"
kyber,pqcrystals_kyber768_ref_indcpa_enc,loopOrFuncSkip/pqcrystals_kyber768_ref_indcpa_enc_fnSkip_pqcrystals_kyber768_ref_poly_add_line48,ineffective_paired_result.txt,ineffective,no,no position with disagreeing pairs
kyber,pqcrystals_kyber768_ref_indcpa_enc,loopOrFuncSkip/pqcrystals_kyber768_ref_indcpa_enc_fnSkip_pqcrystals_kyber768_ref_poly_add_line48,test_result.txt,ineffective,yes,"DETECTED at pos 960 (s1=0 ineffective, s2=1 effective)"
kyber,pqcrystals_kyber768_ref_indcpa_enc,loopOrFuncSkip/pqcrystals_kyber768_ref_indcpa_enc_fnSkip_pqcrystals_kyber768_ref_poly_frommsg_line10,correction_paired_result.txt,correction,no,no position with disagreeing pairs
kyber,pqcrystals_kyber768_ref_indcpa_enc,loopOrFuncSkip/pqcrystals_kyber768_ref_indcpa_enc_fnSkip_pqcrystals_kyber768_ref_poly_frommsg_line10,test_result.txt,correction,yes,"SATISFIED at pos 1068 (s=0, alpha=128: y1 = y2 xor alpha for all 4 swept p)"
kyber,pqcrystals_kyber768_ref_indcpa_enc,loopOrFuncSkip/pqcrystals_kyber768_ref_indcpa_enc_fnSkip_pqcrystals_kyber768_ref_poly_frommsg_line10,ineffective_paired_result.txt,ineffective,no,no position with disagreeing pairs
kyber,pqcrystals_kyber768_ref_indcpa_enc,loopOrFuncSkip/pqcrystals_kyber768_ref_indcpa_enc_fnSkip_pqcrystals_kyber768_ref_poly_frommsg_line10,test_result.txt,ineffective,yes,"DETECTED at pos 960 (s1=0 ineffective, s2=1 effective)"
kyber,pqcrystals_kyber768_ref_indcpa_enc,loopOrFuncSkip/pqcrystals_kyber768_ref_indcpa_enc_fnSkip_pqcrystals_kyber768_ref_poly_getnoise_eta1_line19,correction_paired_result.txt,correction,no,no position with disagreeing pairs
kyber,pqcrystals_kyber768_ref_indcpa_enc,loopOrFuncSkip/pqcrystals_kyber768_ref_indcpa_enc_fnSkip_pqcrystals_kyber768_ref_poly_getnoise_eta1_line19,test_result.txt,correction,no,"no (s, alpha) with constant Delta across p found in range swept"
kyber,pqcrystals_kyber768_ref_indcpa_enc,loopOrFuncSkip/pqcrystals_kyber768_ref_indcpa_enc_fnSkip_pqcrystals_kyber768_ref_poly_getnoise_eta1_line19,ineffective_paired_result.txt,ineffective,no,no position with disagreeing pairs
kyber,pqcrystals_kyber768_ref_indcpa_enc,loopOrFuncSkip/pqcrystals_kyber768_ref_indcpa_enc_fnSkip_pqcrystals_kyber768_ref_poly_getnoise_eta1_line19,test_result.txt,ineffective,no,no disagreement found in range swept
kyber,pqcrystals_kyber768_ref_indcpa_enc,loopOrFuncSkip/pqcrystals_kyber768_ref_indcpa_enc_fnSkip_pqcrystals_kyber768_ref_poly_getnoise_eta2_line28,correction_paired_result.txt,correction,no,no position with disagreeing pairs
kyber,pqcrystals_kyber768_ref_indcpa_enc,loopOrFuncSkip/pqcrystals_kyber768_ref_indcpa_enc_fnSkip_pqcrystals_kyber768_ref_poly_getnoise_eta2_line28,test_result.txt,correction,no,"no (s, alpha) with constant Delta across p found in range swept"
kyber,pqcrystals_kyber768_ref_indcpa_enc,loopOrFuncSkip/pqcrystals_kyber768_ref_indcpa_enc_fnSkip_pqcrystals_kyber768_ref_poly_getnoise_eta2_line28,ineffective_paired_result.txt,ineffective,no,no position with disagreeing pairs
kyber,pqcrystals_kyber768_ref_indcpa_enc,loopOrFuncSkip/pqcrystals_kyber768_ref_indcpa_enc_fnSkip_pqcrystals_kyber768_ref_poly_getnoise_eta2_line28,test_result.txt,ineffective,no,no disagreement found in range swept
kyber,pqcrystals_kyber768_ref_indcpa_enc,loopOrFuncSkip/pqcrystals_kyber768_ref_indcpa_enc_fnSkip_pqcrystals_kyber768_ref_poly_getnoise_eta2_line32,correction_paired_result.txt,correction,no,no position with disagreeing pairs
kyber,pqcrystals_kyber768_ref_indcpa_enc,loopOrFuncSkip/pqcrystals_kyber768_ref_indcpa_enc_fnSkip_pqcrystals_kyber768_ref_poly_getnoise_eta2_line32,test_result.txt,correction,no,"no (s, alpha) with constant Delta across p found in range swept"
kyber,pqcrystals_kyber768_ref_indcpa_enc,loopOrFuncSkip/pqcrystals_kyber768_ref_indcpa_enc_fnSkip_pqcrystals_kyber768_ref_poly_getnoise_eta2_line32,ineffective_paired_result.txt,ineffective,no,no position with disagreeing pairs
kyber,pqcrystals_kyber768_ref_indcpa_enc,loopOrFuncSkip/pqcrystals_kyber768_ref_indcpa_enc_fnSkip_pqcrystals_kyber768_ref_poly_getnoise_eta2_line32,test_result.txt,ineffective,no,no disagreement found in range swept
kyber,pqcrystals_kyber768_ref_indcpa_enc,loopOrFuncSkip/pqcrystals_kyber768_ref_indcpa_enc_fnSkip_pqcrystals_kyber768_ref_poly_invntt_tomont_line45,correction_paired_result.txt,correction,no,no position with disagreeing pairs
kyber,pqcrystals_kyber768_ref_indcpa_enc,loopOrFuncSkip/pqcrystals_kyber768_ref_indcpa_enc_fnSkip_pqcrystals_kyber768_ref_poly_invntt_tomont_line45,test_result.txt,correction,no,"no (s, alpha) with constant Delta across p found in range swept"
kyber,pqcrystals_kyber768_ref_indcpa_enc,loopOrFuncSkip/pqcrystals_kyber768_ref_indcpa_enc_fnSkip_pqcrystals_kyber768_ref_poly_invntt_tomont_line45,ineffective_paired_result.txt,ineffective,no,no position with disagreeing pairs
kyber,pqcrystals_kyber768_ref_indcpa_enc,loopOrFuncSkip/pqcrystals_kyber768_ref_indcpa_enc_fnSkip_pqcrystals_kyber768_ref_poly_invntt_tomont_line45,test_result.txt,ineffective,no,no disagreement found in range swept
kyber,pqcrystals_kyber768_ref_indcpa_enc,loopOrFuncSkip/pqcrystals_kyber768_ref_indcpa_enc_fnSkip_pqcrystals_kyber768_ref_poly_reduce_line50,correction_paired_result.txt,correction,no,no position with disagreeing pairs
kyber,pqcrystals_kyber768_ref_indcpa_enc,loopOrFuncSkip/pqcrystals_kyber768_ref_indcpa_enc_fnSkip_pqcrystals_kyber768_ref_poly_reduce_line50,test_result.txt,correction,no,"no (s, alpha) with constant Delta across p found in range swept"
kyber,pqcrystals_kyber768_ref_indcpa_enc,loopOrFuncSkip/pqcrystals_kyber768_ref_indcpa_enc_fnSkip_pqcrystals_kyber768_ref_poly_reduce_line50,ineffective_paired_result.txt,ineffective,no,no position with disagreeing pairs
kyber,pqcrystals_kyber768_ref_indcpa_enc,loopOrFuncSkip/pqcrystals_kyber768_ref_indcpa_enc_fnSkip_pqcrystals_kyber768_ref_poly_reduce_line50,test_result.txt,ineffective,no,no disagreement found in range swept
kyber,pqcrystals_kyber768_ref_indcpa_enc,loopOrFuncSkip/pqcrystals_kyber768_ref_indcpa_enc_fnSkip_pqcrystals_kyber768_ref_polyvec_add_line46,correction_paired_result.txt,correction,no,no position with disagreeing pairs
kyber,pqcrystals_kyber768_ref_indcpa_enc,loopOrFuncSkip/pqcrystals_kyber768_ref_indcpa_enc_fnSkip_pqcrystals_kyber768_ref_polyvec_add_line46,test_result.txt,correction,no,"no (s, alpha) with constant Delta across p found in range swept"
kyber,pqcrystals_kyber768_ref_indcpa_enc,loopOrFuncSkip/pqcrystals_kyber768_ref_indcpa_enc_fnSkip_pqcrystals_kyber768_ref_polyvec_add_line46,ineffective_paired_result.txt,ineffective,no,no position with disagreeing pairs
kyber,pqcrystals_kyber768_ref_indcpa_enc,loopOrFuncSkip/pqcrystals_kyber768_ref_indcpa_enc_fnSkip_pqcrystals_kyber768_ref_polyvec_add_line46,test_result.txt,ineffective,no,no disagreement found in range swept
kyber,pqcrystals_kyber768_ref_indcpa_enc,loopOrFuncSkip/pqcrystals_kyber768_ref_indcpa_enc_fnSkip_pqcrystals_kyber768_ref_polyvec_basemul_acc_montgomery_line40,correction_paired_result.txt,correction,no,no position with disagreeing pairs
kyber,pqcrystals_kyber768_ref_indcpa_enc,loopOrFuncSkip/pqcrystals_kyber768_ref_indcpa_enc_fnSkip_pqcrystals_kyber768_ref_polyvec_basemul_acc_montgomery_line40,test_result.txt,correction,no,"no (s, alpha) with constant Delta across p found in range swept"
kyber,pqcrystals_kyber768_ref_indcpa_enc,loopOrFuncSkip/pqcrystals_kyber768_ref_indcpa_enc_fnSkip_pqcrystals_kyber768_ref_polyvec_basemul_acc_montgomery_line40,ineffective_paired_result.txt,ineffective,no,no position with disagreeing pairs
kyber,pqcrystals_kyber768_ref_indcpa_enc,loopOrFuncSkip/pqcrystals_kyber768_ref_indcpa_enc_fnSkip_pqcrystals_kyber768_ref_polyvec_basemul_acc_montgomery_line40,test_result.txt,ineffective,no,no disagreement found in range swept
kyber,pqcrystals_kyber768_ref_indcpa_enc,loopOrFuncSkip/pqcrystals_kyber768_ref_indcpa_enc_fnSkip_pqcrystals_kyber768_ref_polyvec_basemul_acc_montgomery_line43,correction_paired_result.txt,correction,no,no position with disagreeing pairs
kyber,pqcrystals_kyber768_ref_indcpa_enc,loopOrFuncSkip/pqcrystals_kyber768_ref_indcpa_enc_fnSkip_pqcrystals_kyber768_ref_polyvec_basemul_acc_montgomery_line43,test_result.txt,correction,no,"no (s, alpha) with constant Delta across p found in range swept"
kyber,pqcrystals_kyber768_ref_indcpa_enc,loopOrFuncSkip/pqcrystals_kyber768_ref_indcpa_enc_fnSkip_pqcrystals_kyber768_ref_polyvec_basemul_acc_montgomery_line43,ineffective_paired_result.txt,ineffective,no,no position with disagreeing pairs
kyber,pqcrystals_kyber768_ref_indcpa_enc,loopOrFuncSkip/pqcrystals_kyber768_ref_indcpa_enc_fnSkip_pqcrystals_kyber768_ref_polyvec_basemul_acc_montgomery_line43,test_result.txt,ineffective,no,no disagreement found in range swept
kyber,pqcrystals_kyber768_ref_indcpa_enc,loopOrFuncSkip/pqcrystals_kyber768_ref_indcpa_enc_fnSkip_pqcrystals_kyber768_ref_polyvec_invntt_tomont_line44,correction_paired_result.txt,correction,no,no position with disagreeing pairs
kyber,pqcrystals_kyber768_ref_indcpa_enc,loopOrFuncSkip/pqcrystals_kyber768_ref_indcpa_enc_fnSkip_pqcrystals_kyber768_ref_polyvec_invntt_tomont_line44,test_result.txt,correction,no,"no (s, alpha) with constant Delta across p found in range swept"
kyber,pqcrystals_kyber768_ref_indcpa_enc,loopOrFuncSkip/pqcrystals_kyber768_ref_indcpa_enc_fnSkip_pqcrystals_kyber768_ref_polyvec_invntt_tomont_line44,ineffective_paired_result.txt,ineffective,no,no position with disagreeing pairs
kyber,pqcrystals_kyber768_ref_indcpa_enc,loopOrFuncSkip/pqcrystals_kyber768_ref_indcpa_enc_fnSkip_pqcrystals_kyber768_ref_polyvec_invntt_tomont_line44,test_result.txt,ineffective,no,no disagreement found in range swept
kyber,pqcrystals_kyber768_ref_indcpa_enc,loopOrFuncSkip/pqcrystals_kyber768_ref_indcpa_enc_fnSkip_pqcrystals_kyber768_ref_polyvec_ntt_line33,correction_paired_result.txt,correction,no,no position with disagreeing pairs
kyber,pqcrystals_kyber768_ref_indcpa_enc,loopOrFuncSkip/pqcrystals_kyber768_ref_indcpa_enc_fnSkip_pqcrystals_kyber768_ref_polyvec_ntt_line33,test_result.txt,correction,no,"no (s, alpha) with constant Delta across p found in range swept"
kyber,pqcrystals_kyber768_ref_indcpa_enc,loopOrFuncSkip/pqcrystals_kyber768_ref_indcpa_enc_fnSkip_pqcrystals_kyber768_ref_polyvec_ntt_line33,ineffective_paired_result.txt,ineffective,no,no position with disagreeing pairs
kyber,pqcrystals_kyber768_ref_indcpa_enc,loopOrFuncSkip/pqcrystals_kyber768_ref_indcpa_enc_fnSkip_pqcrystals_kyber768_ref_polyvec_ntt_line33,test_result.txt,ineffective,no,no disagreement found in range swept
kyber,pqcrystals_kyber768_ref_indcpa_enc,loopOrFuncSkip/pqcrystals_kyber768_ref_indcpa_enc_fnSkip_pqcrystals_kyber768_ref_polyvec_reduce_line49,correction_paired_result.txt,correction,no,no position with disagreeing pairs
kyber,pqcrystals_kyber768_ref_indcpa_enc,loopOrFuncSkip/pqcrystals_kyber768_ref_indcpa_enc_fnSkip_pqcrystals_kyber768_ref_polyvec_reduce_line49,test_result.txt,correction,no,"no (s, alpha) with constant Delta across p found in range swept"
kyber,pqcrystals_kyber768_ref_indcpa_enc,loopOrFuncSkip/pqcrystals_kyber768_ref_indcpa_enc_fnSkip_pqcrystals_kyber768_ref_polyvec_reduce_line49,ineffective_paired_result.txt,ineffective,no,no position with disagreeing pairs
kyber,pqcrystals_kyber768_ref_indcpa_enc,loopOrFuncSkip/pqcrystals_kyber768_ref_indcpa_enc_fnSkip_pqcrystals_kyber768_ref_polyvec_reduce_line49,test_result.txt,ineffective,no,no disagreement found in range swept
kyber,pqcrystals_kyber768_ref_indcpa_enc,loopOrFuncSkip/pqcrystals_kyber768_ref_indcpa_enc_fnSkip_unpack_pk_line9,correction_paired_result.txt,correction,no,no position with disagreeing pairs
kyber,pqcrystals_kyber768_ref_indcpa_enc,loopOrFuncSkip/pqcrystals_kyber768_ref_indcpa_enc_fnSkip_unpack_pk_line9,test_result.txt,correction,no,"no (s, alpha) with constant Delta across p found in range swept"
kyber,pqcrystals_kyber768_ref_indcpa_enc,loopOrFuncSkip/pqcrystals_kyber768_ref_indcpa_enc_fnSkip_unpack_pk_line9,ineffective_paired_result.txt,ineffective,no,no position with disagreeing pairs
kyber,pqcrystals_kyber768_ref_indcpa_enc,loopOrFuncSkip/pqcrystals_kyber768_ref_indcpa_enc_fnSkip_unpack_pk_line9,test_result.txt,ineffective,no,no disagreement found in range swept
kyber,pqcrystals_kyber768_ref_indcpa_keypair_derand,loopOrFuncSkip/pqcrystals_kyber768_ref_indcpa_keypair_derand_fnSkip_pack_pk_line47,test_result.txt,correction,no,"no (s, alpha) with constant Delta across p found in range swept"
kyber,pqcrystals_kyber768_ref_indcpa_keypair_derand,loopOrFuncSkip/pqcrystals_kyber768_ref_indcpa_keypair_derand_fnSkip_pack_pk_line47,test_result.txt,ineffective,no,no disagreement found in range swept
kyber,pqcrystals_kyber768_ref_indcpa_keypair_derand,loopOrFuncSkip/pqcrystals_kyber768_ref_indcpa_keypair_derand_fnSkip_pack_sk_line46,test_result.txt,correction,no,"no (s, alpha) with constant Delta across p found in range swept"
kyber,pqcrystals_kyber768_ref_indcpa_keypair_derand,loopOrFuncSkip/pqcrystals_kyber768_ref_indcpa_keypair_derand_fnSkip_pack_sk_line46,test_result.txt,ineffective,no,no disagreement found in range swept
kyber,pqcrystals_kyber768_ref_indcpa_keypair_derand,loopOrFuncSkip/pqcrystals_kyber768_ref_indcpa_keypair_derand_fnSkip_pqcrystals_kyber768_ref_poly_getnoise_eta1_line18,test_result.txt,correction,no,"no (s, alpha) with constant Delta across p found in range swept"
kyber,pqcrystals_kyber768_ref_indcpa_keypair_derand,loopOrFuncSkip/pqcrystals_kyber768_ref_indcpa_keypair_derand_fnSkip_pqcrystals_kyber768_ref_poly_getnoise_eta1_line18,test_result.txt,ineffective,no,no disagreement found in range swept
kyber,pqcrystals_kyber768_ref_indcpa_keypair_derand,loopOrFuncSkip/pqcrystals_kyber768_ref_indcpa_keypair_derand_fnSkip_pqcrystals_kyber768_ref_poly_getnoise_eta1_line27,test_result.txt,correction,no,"no (s, alpha) with constant Delta across p found in range swept"
kyber,pqcrystals_kyber768_ref_indcpa_keypair_derand,loopOrFuncSkip/pqcrystals_kyber768_ref_indcpa_keypair_derand_fnSkip_pqcrystals_kyber768_ref_poly_getnoise_eta1_line27,test_result.txt,ineffective,no,no disagreement found in range swept
kyber,pqcrystals_kyber768_ref_indcpa_keypair_derand,loopOrFuncSkip/pqcrystals_kyber768_ref_indcpa_keypair_derand_fnSkip_pqcrystals_kyber768_ref_poly_tomont_line41,test_result.txt,correction,no,"no (s, alpha) with constant Delta across p found in range swept"
kyber,pqcrystals_kyber768_ref_indcpa_keypair_derand,loopOrFuncSkip/pqcrystals_kyber768_ref_indcpa_keypair_derand_fnSkip_pqcrystals_kyber768_ref_poly_tomont_line41,test_result.txt,ineffective,no,no disagreement found in range swept
kyber,pqcrystals_kyber768_ref_indcpa_keypair_derand,loopOrFuncSkip/pqcrystals_kyber768_ref_indcpa_keypair_derand_fnSkip_pqcrystals_kyber768_ref_polyvec_add_line44,test_result.txt,correction,no,"no (s, alpha) with constant Delta across p found in range swept"
kyber,pqcrystals_kyber768_ref_indcpa_keypair_derand,loopOrFuncSkip/pqcrystals_kyber768_ref_indcpa_keypair_derand_fnSkip_pqcrystals_kyber768_ref_polyvec_add_line44,test_result.txt,ineffective,no,no disagreement found in range swept
kyber,pqcrystals_kyber768_ref_indcpa_keypair_derand,loopOrFuncSkip/pqcrystals_kyber768_ref_indcpa_keypair_derand_fnSkip_pqcrystals_kyber768_ref_polyvec_basemul_acc_montgomery_line39,test_result.txt,correction,no,"no (s, alpha) with constant Delta across p found in range swept"
kyber,pqcrystals_kyber768_ref_indcpa_keypair_derand,loopOrFuncSkip/pqcrystals_kyber768_ref_indcpa_keypair_derand_fnSkip_pqcrystals_kyber768_ref_polyvec_basemul_acc_montgomery_line39,test_result.txt,ineffective,no,no disagreement found in range swept
kyber,pqcrystals_kyber768_ref_indcpa_keypair_derand,loopOrFuncSkip/pqcrystals_kyber768_ref_indcpa_keypair_derand_fnSkip_pqcrystals_kyber768_ref_polyvec_ntt_line31,test_result.txt,correction,no,"no (s, alpha) with constant Delta across p found in range swept"
kyber,pqcrystals_kyber768_ref_indcpa_keypair_derand,loopOrFuncSkip/pqcrystals_kyber768_ref_indcpa_keypair_derand_fnSkip_pqcrystals_kyber768_ref_polyvec_ntt_line31,test_result.txt,ineffective,no,no disagreement found in range swept
kyber,pqcrystals_kyber768_ref_indcpa_keypair_derand,loopOrFuncSkip/pqcrystals_kyber768_ref_indcpa_keypair_derand_fnSkip_pqcrystals_kyber768_ref_polyvec_ntt_line32,test_result.txt,correction,no,"no (s, alpha) with constant Delta across p found in range swept"
kyber,pqcrystals_kyber768_ref_indcpa_keypair_derand,loopOrFuncSkip/pqcrystals_kyber768_ref_indcpa_keypair_derand_fnSkip_pqcrystals_kyber768_ref_polyvec_ntt_line32,test_result.txt,ineffective,no,no disagreement found in range swept
kyber,pqcrystals_kyber768_ref_indcpa_keypair_derand,loopOrFuncSkip/pqcrystals_kyber768_ref_indcpa_keypair_derand_fnSkip_pqcrystals_kyber768_ref_polyvec_reduce_line45,test_result.txt,correction,no,"no (s, alpha) with constant Delta across p found in range swept"
kyber,pqcrystals_kyber768_ref_indcpa_keypair_derand,loopOrFuncSkip/pqcrystals_kyber768_ref_indcpa_keypair_derand_fnSkip_pqcrystals_kyber768_ref_polyvec_reduce_line45,test_result.txt,ineffective,no,no disagreement found in range swept
kyber,pqcrystals_kyber768_ref_poly_add,binOpFault/pqcrystals_kyber768_ref_poly_add_line8_opA,test_result.txt,correction,yes,"SATISFIED at pos 0 (s=1, alpha=1: y1 = y2 xor alpha for all 4 swept p)"
kyber,pqcrystals_kyber768_ref_poly_add,binOpFault/pqcrystals_kyber768_ref_poly_add_line8_opA,test_result.txt,ineffective,yes,"DETECTED at pos 0 (s1=0 ineffective, s2=1 effective)"
kyber,pqcrystals_kyber768_ref_poly_add,binOpFault/pqcrystals_kyber768_ref_poly_add_line8_opB,test_result.txt,correction,no,"no (s, alpha) with constant Delta across p found in range swept"
kyber,pqcrystals_kyber768_ref_poly_add,binOpFault/pqcrystals_kyber768_ref_poly_add_line8_opB,test_result.txt,ineffective,no,no disagreement found in range swept
kyber,pqcrystals_kyber768_ref_poly_add,binOpFault/pqcrystals_kyber768_ref_poly_add_line8_undef,test_result.txt,correction,no,"no (s, alpha) with constant Delta across p found in range swept"
kyber,pqcrystals_kyber768_ref_poly_add,binOpFault/pqcrystals_kyber768_ref_poly_add_line8_undef,test_result.txt,ineffective,no,no disagreement found in range swept
kyber,pqcrystals_kyber768_ref_poly_add,binOpFault/pqcrystals_kyber768_ref_poly_add_line8_zero,test_result.txt,correction,no,"no (s, alpha) with constant Delta across p found in range swept"
kyber,pqcrystals_kyber768_ref_poly_add,binOpFault/pqcrystals_kyber768_ref_poly_add_line8_zero,test_result.txt,ineffective,no,no disagreement found in range swept
kyber,pqcrystals_kyber768_ref_poly_add,loadStoreSkip/pqcrystals_kyber768_ref_poly_add_line10_mem,test_result.txt,correction,no,"no (s, alpha) with constant Delta across p found in range swept"
kyber,pqcrystals_kyber768_ref_poly_add,loadStoreSkip/pqcrystals_kyber768_ref_poly_add_line10_mem,test_result.txt,ineffective,no,no disagreement found in range swept
kyber,pqcrystals_kyber768_ref_poly_add,loadStoreSkip/pqcrystals_kyber768_ref_poly_add_line5_mem,test_result.txt,correction,no,"no (s, alpha) with constant Delta across p found in range swept"
kyber,pqcrystals_kyber768_ref_poly_add,loadStoreSkip/pqcrystals_kyber768_ref_poly_add_line5_mem,test_result.txt,ineffective,no,no disagreement found in range swept
kyber,pqcrystals_kyber768_ref_poly_add,loadStoreSkip/pqcrystals_kyber768_ref_poly_add_line7_mem,test_result.txt,correction,yes,"SATISFIED at pos 0 (s=1, alpha=1: y1 = y2 xor alpha for all 4 swept p)"
kyber,pqcrystals_kyber768_ref_poly_add,loadStoreSkip/pqcrystals_kyber768_ref_poly_add_line7_mem,test_result.txt,ineffective,yes,"DETECTED at pos 0 (s1=0 ineffective, s2=1 effective)"
kyber,pqcrystals_kyber768_ref_poly_basemul_montgomery,loopOrFuncSkip/pqcrystals_kyber768_ref_poly_basemul_montgomery_fnSkip_pqcrystals_kyber768_ref_basemul_line13,correction_paired_result.txt,correction,yes,pos 0: 65280/65280 pairs disagree (+1 more position(s))
kyber,pqcrystals_kyber768_ref_poly_basemul_montgomery,loopOrFuncSkip/pqcrystals_kyber768_ref_poly_basemul_montgomery_fnSkip_pqcrystals_kyber768_ref_basemul_line13,test_result.txt,correction,no,"no (s, alpha) with constant Delta across p found in range swept"
kyber,pqcrystals_kyber768_ref_poly_basemul_montgomery,loopOrFuncSkip/pqcrystals_kyber768_ref_poly_basemul_montgomery_fnSkip_pqcrystals_kyber768_ref_basemul_line13,ineffective_paired_result.txt,ineffective,no,no position with disagreeing pairs
kyber,pqcrystals_kyber768_ref_poly_basemul_montgomery,loopOrFuncSkip/pqcrystals_kyber768_ref_poly_basemul_montgomery_fnSkip_pqcrystals_kyber768_ref_basemul_line13,test_result.txt,ineffective,no,no disagreement found in range swept
kyber,pqcrystals_kyber768_ref_poly_basemul_montgomery,loopOrFuncSkip/pqcrystals_kyber768_ref_poly_basemul_montgomery_fnSkip_pqcrystals_kyber768_ref_basemul_line27,correction_paired_result.txt,correction,no,no position with disagreeing pairs
kyber,pqcrystals_kyber768_ref_poly_basemul_montgomery,loopOrFuncSkip/pqcrystals_kyber768_ref_poly_basemul_montgomery_fnSkip_pqcrystals_kyber768_ref_basemul_line27,test_result.txt,correction,no,"no (s, alpha) with constant Delta across p found in range swept"
kyber,pqcrystals_kyber768_ref_poly_basemul_montgomery,loopOrFuncSkip/pqcrystals_kyber768_ref_poly_basemul_montgomery_fnSkip_pqcrystals_kyber768_ref_basemul_line27,ineffective_paired_result.txt,ineffective,no,no position with disagreeing pairs
kyber,pqcrystals_kyber768_ref_poly_basemul_montgomery,loopOrFuncSkip/pqcrystals_kyber768_ref_poly_basemul_montgomery_fnSkip_pqcrystals_kyber768_ref_basemul_line27,test_result.txt,ineffective,no,no disagreement found in range swept
kyber,pqcrystals_kyber768_ref_poly_cbd_eta1,loopOrFuncSkip/pqcrystals_kyber768_ref_poly_cbd_eta1_fnSkip_cbd2_line0,correction_paired_result.txt,correction,yes,pos 0: 47616/65280 pairs disagree (+1 more position(s))
kyber,pqcrystals_kyber768_ref_poly_cbd_eta1,loopOrFuncSkip/pqcrystals_kyber768_ref_poly_cbd_eta1_fnSkip_cbd2_line0,test_result.txt,correction,yes,"SATISFIED at pos 16 (s=0, alpha=1: y1 = y2 xor alpha for all 4 swept p)"
kyber,pqcrystals_kyber768_ref_poly_cbd_eta1,loopOrFuncSkip/pqcrystals_kyber768_ref_poly_cbd_eta1_fnSkip_cbd2_line0,ineffective_paired_result.txt,ineffective,yes,pos 0: 30720/65280 pairs disagree (+1 more position(s))
kyber,pqcrystals_kyber768_ref_poly_cbd_eta1,loopOrFuncSkip/pqcrystals_kyber768_ref_poly_cbd_eta1_fnSkip_cbd2_line0,test_result.txt,ineffective,yes,"DETECTED at pos 0 (s1=0 ineffective, s2=1 effective)"
kyber,pqcrystals_kyber768_ref_poly_cbd_eta2,loopOrFuncSkip/pqcrystals_kyber768_ref_poly_cbd_eta2_fnSkip_cbd2_line0,correction_paired_result.txt,correction,yes,pos 0: 47616/65280 pairs disagree (+1 more position(s))
kyber,pqcrystals_kyber768_ref_poly_cbd_eta2,loopOrFuncSkip/pqcrystals_kyber768_ref_poly_cbd_eta2_fnSkip_cbd2_line0,test_result.txt,correction,yes,"SATISFIED at pos 16 (s=0, alpha=1: y1 = y2 xor alpha for all 4 swept p)"
kyber,pqcrystals_kyber768_ref_poly_cbd_eta2,loopOrFuncSkip/pqcrystals_kyber768_ref_poly_cbd_eta2_fnSkip_cbd2_line0,ineffective_paired_result.txt,ineffective,yes,pos 0: 30720/65280 pairs disagree (+1 more position(s))
kyber,pqcrystals_kyber768_ref_poly_cbd_eta2,loopOrFuncSkip/pqcrystals_kyber768_ref_poly_cbd_eta2_fnSkip_cbd2_line0,test_result.txt,ineffective,yes,"DETECTED at pos 0 (s1=0 ineffective, s2=1 effective)"
kyber,pqcrystals_kyber768_ref_poly_ntt,loopOrFuncSkip/pqcrystals_kyber768_ref_poly_ntt_fnSkip_pqcrystals_kyber768_ref_ntt_line0,correction_paired_result.txt,correction,yes,pos 2: 65280/65280 pairs disagree (+126 more position(s))
kyber,pqcrystals_kyber768_ref_poly_ntt,loopOrFuncSkip/pqcrystals_kyber768_ref_poly_ntt_fnSkip_pqcrystals_kyber768_ref_ntt_line0,ineffective_paired_result.txt,ineffective,yes,pos 2: 510/65280 pairs disagree (+8 more position(s))
kyber,pqcrystals_kyber768_ref_poly_ntt,loopOrFuncSkip/pqcrystals_kyber768_ref_poly_ntt_fnSkip_pqcrystals_kyber768_ref_poly_reduce_line1,correction_paired_result.txt,correction,no,no position with disagreeing pairs
kyber,pqcrystals_kyber768_ref_poly_ntt,loopOrFuncSkip/pqcrystals_kyber768_ref_poly_ntt_fnSkip_pqcrystals_kyber768_ref_poly_reduce_line1,ineffective_paired_result.txt,ineffective,no,no position with disagreeing pairs
kyber,pqcrystals_kyber768_ref_poly_tomsg,binOpFault/pqcrystals_kyber768_ref_poly_tomsg_line16_opA,test_result.txt,correction,yes,"SATISFIED at pos 0 (s=835, alpha=1: y1 = y2 xor alpha for all 4 swept p)"
kyber,pqcrystals_kyber768_ref_poly_tomsg,binOpFault/pqcrystals_kyber768_ref_poly_tomsg_line16_opA,test_result.txt,ineffective,yes,"DETECTED at pos 0 (s1=0 ineffective, s2=835 effective)"
kyber,pqcrystals_kyber768_ref_poly_tomsg,binOpFault/pqcrystals_kyber768_ref_poly_tomsg_line16_opB,test_result.txt,correction,no,"no (s, alpha) with constant Delta across p found in range swept"
kyber,pqcrystals_kyber768_ref_poly_tomsg,binOpFault/pqcrystals_kyber768_ref_poly_tomsg_line16_opB,test_result.txt,ineffective,no,no disagreement found in range swept
kyber,pqcrystals_kyber768_ref_poly_tomsg,binOpFault/pqcrystals_kyber768_ref_poly_tomsg_line16_undef,test_result.txt,correction,yes,"SATISFIED at pos 0 (s=835, alpha=1: y1 = y2 xor alpha for all 4 swept p)"
kyber,pqcrystals_kyber768_ref_poly_tomsg,binOpFault/pqcrystals_kyber768_ref_poly_tomsg_line16_undef,test_result.txt,ineffective,yes,"DETECTED at pos 0 (s1=0 ineffective, s2=835 effective)"
kyber,pqcrystals_kyber768_ref_poly_tomsg,binOpFault/pqcrystals_kyber768_ref_poly_tomsg_line16_zero,test_result.txt,correction,yes,"SATISFIED at pos 0 (s=835, alpha=1: y1 = y2 xor alpha for all 4 swept p)"
kyber,pqcrystals_kyber768_ref_poly_tomsg,binOpFault/pqcrystals_kyber768_ref_poly_tomsg_line16_zero,test_result.txt,ineffective,yes,"DETECTED at pos 0 (s1=0 ineffective, s2=835 effective)"
kyber,pqcrystals_kyber768_ref_poly_tomsg,binOpFault/pqcrystals_kyber768_ref_poly_tomsg_line18_opA,test_result.txt,correction,yes,"SATISFIED at pos 0 (s=835, alpha=1: y1 = y2 xor alpha for all 4 swept p)"
kyber,pqcrystals_kyber768_ref_poly_tomsg,binOpFault/pqcrystals_kyber768_ref_poly_tomsg_line18_opA,test_result.txt,ineffective,yes,"DETECTED at pos 0 (s1=0 ineffective, s2=835 effective)"
kyber,pqcrystals_kyber768_ref_poly_tomsg,binOpFault/pqcrystals_kyber768_ref_poly_tomsg_line18_opB,test_result.txt,correction,yes,"SATISFIED at pos 0 (s=835, alpha=1: y1 = y2 xor alpha for all 4 swept p)"
kyber,pqcrystals_kyber768_ref_poly_tomsg,binOpFault/pqcrystals_kyber768_ref_poly_tomsg_line18_opB,test_result.txt,ineffective,yes,"DETECTED at pos 0 (s1=0 ineffective, s2=835 effective)"
kyber,pqcrystals_kyber768_ref_poly_tomsg,binOpFault/pqcrystals_kyber768_ref_poly_tomsg_line18_undef,test_result.txt,correction,yes,"SATISFIED at pos 0 (s=835, alpha=1: y1 = y2 xor alpha for all 4 swept p)"
kyber,pqcrystals_kyber768_ref_poly_tomsg,binOpFault/pqcrystals_kyber768_ref_poly_tomsg_line18_undef,test_result.txt,ineffective,yes,"DETECTED at pos 0 (s1=0 ineffective, s2=835 effective)"
kyber,pqcrystals_kyber768_ref_poly_tomsg,binOpFault/pqcrystals_kyber768_ref_poly_tomsg_line18_zero,test_result.txt,correction,yes,"SATISFIED at pos 0 (s=835, alpha=1: y1 = y2 xor alpha for all 4 swept p)"
kyber,pqcrystals_kyber768_ref_poly_tomsg,binOpFault/pqcrystals_kyber768_ref_poly_tomsg_line18_zero,test_result.txt,ineffective,yes,"DETECTED at pos 0 (s1=0 ineffective, s2=835 effective)"
kyber,pqcrystals_kyber768_ref_poly_tomsg,binOpFault/pqcrystals_kyber768_ref_poly_tomsg_line19_opA,test_result.txt,correction,yes,"SATISFIED at pos 0 (s=835, alpha=1: y1 = y2 xor alpha for all 4 swept p)"
kyber,pqcrystals_kyber768_ref_poly_tomsg,binOpFault/pqcrystals_kyber768_ref_poly_tomsg_line19_opA,test_result.txt,ineffective,yes,"DETECTED at pos 0 (s1=0 ineffective, s2=835 effective)"
kyber,pqcrystals_kyber768_ref_poly_tomsg,binOpFault/pqcrystals_kyber768_ref_poly_tomsg_line19_opB,test_result.txt,correction,yes,"SATISFIED at pos 0 (s=835, alpha=1: y1 = y2 xor alpha for all 4 swept p)"
kyber,pqcrystals_kyber768_ref_poly_tomsg,binOpFault/pqcrystals_kyber768_ref_poly_tomsg_line19_opB,test_result.txt,ineffective,yes,"DETECTED at pos 0 (s1=0 ineffective, s2=835 effective)"
kyber,pqcrystals_kyber768_ref_poly_tomsg,binOpFault/pqcrystals_kyber768_ref_poly_tomsg_line19_undef,test_result.txt,correction,yes,"SATISFIED at pos 0 (s=835, alpha=1: y1 = y2 xor alpha for all 4 swept p)"
kyber,pqcrystals_kyber768_ref_poly_tomsg,binOpFault/pqcrystals_kyber768_ref_poly_tomsg_line19_undef,test_result.txt,ineffective,yes,"DETECTED at pos 0 (s1=0 ineffective, s2=835 effective)"
kyber,pqcrystals_kyber768_ref_poly_tomsg,binOpFault/pqcrystals_kyber768_ref_poly_tomsg_line19_zero,test_result.txt,correction,yes,"SATISFIED at pos 0 (s=835, alpha=1: y1 = y2 xor alpha for all 4 swept p)"
kyber,pqcrystals_kyber768_ref_poly_tomsg,binOpFault/pqcrystals_kyber768_ref_poly_tomsg_line19_zero,test_result.txt,ineffective,yes,"DETECTED at pos 0 (s1=0 ineffective, s2=835 effective)"
kyber,pqcrystals_kyber768_ref_poly_tomsg,binOpFault/pqcrystals_kyber768_ref_poly_tomsg_line20_opA,test_result.txt,correction,yes,"SATISFIED at pos 0 (s=835, alpha=1: y1 = y2 xor alpha for all 4 swept p)"
kyber,pqcrystals_kyber768_ref_poly_tomsg,binOpFault/pqcrystals_kyber768_ref_poly_tomsg_line20_opA,test_result.txt,ineffective,yes,"DETECTED at pos 0 (s1=0 ineffective, s2=835 effective)"
kyber,pqcrystals_kyber768_ref_poly_tomsg,binOpFault/pqcrystals_kyber768_ref_poly_tomsg_line20_opB,test_result.txt,correction,yes,"SATISFIED at pos 0 (s=835, alpha=1: y1 = y2 xor alpha for all 4 swept p)"
kyber,pqcrystals_kyber768_ref_poly_tomsg,binOpFault/pqcrystals_kyber768_ref_poly_tomsg_line20_opB,test_result.txt,ineffective,yes,"DETECTED at pos 0 (s1=0 ineffective, s2=835 effective)"
kyber,pqcrystals_kyber768_ref_poly_tomsg,binOpFault/pqcrystals_kyber768_ref_poly_tomsg_line20_undef,test_result.txt,correction,yes,"SATISFIED at pos 0 (s=835, alpha=1: y1 = y2 xor alpha for all 4 swept p)"
kyber,pqcrystals_kyber768_ref_poly_tomsg,binOpFault/pqcrystals_kyber768_ref_poly_tomsg_line20_undef,test_result.txt,ineffective,yes,"DETECTED at pos 0 (s1=0 ineffective, s2=835 effective)"
kyber,pqcrystals_kyber768_ref_poly_tomsg,binOpFault/pqcrystals_kyber768_ref_poly_tomsg_line20_zero,test_result.txt,correction,yes,"SATISFIED at pos 0 (s=835, alpha=1: y1 = y2 xor alpha for all 4 swept p)"
kyber,pqcrystals_kyber768_ref_poly_tomsg,binOpFault/pqcrystals_kyber768_ref_poly_tomsg_line20_zero,test_result.txt,ineffective,yes,"DETECTED at pos 0 (s1=0 ineffective, s2=835 effective)"
kyber,pqcrystals_kyber768_ref_poly_tomsg,binOpFault/pqcrystals_kyber768_ref_poly_tomsg_line21_opA,test_result.txt,correction,yes,"SATISFIED at pos 0 (s=835, alpha=1: y1 = y2 xor alpha for all 4 swept p)"
kyber,pqcrystals_kyber768_ref_poly_tomsg,binOpFault/pqcrystals_kyber768_ref_poly_tomsg_line21_opA,test_result.txt,ineffective,yes,"DETECTED at pos 0 (s1=0 ineffective, s2=835 effective)"
kyber,pqcrystals_kyber768_ref_poly_tomsg,binOpFault/pqcrystals_kyber768_ref_poly_tomsg_line21_opB,test_result.txt,correction,yes,"SATISFIED at pos 0 (s=835, alpha=1: y1 = y2 xor alpha for all 4 swept p)"
kyber,pqcrystals_kyber768_ref_poly_tomsg,binOpFault/pqcrystals_kyber768_ref_poly_tomsg_line21_opB,test_result.txt,ineffective,yes,"DETECTED at pos 0 (s1=0 ineffective, s2=835 effective)"
kyber,pqcrystals_kyber768_ref_poly_tomsg,binOpFault/pqcrystals_kyber768_ref_poly_tomsg_line21_undef,test_result.txt,correction,yes,"SATISFIED at pos 0 (s=835, alpha=1: y1 = y2 xor alpha for all 4 swept p)"
kyber,pqcrystals_kyber768_ref_poly_tomsg,binOpFault/pqcrystals_kyber768_ref_poly_tomsg_line21_undef,test_result.txt,ineffective,yes,"DETECTED at pos 0 (s1=0 ineffective, s2=835 effective)"
kyber,pqcrystals_kyber768_ref_poly_tomsg,binOpFault/pqcrystals_kyber768_ref_poly_tomsg_line21_zero,test_result.txt,correction,yes,"SATISFIED at pos 0 (s=835, alpha=1: y1 = y2 xor alpha for all 4 swept p)"
kyber,pqcrystals_kyber768_ref_poly_tomsg,binOpFault/pqcrystals_kyber768_ref_poly_tomsg_line21_zero,test_result.txt,ineffective,yes,"DETECTED at pos 0 (s1=0 ineffective, s2=835 effective)"
kyber,pqcrystals_kyber768_ref_poly_tomsg,binOpFault/pqcrystals_kyber768_ref_poly_tomsg_line22_opA,test_result.txt,correction,no,"no (s, alpha) with constant Delta across p found in range swept"
kyber,pqcrystals_kyber768_ref_poly_tomsg,binOpFault/pqcrystals_kyber768_ref_poly_tomsg_line22_opA,test_result.txt,ineffective,no,no disagreement found in range swept
kyber,pqcrystals_kyber768_ref_poly_tomsg,binOpFault/pqcrystals_kyber768_ref_poly_tomsg_line22_opB,test_result.txt,correction,yes,"SATISFIED at pos 0 (s=835, alpha=1: y1 = y2 xor alpha for all 4 swept p)"
kyber,pqcrystals_kyber768_ref_poly_tomsg,binOpFault/pqcrystals_kyber768_ref_poly_tomsg_line22_opB,test_result.txt,ineffective,yes,"DETECTED at pos 0 (s1=0 ineffective, s2=835 effective)"
kyber,pqcrystals_kyber768_ref_poly_tomsg,binOpFault/pqcrystals_kyber768_ref_poly_tomsg_line22_undef,test_result.txt,correction,no,"no (s, alpha) with constant Delta across p found in range swept"
kyber,pqcrystals_kyber768_ref_poly_tomsg,binOpFault/pqcrystals_kyber768_ref_poly_tomsg_line22_undef,test_result.txt,ineffective,no,no disagreement found in range swept
kyber,pqcrystals_kyber768_ref_poly_tomsg,binOpFault/pqcrystals_kyber768_ref_poly_tomsg_line22_zero,test_result.txt,correction,yes,"SATISFIED at pos 0 (s=835, alpha=1: y1 = y2 xor alpha for all 4 swept p)"
kyber,pqcrystals_kyber768_ref_poly_tomsg,binOpFault/pqcrystals_kyber768_ref_poly_tomsg_line22_zero,test_result.txt,ineffective,yes,"DETECTED at pos 0 (s1=0 ineffective, s2=835 effective)"
kyber,pqcrystals_kyber768_ref_poly_tomsg,binOpFault/pqcrystals_kyber768_ref_poly_tomsg_line26_opA,test_result.txt,correction,yes,"SATISFIED at pos 0 (s=835, alpha=1: y1 = y2 xor alpha for all 4 swept p)"
kyber,pqcrystals_kyber768_ref_poly_tomsg,binOpFault/pqcrystals_kyber768_ref_poly_tomsg_line26_opA,test_result.txt,ineffective,yes,"DETECTED at pos 0 (s1=0 ineffective, s2=835 effective)"
kyber,pqcrystals_kyber768_ref_poly_tomsg,binOpFault/pqcrystals_kyber768_ref_poly_tomsg_line26_opB,test_result.txt,correction,no,"no (s, alpha) with constant Delta across p found in range swept"
kyber,pqcrystals_kyber768_ref_poly_tomsg,binOpFault/pqcrystals_kyber768_ref_poly_tomsg_line26_opB,test_result.txt,ineffective,no,no disagreement found in range swept
kyber,pqcrystals_kyber768_ref_poly_tomsg,binOpFault/pqcrystals_kyber768_ref_poly_tomsg_line26_undef,test_result.txt,correction,no,"no (s, alpha) with constant Delta across p found in range swept"
kyber,pqcrystals_kyber768_ref_poly_tomsg,binOpFault/pqcrystals_kyber768_ref_poly_tomsg_line26_undef,test_result.txt,ineffective,no,no disagreement found in range swept
kyber,pqcrystals_kyber768_ref_poly_tomsg,binOpFault/pqcrystals_kyber768_ref_poly_tomsg_line26_zero,test_result.txt,correction,yes,"SATISFIED at pos 0 (s=835, alpha=1: y1 = y2 xor alpha for all 4 swept p)"
kyber,pqcrystals_kyber768_ref_poly_tomsg,binOpFault/pqcrystals_kyber768_ref_poly_tomsg_line26_zero,test_result.txt,ineffective,yes,"DETECTED at pos 0 (s1=0 ineffective, s2=835 effective)"
kyber,pqcrystals_kyber768_ref_poly_tomsg,loadStoreSkip/pqcrystals_kyber768_ref_poly_tomsg_line13_mem,test_result.txt,correction,yes,"SATISFIED at pos 0 (s=835, alpha=1: y1 = y2 xor alpha for all 4 swept p)"
kyber,pqcrystals_kyber768_ref_poly_tomsg,loadStoreSkip/pqcrystals_kyber768_ref_poly_tomsg_line13_mem,test_result.txt,ineffective,yes,"DETECTED at pos 0 (s1=0 ineffective, s2=835 effective)"
kyber,pqcrystals_kyber768_ref_poly_tomsg,loadStoreSkip/pqcrystals_kyber768_ref_poly_tomsg_line24_mem,test_result.txt,correction,no,"no (s, alpha) with constant Delta across p found in range swept"
kyber,pqcrystals_kyber768_ref_poly_tomsg,loadStoreSkip/pqcrystals_kyber768_ref_poly_tomsg_line24_mem,test_result.txt,ineffective,no,no disagreement found in range swept
kyber,pqcrystals_kyber768_ref_poly_tomsg,loadStoreSkip/pqcrystals_kyber768_ref_poly_tomsg_line27_mem,test_result.txt,correction,no,"no (s, alpha) with constant Delta across p found in range swept"
kyber,pqcrystals_kyber768_ref_poly_tomsg,loadStoreSkip/pqcrystals_kyber768_ref_poly_tomsg_line27_mem,test_result.txt,ineffective,no,no disagreement found in range swept
kyber,pqcrystals_kyber768_ref_poly_tomsg,loadStoreSkip/pqcrystals_kyber768_ref_poly_tomsg_line5_mem,test_result.txt,correction,no,"no (s, alpha) with constant Delta across p found in range swept"
kyber,pqcrystals_kyber768_ref_poly_tomsg,loadStoreSkip/pqcrystals_kyber768_ref_poly_tomsg_line5_mem,test_result.txt,ineffective,no,no disagreement found in range swept
kyber,pqcrystals_kyber768_ref_polyvec_add,loopOrFuncSkip/pqcrystals_kyber768_ref_polyvec_add_fnSkip_pqcrystals_kyber768_ref_poly_add_line7,test_result.txt,correction,no,"no (s, alpha) with constant Delta across p found in range swept"
kyber,pqcrystals_kyber768_ref_polyvec_add,loopOrFuncSkip/pqcrystals_kyber768_ref_polyvec_add_fnSkip_pqcrystals_kyber768_ref_poly_add_line7,test_result.txt,ineffective,no,no disagreement found in range swept
kyber,pqcrystals_kyber768_ref_polyvec_tobytes,loopOrFuncSkip/pqcrystals_kyber768_ref_polyvec_tobytes_fnSkip_pqcrystals_kyber768_ref_poly_tobytes_line7,test_result.txt,correction,yes,"SATISFIED at pos 0 (s=13, alpha=13: y1 = y2 xor alpha for all 4 swept p)"
kyber,pqcrystals_kyber768_ref_polyvec_tobytes,loopOrFuncSkip/pqcrystals_kyber768_ref_polyvec_tobytes_fnSkip_pqcrystals_kyber768_ref_poly_tobytes_line7,test_result.txt,ineffective,yes,"DETECTED at pos 0 (s1=0 ineffective, s2=13 effective)"
kyber,pqcrystals_kyber_fips202_ref_sha3_256,loadStoreSkip/pqcrystals_kyber_fips202_ref_sha3_256_line10_mem,test_result.txt,correction,no,"no (s, alpha) with constant Delta across p found in range swept"
kyber,pqcrystals_kyber_fips202_ref_sha3_256,loadStoreSkip/pqcrystals_kyber_fips202_ref_sha3_256_line10_mem,test_result.txt,ineffective,yes,"DETECTED at pos 1 (s1=46 ineffective, s2=0 effective)"
kyber,pqcrystals_kyber_fips202_ref_sha3_256,loopOrFuncSkip/pqcrystals_kyber_fips202_ref_sha3_256_fnSkip_KeccakF1600_StatePermute_line2,test_result.txt,correction,no,"no (s, alpha) with constant Delta across p found in range swept"
kyber,pqcrystals_kyber_fips202_ref_sha3_256,loopOrFuncSkip/pqcrystals_kyber_fips202_ref_sha3_256_fnSkip_KeccakF1600_StatePermute_line2,test_result.txt,ineffective,yes,"DETECTED at pos 4 (s1=23 ineffective, s2=0 effective)"
kyber,pqcrystals_kyber_fips202_ref_sha3_256,loopOrFuncSkip/pqcrystals_kyber_fips202_ref_sha3_256_fnSkip_keccak_absorb_once_line1,correction_paired_result.txt,correction,yes,pos 0: 65018/65280 pairs disagree (+31 more position(s))
kyber,pqcrystals_kyber_fips202_ref_sha3_256,loopOrFuncSkip/pqcrystals_kyber_fips202_ref_sha3_256_fnSkip_keccak_absorb_once_line1,test_result.txt,correction,no,"no (s, alpha) with constant Delta across p found in range swept"
kyber,pqcrystals_kyber_fips202_ref_sha3_256,loopOrFuncSkip/pqcrystals_kyber_fips202_ref_sha3_256_fnSkip_keccak_absorb_once_line1,ineffective_paired_result.txt,ineffective,yes,pos 0: 1016/65280 pairs disagree (+22 more position(s))
kyber,pqcrystals_kyber_fips202_ref_sha3_256,loopOrFuncSkip/pqcrystals_kyber_fips202_ref_sha3_256_fnSkip_keccak_absorb_once_line1,test_result.txt,ineffective,yes,"DETECTED at pos 26 (s1=16 ineffective, s2=0 effective)"
kyber,pqcrystals_kyber_fips202_ref_sha3_256,loopOrFuncSkip/pqcrystals_kyber_fips202_ref_sha3_256_fnSkip_store64_line11,correction_paired_result.txt,correction,yes,pos 0: 65018/65280 pairs disagree (+7 more position(s))
kyber,pqcrystals_kyber_fips202_ref_sha3_256,loopOrFuncSkip/pqcrystals_kyber_fips202_ref_sha3_256_fnSkip_store64_line11,test_result.txt,correction,no,"no (s, alpha) with constant Delta across p found in range swept"
kyber,pqcrystals_kyber_fips202_ref_sha3_256,loopOrFuncSkip/pqcrystals_kyber_fips202_ref_sha3_256_fnSkip_store64_line11,ineffective_paired_result.txt,ineffective,yes,pos 0: 510/65280 pairs disagree (+5 more position(s))
kyber,pqcrystals_kyber_fips202_ref_sha3_256,loopOrFuncSkip/pqcrystals_kyber_fips202_ref_sha3_256_fnSkip_store64_line11,test_result.txt,ineffective,yes,"DETECTED at pos 1 (s1=46 ineffective, s2=0 effective)"
mayo,EF,binOpFault/EF_line105_opA,correction_paired_result.txt,correction,no,no position with disagreeing pairs
mayo,EF,binOpFault/EF_line105_opA,ineffective_paired_result.txt,ineffective,no,no position with disagreeing pairs
mayo,EF,binOpFault/EF_line105_opB,correction_paired_result.txt,correction,no,no position with disagreeing pairs
mayo,EF,binOpFault/EF_line105_opB,ineffective_paired_result.txt,ineffective,no,no position with disagreeing pairs
mayo,EF,binOpFault/EF_line105_undef,correction_paired_result.txt,correction,no,no position with disagreeing pairs
mayo,EF,binOpFault/EF_line105_undef,ineffective_paired_result.txt,ineffective,no,no position with disagreeing pairs
mayo,EF,binOpFault/EF_line105_zero,correction_paired_result.txt,correction,no,no position with disagreeing pairs
mayo,EF,binOpFault/EF_line105_zero,ineffective_paired_result.txt,ineffective,no,no position with disagreeing pairs
mayo,EF,binOpFault/EF_line108_opA,correction_paired_result.txt,correction,no,no position with disagreeing pairs
mayo,EF,binOpFault/EF_line108_opA,ineffective_paired_result.txt,ineffective,no,no position with disagreeing pairs
mayo,EF,binOpFault/EF_line108_opB,correction_paired_result.txt,correction,no,no position with disagreeing pairs
mayo,EF,binOpFault/EF_line108_opB,ineffective_paired_result.txt,ineffective,no,no position with disagreeing pairs
mayo,EF,binOpFault/EF_line108_undef,correction_paired_result.txt,correction,no,no position with disagreeing pairs
mayo,EF,binOpFault/EF_line108_undef,ineffective_paired_result.txt,ineffective,no,no position with disagreeing pairs
mayo,EF,binOpFault/EF_line108_zero,correction_paired_result.txt,correction,no,no position with disagreeing pairs
mayo,EF,binOpFault/EF_line108_zero,ineffective_paired_result.txt,ineffective,no,no position with disagreeing pairs
mayo,EF,binOpFault/EF_line109_opA,correction_paired_result.txt,correction,no,no position with disagreeing pairs
mayo,EF,binOpFault/EF_line109_opA,ineffective_paired_result.txt,ineffective,no,no position with disagreeing pairs
mayo,EF,binOpFault/EF_line109_opB,correction_paired_result.txt,correction,no,no position with disagreeing pairs
mayo,EF,binOpFault/EF_line109_opB,ineffective_paired_result.txt,ineffective,no,no position with disagreeing pairs
mayo,EF,binOpFault/EF_line109_undef,correction_paired_result.txt,correction,no,no position with disagreeing pairs
mayo,EF,binOpFault/EF_line109_undef,ineffective_paired_result.txt,ineffective,no,no position with disagreeing pairs
mayo,EF,binOpFault/EF_line109_zero,correction_paired_result.txt,correction,no,no position with disagreeing pairs
mayo,EF,binOpFault/EF_line109_zero,ineffective_paired_result.txt,ineffective,no,no position with disagreeing pairs
mayo,EF,binOpFault/EF_line72_opA,correction_paired_result.txt,correction,no,no position with disagreeing pairs
mayo,EF,binOpFault/EF_line72_opA,ineffective_paired_result.txt,ineffective,no,no position with disagreeing pairs
mayo,EF,binOpFault/EF_line72_opB,correction_paired_result.txt,correction,no,no position with disagreeing pairs
mayo,EF,binOpFault/EF_line72_opB,ineffective_paired_result.txt,ineffective,no,no position with disagreeing pairs
mayo,EF,binOpFault/EF_line72_undef,correction_paired_result.txt,correction,no,no position with disagreeing pairs
mayo,EF,binOpFault/EF_line72_undef,ineffective_paired_result.txt,ineffective,no,no position with disagreeing pairs
mayo,EF,binOpFault/EF_line72_zero,correction_paired_result.txt,correction,no,no position with disagreeing pairs
mayo,EF,binOpFault/EF_line72_zero,ineffective_paired_result.txt,ineffective,no,no position with disagreeing pairs
mayo,EF,binOpFault/EF_line75_opA,correction_paired_result.txt,correction,no,no position with disagreeing pairs
mayo,EF,binOpFault/EF_line75_opA,ineffective_paired_result.txt,ineffective,no,no position with disagreeing pairs
mayo,EF,binOpFault/EF_line75_opB,correction_paired_result.txt,correction,no,no position with disagreeing pairs
mayo,EF,binOpFault/EF_line75_opB,ineffective_paired_result.txt,ineffective,no,no position with disagreeing pairs
mayo,EF,binOpFault/EF_line75_undef,correction_paired_result.txt,correction,no,no position with disagreeing pairs
mayo,EF,binOpFault/EF_line75_undef,ineffective_paired_result.txt,ineffective,no,no position with disagreeing pairs
mayo,EF,binOpFault/EF_line75_zero,correction_paired_result.txt,correction,no,no position with disagreeing pairs
mayo,EF,binOpFault/EF_line75_zero,ineffective_paired_result.txt,ineffective,no,no position with disagreeing pairs
mayo,EF,loadStoreSkip/EF_line104_mem,correction_paired_result.txt,correction,no,no position with disagreeing pairs
mayo,EF,loadStoreSkip/EF_line104_mem,ineffective_paired_result.txt,ineffective,no,no position with disagreeing pairs
mayo,EF,loadStoreSkip/EF_line107_mem,correction_paired_result.txt,correction,no,no position with disagreeing pairs
mayo,EF,loadStoreSkip/EF_line107_mem,ineffective_paired_result.txt,ineffective,no,no position with disagreeing pairs
mayo,EF,loadStoreSkip/EF_line113_mem,correction_paired_result.txt,correction,no,no position with disagreeing pairs
mayo,EF,loadStoreSkip/EF_line113_mem,ineffective_paired_result.txt,ineffective,no,no position with disagreeing pairs
mayo,EF,loadStoreSkip/EF_line147_mem,correction_paired_result.txt,correction,no,no position with disagreeing pairs
mayo,EF,loadStoreSkip/EF_line147_mem,ineffective_paired_result.txt,ineffective,no,no position with disagreeing pairs
mayo,EF,loadStoreSkip/EF_line151_mem,correction_paired_result.txt,correction,no,no position with disagreeing pairs
mayo,EF,loadStoreSkip/EF_line151_mem,ineffective_paired_result.txt,ineffective,no,no position with disagreeing pairs
mayo,EF,loadStoreSkip/EF_line44_mem,correction_paired_result.txt,correction,no,no position with disagreeing pairs
mayo,EF,loadStoreSkip/EF_line44_mem,ineffective_paired_result.txt,ineffective,no,no position with disagreeing pairs
mayo,EF,loadStoreSkip/EF_line46_mem,correction_paired_result.txt,correction,no,no position with disagreeing pairs
mayo,EF,loadStoreSkip/EF_line46_mem,ineffective_paired_result.txt,ineffective,no,no position with disagreeing pairs
mayo,EF,loadStoreSkip/EF_line71_mem,correction_paired_result.txt,correction,no,no position with disagreeing pairs
mayo,EF,loadStoreSkip/EF_line71_mem,ineffective_paired_result.txt,ineffective,no,no position with disagreeing pairs
mayo,EF,loadStoreSkip/EF_line74_mem,correction_paired_result.txt,correction,no,no position with disagreeing pairs
mayo,EF,loadStoreSkip/EF_line74_mem,ineffective_paired_result.txt,ineffective,no,no position with disagreeing pairs
mayo,EF,loadStoreSkip/EF_line76_mem,correction_paired_result.txt,correction,no,no position with disagreeing pairs
mayo,EF,loadStoreSkip/EF_line76_mem,ineffective_paired_result.txt,ineffective,no,no position with disagreeing pairs
mayo,EF,loopOrFuncSkip/EF_fnSkip_ef_pack_m_vec_line22,correction_paired_result.txt,correction,no,no position with disagreeing pairs
mayo,EF,loopOrFuncSkip/EF_fnSkip_ef_pack_m_vec_line22,ineffective_paired_result.txt,ineffective,no,no position with disagreeing pairs
mayo,EF,loopOrFuncSkip/EF_fnSkip_ef_unpack_m_vec_line141,correction_paired_result.txt,correction,no,no position with disagreeing pairs
mayo,EF,loopOrFuncSkip/EF_fnSkip_ef_unpack_m_vec_line141,ineffective_paired_result.txt,ineffective,no,no position with disagreeing pairs
mayo,EF,loopOrFuncSkip/EF_fnSkip_inverse_f_line87,correction_paired_result.txt,correction,no,no position with disagreeing pairs
mayo,EF,loopOrFuncSkip/EF_fnSkip_inverse_f_line87,ineffective_paired_result.txt,ineffective,no,no position with disagreeing pairs
mayo,EF,loopOrFuncSkip/EF_fnSkip_m_extract_element_line124,correction_paired_result.txt,correction,no,no position with disagreeing pairs
mayo,EF,loopOrFuncSkip/EF_fnSkip_m_extract_element_line124,ineffective_paired_result.txt,ineffective,no,no position with disagreeing pairs
mayo,EF,loopOrFuncSkip/EF_fnSkip_m_extract_element_line79,correction_paired_result.txt,correction,no,no position with disagreeing pairs
mayo,EF,loopOrFuncSkip/EF_fnSkip_m_extract_element_line79,ineffective_paired_result.txt,ineffective,no,no position with disagreeing pairs
mayo,EF,loopOrFuncSkip/EF_fnSkip_mayo_memset_line4,correction_paired_result.txt,correction,no,no position with disagreeing pairs
mayo,EF,loopOrFuncSkip/EF_fnSkip_mayo_memset_line4,ineffective_paired_result.txt,ineffective,no,no position with disagreeing pairs
mayo,EF,loopOrFuncSkip/EF_fnSkip_vec_mul_add_u64_line128,correction_paired_result.txt,correction,no,no position with disagreeing pairs
mayo,EF,loopOrFuncSkip/EF_fnSkip_vec_mul_add_u64_line128,ineffective_paired_result.txt,ineffective,no,no position with disagreeing pairs
mayo,EF,loopOrFuncSkip/EF_fnSkip_vec_mul_add_u64_line88,correction_paired_result.txt,correction,no,no position with disagreeing pairs
mayo,EF,loopOrFuncSkip/EF_fnSkip_vec_mul_add_u64_line88,ineffective_paired_result.txt,ineffective,no,no position with disagreeing pairs
mayo,P1P1t_times_O,loadStoreSkip/P1P1t_times_O_line23_mem,correction_paired_result.txt,correction,no,no position with disagreeing pairs
mayo,P1P1t_times_O,loadStoreSkip/P1P1t_times_O_line23_mem,ineffective_paired_result.txt,ineffective,no,no position with disagreeing pairs
mayo,P1P1t_times_O,loadStoreSkip/P1P1t_times_O_line34_mem,correction_paired_result.txt,correction,no,no position with disagreeing pairs
mayo,P1P1t_times_O,loadStoreSkip/P1P1t_times_O_line34_mem,ineffective_paired_result.txt,ineffective,yes,pos 320: 30/240 pairs disagree (+36 more position(s))
mayo,P1P1t_times_O,loopOrFuncSkip/P1P1t_times_O_fnSkip_m_vec_mul_add_line28,correction_paired_result.txt,correction,no,no position with disagreeing pairs
mayo,P1P1t_times_O,loopOrFuncSkip/P1P1t_times_O_fnSkip_m_vec_mul_add_line28,ineffective_paired_result.txt,ineffective,no,no position with disagreeing pairs
mayo,P1P1t_times_O,loopOrFuncSkip/P1P1t_times_O_fnSkip_m_vec_mul_add_line39,correction_paired_result.txt,correction,no,no position with disagreeing pairs
mayo,P1P1t_times_O,loopOrFuncSkip/P1P1t_times_O_fnSkip_m_vec_mul_add_line39,ineffective_paired_result.txt,ineffective,yes,pos 320: 30/240 pairs disagree (+36 more position(s))
mayo,P1_times_O,loopOrFuncSkip/P1_times_O_fnSkip_mul_add_m_upper_triangular_mat_x_mat_line0,correction_paired_result.txt,correction,yes,pos 0: 1/16 secret values with y1 = y2 xor alpha (+1 more position(s))
mayo,P1_times_O,loopOrFuncSkip/P1_times_O_fnSkip_mul_add_m_upper_triangular_mat_x_mat_line0,ineffective_paired_result.txt,ineffective,yes,pos 0: 30/240 pairs disagree (+37 more position(s))
mayo,P1_times_Vt,loopOrFuncSkip/P1_times_Vt_fnSkip_mul_add_m_upper_triangular_mat_x_mat_trans_line0,correction_paired_result.txt,correction,yes,pos 139: 16/16 secret values with y1 = y2 xor alpha
mayo,P1_times_Vt,loopOrFuncSkip/P1_times_Vt_fnSkip_mul_add_m_upper_triangular_mat_x_mat_trans_line0,ineffective_paired_result.txt,ineffective,yes,pos 0: 30/240 pairs disagree (+37 more position(s))
mayo,add_f,binOpFault/add_f_line0_opA,correction_paired_result.txt,correction,yes,pos 0: 15/16 secret values with y1 = y2 xor alpha
mayo,add_f,binOpFault/add_f_line0_opA,ineffective_paired_result.txt,ineffective,yes,pos 0: 30/240 pairs disagree
mayo,add_f,binOpFault/add_f_line0_opB,correction_paired_result.txt,correction,no,no position with disagreeing pairs
mayo,add_f,binOpFault/add_f_line0_opB,ineffective_paired_result.txt,ineffective,no,no position with disagreeing pairs
mayo,add_f,binOpFault/add_f_line0_undef,correction_paired_result.txt,correction,no,no position with disagreeing pairs
mayo,add_f,binOpFault/add_f_line0_undef,ineffective_paired_result.txt,ineffective,yes,pos 0: 30/240 pairs disagree
mayo,add_f,binOpFault/add_f_line0_zero,correction_paired_result.txt,correction,no,no position with disagreeing pairs
mayo,add_f,binOpFault/add_f_line0_zero,ineffective_paired_result.txt,ineffective,yes,pos 0: 30/240 pairs disagree
mayo,compute_A,binOpFault/compute_A_line102_opA,correction_paired_result.txt,correction,yes,pos 72: 15/16 secret values with y1 = y2 xor alpha (+14 more position(s))
mayo,compute_A,binOpFault/compute_A_line102_opA,ineffective_paired_result.txt,ineffective,yes,pos 72: 30/240 pairs disagree (+8 more position(s))
mayo,compute_A,binOpFault/compute_A_line102_opB,correction_paired_result.txt,correction,yes,pos 2606: 16/16 secret values with y1 = y2 xor alpha
mayo,compute_A,binOpFault/compute_A_line102_opB,ineffective_paired_result.txt,ineffective,no,no position with disagreeing pairs
mayo,compute_A,binOpFault/compute_A_line102_opC,correction_paired_result.txt,correction,no,no position with disagreeing pairs
mayo,compute_A,binOpFault/compute_A_line102_opC,ineffective_paired_result.txt,ineffective,no,no position with disagreeing pairs
mayo,compute_A,binOpFault/compute_A_line102_undef,correction_paired_result.txt,correction,yes,pos 72: 15/16 secret values with y1 = y2 xor alpha (+14 more position(s))
mayo,compute_A,binOpFault/compute_A_line102_undef,ineffective_paired_result.txt,ineffective,yes,pos 72: 30/240 pairs disagree (+8 more position(s))
mayo,compute_A,binOpFault/compute_A_line102_zero,correction_paired_result.txt,correction,yes,pos 72: 15/16 secret values with y1 = y2 xor alpha (+15 more position(s))
mayo,compute_A,binOpFault/compute_A_line102_zero,ineffective_paired_result.txt,ineffective,yes,pos 72: 30/240 pairs disagree (+8 more position(s))
mayo,compute_A,binOpFault/compute_A_line112_opA,correction_paired_result.txt,correction,no,no position with disagreeing pairs
mayo,compute_A,binOpFault/compute_A_line112_opA,ineffective_paired_result.txt,ineffective,yes,pos 1304: 30/240 pairs disagree (+7 more position(s))
mayo,compute_A,binOpFault/compute_A_line112_opB,correction_paired_result.txt,correction,yes,pos 2606: 16/16 secret values with y1 = y2 xor alpha
mayo,compute_A,binOpFault/compute_A_line112_opB,ineffective_paired_result.txt,ineffective,no,no position with disagreeing pairs
mayo,compute_A,binOpFault/compute_A_line112_opC,correction_paired_result.txt,correction,no,no position with disagreeing pairs
mayo,compute_A,binOpFault/compute_A_line112_opC,ineffective_paired_result.txt,ineffective,no,no position with disagreeing pairs
mayo,compute_A,binOpFault/compute_A_line112_undef,correction_paired_result.txt,correction,yes,pos 2606: 16/16 secret values with y1 = y2 xor alpha
mayo,compute_A,binOpFault/compute_A_line112_undef,ineffective_paired_result.txt,ineffective,no,no position with disagreeing pairs
mayo,compute_A,binOpFault/compute_A_line112_zero,correction_paired_result.txt,correction,yes,pos 2606: 16/16 secret values with y1 = y2 xor alpha
mayo,compute_A,binOpFault/compute_A_line112_zero,ineffective_paired_result.txt,ineffective,no,no position with disagreeing pairs
mayo,compute_A,binOpFault/compute_A_line121_opA,correction_paired_result.txt,correction,yes,pos 2606: 16/16 secret values with y1 = y2 xor alpha
mayo,compute_A,binOpFault/compute_A_line121_opA,ineffective_paired_result.txt,ineffective,no,no position with disagreeing pairs
mayo,compute_A,binOpFault/compute_A_line121_opB,correction_paired_result.txt,correction,no,no position with disagreeing pairs
mayo,compute_A,binOpFault/compute_A_line121_opB,ineffective_paired_result.txt,ineffective,no,no position with disagreeing pairs
mayo,compute_A,binOpFault/compute_A_line121_opC,correction_paired_result.txt,correction,no,no position with disagreeing pairs
mayo,compute_A,binOpFault/compute_A_line121_opC,ineffective_paired_result.txt,ineffective,no,no position with disagreeing pairs
mayo,compute_A,binOpFault/compute_A_line121_undef,correction_paired_result.txt,correction,yes,pos 2606: 16/16 secret values with y1 = y2 xor alpha
mayo,compute_A,binOpFault/compute_A_line121_undef,ineffective_paired_result.txt,ineffective,no,no position with disagreeing pairs
mayo,compute_A,binOpFault/compute_A_line121_zero,correction_paired_result.txt,correction,yes,pos 2606: 16/16 secret values with y1 = y2 xor alpha
mayo,compute_A,binOpFault/compute_A_line121_zero,ineffective_paired_result.txt,ineffective,no,no position with disagreeing pairs
mayo,compute_A,binOpFault/compute_A_line12_opA,correction_paired_result.txt,correction,no,no position with disagreeing pairs
mayo,compute_A,binOpFault/compute_A_line12_opA,ineffective_paired_result.txt,ineffective,no,no position with disagreeing pairs
mayo,compute_A,binOpFault/compute_A_line12_opB,correction_paired_result.txt,correction,no,no position with disagreeing pairs
mayo,compute_A,binOpFault/compute_A_line12_opB,ineffective_paired_result.txt,ineffective,no,no position with disagreeing pairs
mayo,compute_A,binOpFault/compute_A_line12_opC,correction_paired_result.txt,correction,no,no position with disagreeing pairs
mayo,compute_A,binOpFault/compute_A_line12_opC,ineffective_paired_result.txt,ineffective,no,no position with disagreeing pairs
mayo,compute_A,binOpFault/compute_A_line12_undef,correction_paired_result.txt,correction,no,no position with disagreeing pairs
mayo,compute_A,binOpFault/compute_A_line12_undef,ineffective_paired_result.txt,ineffective,no,no position with disagreeing pairs
mayo,compute_A,binOpFault/compute_A_line12_zero,correction_paired_result.txt,correction,no,no position with disagreeing pairs
mayo,compute_A,binOpFault/compute_A_line12_zero,ineffective_paired_result.txt,ineffective,no,no position with disagreeing pairs
mayo,compute_A,binOpFault/compute_A_line195_opA,correction_paired_result.txt,correction,yes,pos 4: 16/16 secret values with y1 = y2 xor alpha (+6 more position(s))
mayo,compute_A,binOpFault/compute_A_line195_opA,ineffective_paired_result.txt,ineffective,no,no position with disagreeing pairs
mayo,compute_A,binOpFault/compute_A_line195_opB,correction_paired_result.txt,correction,yes,pos 4: 16/16 secret values with y1 = y2 xor alpha (+6 more position(s))
mayo,compute_A,binOpFault/compute_A_line195_opB,ineffective_paired_result.txt,ineffective,no,no position with disagreeing pairs
mayo,compute_A,binOpFault/compute_A_line195_opC,correction_paired_result.txt,correction,yes,pos 4: 16/16 secret values with y1 = y2 xor alpha (+6 more position(s))
mayo,compute_A,binOpFault/compute_A_line195_opC,ineffective_paired_result.txt,ineffective,no,no position with disagreeing pairs
mayo,compute_A,binOpFault/compute_A_line195_undef,correction_paired_result.txt,correction,yes,pos 4: 16/16 secret values with y1 = y2 xor alpha (+6 more position(s))
mayo,compute_A,binOpFault/compute_A_line195_undef,ineffective_paired_result.txt,ineffective,no,no position with disagreeing pairs
mayo,compute_A,binOpFault/compute_A_line195_zero,correction_paired_result.txt,correction,yes,pos 4: 16/16 secret values with y1 = y2 xor alpha (+6 more position(s))
mayo,compute_A,binOpFault/compute_A_line195_zero,ineffective_paired_result.txt,ineffective,no,no position with disagreeing pairs
mayo,compute_A,binOpFault/compute_A_line196_opA,correction_paired_result.txt,correction,yes,pos 1230: 16/16 secret values with y1 = y2 xor alpha (+2 more position(s))
mayo,compute_A,binOpFault/compute_A_line196_opA,ineffective_paired_result.txt,ineffective,no,no position with disagreeing pairs
mayo,compute_A,binOpFault/compute_A_line196_opB,correction_paired_result.txt,correction,yes,pos 13: 16/16 secret values with y1 = y2 xor alpha (+6 more position(s))
mayo,compute_A,binOpFault/compute_A_line196_opB,ineffective_paired_result.txt,ineffective,no,no position with disagreeing pairs
mayo,compute_A,binOpFault/compute_A_line196_opC,correction_paired_result.txt,correction,yes,pos 1230: 16/16 secret values with y1 = y2 xor alpha (+2 more position(s))
mayo,compute_A,binOpFault/compute_A_line196_opC,ineffective_paired_result.txt,ineffective,no,no position with disagreeing pairs
mayo,compute_A,binOpFault/compute_A_line196_undef,correction_paired_result.txt,correction,yes,pos 13: 16/16 secret values with y1 = y2 xor alpha (+6 more position(s))
mayo,compute_A,binOpFault/compute_A_line196_undef,ineffective_paired_result.txt,ineffective,no,no position with disagreeing pairs
mayo,compute_A,binOpFault/compute_A_line196_zero,correction_paired_result.txt,correction,yes,pos 13: 16/16 secret values with y1 = y2 xor alpha (+6 more position(s))
mayo,compute_A,binOpFault/compute_A_line196_zero,ineffective_paired_result.txt,ineffective,no,no position with disagreeing pairs
mayo,compute_A,binOpFault/compute_A_line197_opA,correction_paired_result.txt,correction,yes,pos 13: 16/16 secret values with y1 = y2 xor alpha (+6 more position(s))
mayo,compute_A,binOpFault/compute_A_line197_opA,ineffective_paired_result.txt,ineffective,no,no position with disagreeing pairs
mayo,compute_A,binOpFault/compute_A_line197_opB,correction_paired_result.txt,correction,yes,pos 13: 16/16 secret values with y1 = y2 xor alpha (+6 more position(s))
mayo,compute_A,binOpFault/compute_A_line197_opB,ineffective_paired_result.txt,ineffective,no,no position with disagreeing pairs
mayo,compute_A,binOpFault/compute_A_line197_opC,correction_paired_result.txt,correction,yes,pos 13: 16/16 secret values with y1 = y2 xor alpha (+6 more position(s))
mayo,compute_A,binOpFault/compute_A_line197_opC,ineffective_paired_result.txt,ineffective,no,no position with disagreeing pairs
mayo,compute_A,binOpFault/compute_A_line197_undef,correction_paired_result.txt,correction,yes,pos 13: 16/16 secret values with y1 = y2 xor alpha (+6 more position(s))
mayo,compute_A,binOpFault/compute_A_line197_undef,ineffective_paired_result.txt,ineffective,no,no position with disagreeing pairs
mayo,compute_A,binOpFault/compute_A_line197_zero,correction_paired_result.txt,correction,yes,pos 13: 16/16 secret values with y1 = y2 xor alpha (+6 more position(s))
mayo,compute_A,binOpFault/compute_A_line197_zero,ineffective_paired_result.txt,ineffective,no,no position with disagreeing pairs
mayo,compute_A,binOpFault/compute_A_line198_opA,correction_paired_result.txt,correction,yes,pos 487: 16/16 secret values with y1 = y2 xor alpha (+5 more position(s))
mayo,compute_A,binOpFault/compute_A_line198_opA,ineffective_paired_result.txt,ineffective,no,no position with disagreeing pairs
mayo,compute_A,binOpFault/compute_A_line198_opB,correction_paired_result.txt,correction,yes,pos 337: 16/16 secret values with y1 = y2 xor alpha (+6 more position(s))
mayo,compute_A,binOpFault/compute_A_line198_opB,ineffective_paired_result.txt,ineffective,no,no position with disagreeing pairs
mayo,compute_A,binOpFault/compute_A_line198_opC,correction_paired_result.txt,correction,yes,pos 487: 16/16 secret values with y1 = y2 xor alpha (+5 more position(s))
mayo,compute_A,binOpFault/compute_A_line198_opC,ineffective_paired_result.txt,ineffective,no,no position with disagreeing pairs
mayo,compute_A,binOpFault/compute_A_line198_undef,correction_paired_result.txt,correction,yes,pos 337: 16/16 secret values with y1 = y2 xor alpha (+6 more position(s))
mayo,compute_A,binOpFault/compute_A_line198_undef,ineffective_paired_result.txt,ineffective,no,no position with disagreeing pairs
mayo,compute_A,binOpFault/compute_A_line198_zero,correction_paired_result.txt,correction,yes,pos 337: 16/16 secret values with y1 = y2 xor alpha (+6 more position(s))
mayo,compute_A,binOpFault/compute_A_line198_zero,ineffective_paired_result.txt,ineffective,no,no position with disagreeing pairs
mayo,compute_A,binOpFault/compute_A_line199_opA,correction_paired_result.txt,correction,yes,pos 337: 16/16 secret values with y1 = y2 xor alpha (+6 more position(s))
mayo,compute_A,binOpFault/compute_A_line199_opA,ineffective_paired_result.txt,ineffective,no,no position with disagreeing pairs
mayo,compute_A,binOpFault/compute_A_line199_opB,correction_paired_result.txt,correction,yes,pos 337: 16/16 secret values with y1 = y2 xor alpha (+6 more position(s))
mayo,compute_A,binOpFault/compute_A_line199_opB,ineffective_paired_result.txt,ineffective,no,no position with disagreeing pairs
mayo,compute_A,binOpFault/compute_A_line199_opC,correction_paired_result.txt,correction,yes,pos 337: 16/16 secret values with y1 = y2 xor alpha (+6 more position(s))
mayo,compute_A,binOpFault/compute_A_line199_opC,ineffective_paired_result.txt,ineffective,no,no position with disagreeing pairs
mayo,compute_A,binOpFault/compute_A_line199_undef,correction_paired_result.txt,correction,yes,pos 337: 16/16 secret values with y1 = y2 xor alpha (+6 more position(s))
mayo,compute_A,binOpFault/compute_A_line199_undef,ineffective_paired_result.txt,ineffective,no,no position with disagreeing pairs
mayo,compute_A,binOpFault/compute_A_line199_zero,correction_paired_result.txt,correction,yes,pos 337: 16/16 secret values with y1 = y2 xor alpha (+6 more position(s))
mayo,compute_A,binOpFault/compute_A_line199_zero,ineffective_paired_result.txt,ineffective,no,no position with disagreeing pairs
mayo,compute_A,binOpFault/compute_A_line202_opA,correction_paired_result.txt,correction,yes,pos 732: 16/16 secret values with y1 = y2 xor alpha (+4 more position(s))
mayo,compute_A,binOpFault/compute_A_line202_opA,ineffective_paired_result.txt,ineffective,no,no position with disagreeing pairs
mayo,compute_A,binOpFault/compute_A_line202_opB,correction_paired_result.txt,correction,yes,pos 3: 16/16 secret values with y1 = y2 xor alpha (+7 more position(s))
mayo,compute_A,binOpFault/compute_A_line202_opB,ineffective_paired_result.txt,ineffective,no,no position with disagreeing pairs
mayo,compute_A,binOpFault/compute_A_line202_opC,correction_paired_result.txt,correction,yes,pos 732: 16/16 secret values with y1 = y2 xor alpha (+4 more position(s))
mayo,compute_A,binOpFault/compute_A_line202_opC,ineffective_paired_result.txt,ineffective,no,no position with disagreeing pairs
mayo,compute_A,binOpFault/compute_A_line202_undef,correction_paired_result.txt,correction,yes,pos 3: 16/16 secret values with y1 = y2 xor alpha (+7 more position(s))
mayo,compute_A,binOpFault/compute_A_line202_undef,ineffective_paired_result.txt,ineffective,no,no position with disagreeing pairs
mayo,compute_A,binOpFault/compute_A_line202_zero,correction_paired_result.txt,correction,yes,pos 3: 16/16 secret values with y1 = y2 xor alpha (+7 more position(s))
mayo,compute_A,binOpFault/compute_A_line202_zero,ineffective_paired_result.txt,ineffective,no,no position with disagreeing pairs
mayo,compute_A,binOpFault/compute_A_line203_opA,correction_paired_result.txt,correction,yes,pos 3: 16/16 secret values with y1 = y2 xor alpha (+7 more position(s))
mayo,compute_A,binOpFault/compute_A_line203_opA,ineffective_paired_result.txt,ineffective,no,no position with disagreeing pairs
mayo,compute_A,binOpFault/compute_A_line203_opB,correction_paired_result.txt,correction,yes,pos 3: 16/16 secret values with y1 = y2 xor alpha (+7 more position(s))
mayo,compute_A,binOpFault/compute_A_line203_opB,ineffective_paired_result.txt,ineffective,no,no position with disagreeing pairs
mayo,compute_A,binOpFault/compute_A_line203_opC,correction_paired_result.txt,correction,yes,pos 3: 16/16 secret values with y1 = y2 xor alpha (+7 more position(s))
mayo,compute_A,binOpFault/compute_A_line203_opC,ineffective_paired_result.txt,ineffective,no,no position with disagreeing pairs
mayo,compute_A,binOpFault/compute_A_line203_undef,correction_paired_result.txt,correction,yes,pos 3: 16/16 secret values with y1 = y2 xor alpha (+7 more position(s))
mayo,compute_A,binOpFault/compute_A_line203_undef,ineffective_paired_result.txt,ineffective,no,no position with disagreeing pairs
mayo,compute_A,binOpFault/compute_A_line203_zero,correction_paired_result.txt,correction,yes,pos 3: 16/16 secret values with y1 = y2 xor alpha (+7 more position(s))
mayo,compute_A,binOpFault/compute_A_line203_zero,ineffective_paired_result.txt,ineffective,no,no position with disagreeing pairs
mayo,compute_A,binOpFault/compute_A_line212_opA,correction_paired_result.txt,correction,yes,pos 4: 16/16 secret values with y1 = y2 xor alpha (+6 more position(s))
mayo,compute_A,binOpFault/compute_A_line212_opA,ineffective_paired_result.txt,ineffective,no,no position with disagreeing pairs
mayo,compute_A,binOpFault/compute_A_line212_opB,correction_paired_result.txt,correction,yes,pos 4: 16/16 secret values with y1 = y2 xor alpha (+6 more position(s))
mayo,compute_A,binOpFault/compute_A_line212_opB,ineffective_paired_result.txt,ineffective,no,no position with disagreeing pairs
mayo,compute_A,binOpFault/compute_A_line212_opC,correction_paired_result.txt,correction,yes,pos 4: 16/16 secret values with y1 = y2 xor alpha (+6 more position(s))
mayo,compute_A,binOpFault/compute_A_line212_opC,ineffective_paired_result.txt,ineffective,no,no position with disagreeing pairs
mayo,compute_A,binOpFault/compute_A_line212_undef,correction_paired_result.txt,correction,no,no position with disagreeing pairs
mayo,compute_A,binOpFault/compute_A_line212_undef,ineffective_paired_result.txt,ineffective,no,no position with disagreeing pairs
mayo,compute_A,binOpFault/compute_A_line212_zero,correction_paired_result.txt,correction,yes,pos 4: 16/16 secret values with y1 = y2 xor alpha (+6 more position(s))
mayo,compute_A,binOpFault/compute_A_line212_zero,ineffective_paired_result.txt,ineffective,no,no position with disagreeing pairs
mayo,compute_A,binOpFault/compute_A_line218_opA,correction_paired_result.txt,correction,yes,pos 13: 16/16 secret values with y1 = y2 xor alpha (+6 more position(s))
mayo,compute_A,binOpFault/compute_A_line218_opA,ineffective_paired_result.txt,ineffective,no,no position with disagreeing pairs
mayo,compute_A,binOpFault/compute_A_line218_opB,correction_paired_result.txt,correction,yes,pos 13: 16/16 secret values with y1 = y2 xor alpha (+6 more position(s))
mayo,compute_A,binOpFault/compute_A_line218_opB,ineffective_paired_result.txt,ineffective,no,no position with disagreeing pairs
mayo,compute_A,binOpFault/compute_A_line218_opC,correction_paired_result.txt,correction,yes,pos 13: 16/16 secret values with y1 = y2 xor alpha (+6 more position(s))
mayo,compute_A,binOpFault/compute_A_line218_opC,ineffective_paired_result.txt,ineffective,no,no position with disagreeing pairs
mayo,compute_A,binOpFault/compute_A_line218_undef,correction_paired_result.txt,correction,no,no position with disagreeing pairs
mayo,compute_A,binOpFault/compute_A_line218_undef,ineffective_paired_result.txt,ineffective,no,no position with disagreeing pairs
mayo,compute_A,binOpFault/compute_A_line218_zero,correction_paired_result.txt,correction,yes,pos 13: 16/16 secret values with y1 = y2 xor alpha (+6 more position(s))
mayo,compute_A,binOpFault/compute_A_line218_zero,ineffective_paired_result.txt,ineffective,no,no position with disagreeing pairs
mayo,compute_A,binOpFault/compute_A_line219_opA,correction_paired_result.txt,correction,yes,pos 13: 16/16 secret values with y1 = y2 xor alpha (+6 more position(s))
mayo,compute_A,binOpFault/compute_A_line219_opA,ineffective_paired_result.txt,ineffective,no,no position with disagreeing pairs
mayo,compute_A,binOpFault/compute_A_line219_opB,correction_paired_result.txt,correction,yes,pos 4: 16/16 secret values with y1 = y2 xor alpha (+6 more position(s))
mayo,compute_A,binOpFault/compute_A_line219_opB,ineffective_paired_result.txt,ineffective,no,no position with disagreeing pairs
mayo,compute_A,binOpFault/compute_A_line219_opC,correction_paired_result.txt,correction,yes,pos 13: 16/16 secret values with y1 = y2 xor alpha (+6 more position(s))
mayo,compute_A,binOpFault/compute_A_line219_opC,ineffective_paired_result.txt,ineffective,no,no position with disagreeing pairs
mayo,compute_A,binOpFault/compute_A_line219_undef,correction_paired_result.txt,correction,no,no position with disagreeing pairs
mayo,compute_A,binOpFault/compute_A_line219_undef,ineffective_paired_result.txt,ineffective,no,no position with disagreeing pairs
mayo,compute_A,binOpFault/compute_A_line219_zero,correction_paired_result.txt,correction,yes,pos 1470: 16/16 secret values with y1 = y2 xor alpha
mayo,compute_A,binOpFault/compute_A_line219_zero,ineffective_paired_result.txt,ineffective,no,no position with disagreeing pairs
mayo,compute_A,binOpFault/compute_A_line225_opA,correction_paired_result.txt,correction,yes,pos 337: 16/16 secret values with y1 = y2 xor alpha (+6 more position(s))
mayo,compute_A,binOpFault/compute_A_line225_opA,ineffective_paired_result.txt,ineffective,no,no position with disagreeing pairs
mayo,compute_A,binOpFault/compute_A_line225_opB,correction_paired_result.txt,correction,yes,pos 337: 16/16 secret values with y1 = y2 xor alpha (+6 more position(s))
mayo,compute_A,binOpFault/compute_A_line225_opB,ineffective_paired_result.txt,ineffective,no,no position with disagreeing pairs
mayo,compute_A,binOpFault/compute_A_line225_opC,correction_paired_result.txt,correction,yes,pos 337: 16/16 secret values with y1 = y2 xor alpha (+6 more position(s))
mayo,compute_A,binOpFault/compute_A_line225_opC,ineffective_paired_result.txt,ineffective,no,no position with disagreeing pairs
mayo,compute_A,binOpFault/compute_A_line225_undef,correction_paired_result.txt,correction,no,no position with disagreeing pairs
mayo,compute_A,binOpFault/compute_A_line225_undef,ineffective_paired_result.txt,ineffective,no,no position with disagreeing pairs
mayo,compute_A,binOpFault/compute_A_line225_zero,correction_paired_result.txt,correction,yes,pos 337: 16/16 secret values with y1 = y2 xor alpha (+6 more position(s))
mayo,compute_A,binOpFault/compute_A_line225_zero,ineffective_paired_result.txt,ineffective,no,no position with disagreeing pairs
mayo,compute_A,binOpFault/compute_A_line226_opA,correction_paired_result.txt,correction,yes,pos 337: 16/16 secret values with y1 = y2 xor alpha (+6 more position(s))
mayo,compute_A,binOpFault/compute_A_line226_opA,ineffective_paired_result.txt,ineffective,no,no position with disagreeing pairs
mayo,compute_A,binOpFault/compute_A_line226_opB,correction_paired_result.txt,correction,yes,pos 1470: 16/16 secret values with y1 = y2 xor alpha
mayo,compute_A,binOpFault/compute_A_line226_opB,ineffective_paired_result.txt,ineffective,no,no position with disagreeing pairs
mayo,compute_A,binOpFault/compute_A_line226_opC,correction_paired_result.txt,correction,yes,pos 337: 16/16 secret values with y1 = y2 xor alpha (+6 more position(s))
mayo,compute_A,binOpFault/compute_A_line226_opC,ineffective_paired_result.txt,ineffective,no,no position with disagreeing pairs
mayo,compute_A,binOpFault/compute_A_line226_undef,correction_paired_result.txt,correction,no,no position with disagreeing pairs
mayo,compute_A,binOpFault/compute_A_line226_undef,ineffective_paired_result.txt,ineffective,no,no position with disagreeing pairs
mayo,compute_A,binOpFault/compute_A_line226_zero,correction_paired_result.txt,correction,yes,pos 1470: 16/16 secret values with y1 = y2 xor alpha
mayo,compute_A,binOpFault/compute_A_line226_zero,ineffective_paired_result.txt,ineffective,no,no position with disagreeing pairs
mayo,compute_A,binOpFault/compute_A_line232_opA,correction_paired_result.txt,correction,yes,pos 3: 16/16 secret values with y1 = y2 xor alpha (+7 more position(s))
mayo,compute_A,binOpFault/compute_A_line232_opA,ineffective_paired_result.txt,ineffective,no,no position with disagreeing pairs
mayo,compute_A,binOpFault/compute_A_line232_opB,correction_paired_result.txt,correction,yes,pos 3: 16/16 secret values with y1 = y2 xor alpha (+7 more position(s))
mayo,compute_A,binOpFault/compute_A_line232_opB,ineffective_paired_result.txt,ineffective,no,no position with disagreeing pairs
mayo,compute_A,binOpFault/compute_A_line232_opC,correction_paired_result.txt,correction,yes,pos 3: 16/16 secret values with y1 = y2 xor alpha (+7 more position(s))
mayo,compute_A,binOpFault/compute_A_line232_opC,ineffective_paired_result.txt,ineffective,no,no position with disagreeing pairs
mayo,compute_A,binOpFault/compute_A_line232_undef,correction_paired_result.txt,correction,no,no position with disagreeing pairs
mayo,compute_A,binOpFault/compute_A_line232_undef,ineffective_paired_result.txt,ineffective,no,no position with disagreeing pairs
mayo,compute_A,binOpFault/compute_A_line232_zero,correction_paired_result.txt,correction,yes,pos 3: 16/16 secret values with y1 = y2 xor alpha (+7 more position(s))
mayo,compute_A,binOpFault/compute_A_line232_zero,ineffective_paired_result.txt,ineffective,no,no position with disagreeing pairs
mayo,compute_A,binOpFault/compute_A_line233_opA,correction_paired_result.txt,correction,yes,pos 3: 16/16 secret values with y1 = y2 xor alpha (+7 more position(s))
mayo,compute_A,binOpFault/compute_A_line233_opA,ineffective_paired_result.txt,ineffective,no,no position with disagreeing pairs
mayo,compute_A,binOpFault/compute_A_line233_opB,correction_paired_result.txt,correction,yes,pos 1470: 16/16 secret values with y1 = y2 xor alpha
mayo,compute_A,binOpFault/compute_A_line233_opB,ineffective_paired_result.txt,ineffective,no,no position with disagreeing pairs
mayo,compute_A,binOpFault/compute_A_line233_opC,correction_paired_result.txt,correction,yes,pos 3: 16/16 secret values with y1 = y2 xor alpha (+7 more position(s))
mayo,compute_A,binOpFault/compute_A_line233_opC,ineffective_paired_result.txt,ineffective,no,no position with disagreeing pairs
mayo,compute_A,binOpFault/compute_A_line233_undef,correction_paired_result.txt,correction,no,no position with disagreeing pairs
mayo,compute_A,binOpFault/compute_A_line233_undef,ineffective_paired_result.txt,ineffective,no,no position with disagreeing pairs
mayo,compute_A,binOpFault/compute_A_line233_zero,correction_paired_result.txt,correction,no,no position with disagreeing pairs
mayo,compute_A,binOpFault/compute_A_line233_zero,ineffective_paired_result.txt,ineffective,no,no position with disagreeing pairs
mayo,compute_A,binOpFault/compute_A_line245_opA,correction_paired_result.txt,correction,no,no position with disagreeing pairs
mayo,compute_A,binOpFault/compute_A_line245_opA,ineffective_paired_result.txt,ineffective,no,no position with disagreeing pairs
mayo,compute_A,binOpFault/compute_A_line245_opB,correction_paired_result.txt,correction,no,no position with disagreeing pairs
mayo,compute_A,binOpFault/compute_A_line245_opB,ineffective_paired_result.txt,ineffective,yes,pos 656: 30/240 pairs disagree (+1 more position(s))
mayo,compute_A,binOpFault/compute_A_line245_opC,correction_paired_result.txt,correction,no,no position with disagreeing pairs
mayo,compute_A,binOpFault/compute_A_line245_opC,ineffective_paired_result.txt,ineffective,no,no position with disagreeing pairs
mayo,compute_A,binOpFault/compute_A_line245_undef,correction_paired_result.txt,correction,no,no position with disagreeing pairs
mayo,compute_A,binOpFault/compute_A_line245_undef,ineffective_paired_result.txt,ineffective,no,no position with disagreeing pairs
mayo,compute_A,binOpFault/compute_A_line245_zero,correction_paired_result.txt,correction,no,no position with disagreeing pairs
mayo,compute_A,binOpFault/compute_A_line245_zero,ineffective_paired_result.txt,ineffective,yes,pos 656: 30/240 pairs disagree (+1 more position(s))
mayo,compute_A,binOpFault/compute_A_line43_opA,correction_paired_result.txt,correction,yes,pos 735: 16/16 secret values with y1 = y2 xor alpha
mayo,compute_A,binOpFault/compute_A_line43_opA,ineffective_paired_result.txt,ineffective,yes,pos 0: 30/240 pairs disagree (+1 more position(s))
mayo,compute_A,binOpFault/compute_A_line43_opB,correction_paired_result.txt,correction,yes,pos 735: 16/16 secret values with y1 = y2 xor alpha
mayo,compute_A,binOpFault/compute_A_line43_opB,ineffective_paired_result.txt,ineffective,yes,pos 729: 30/240 pairs disagree
mayo,compute_A,binOpFault/compute_A_line43_opC,correction_paired_result.txt,correction,no,no position with disagreeing pairs
mayo,compute_A,binOpFault/compute_A_line43_opC,ineffective_paired_result.txt,ineffective,no,no position with disagreeing pairs
mayo,compute_A,binOpFault/compute_A_line43_undef,correction_paired_result.txt,correction,yes,pos 735: 16/16 secret values with y1 = y2 xor alpha
mayo,compute_A,binOpFault/compute_A_line43_undef,ineffective_paired_result.txt,ineffective,yes,pos 729: 30/240 pairs disagree
mayo,compute_A,binOpFault/compute_A_line43_zero,correction_paired_result.txt,correction,yes,pos 735: 16/16 secret values with y1 = y2 xor alpha
mayo,compute_A,binOpFault/compute_A_line43_zero,ineffective_paired_result.txt,ineffective,yes,pos 729: 30/240 pairs disagree
mayo,compute_A,binOpFault/compute_A_line51_opA,correction_paired_result.txt,correction,yes,pos 735: 16/16 secret values with y1 = y2 xor alpha
mayo,compute_A,binOpFault/compute_A_line51_opA,ineffective_paired_result.txt,ineffective,yes,pos 729: 30/240 pairs disagree
mayo,compute_A,binOpFault/compute_A_line51_opB,correction_paired_result.txt,correction,no,no position with disagreeing pairs
mayo,compute_A,binOpFault/compute_A_line51_opB,ineffective_paired_result.txt,ineffective,no,no position with disagreeing pairs
mayo,compute_A,binOpFault/compute_A_line51_opC,correction_paired_result.txt,correction,no,no position with disagreeing pairs
mayo,compute_A,binOpFault/compute_A_line51_opC,ineffective_paired_result.txt,ineffective,no,no position with disagreeing pairs
mayo,compute_A,binOpFault/compute_A_line51_undef,correction_paired_result.txt,correction,yes,pos 735: 16/16 secret values with y1 = y2 xor alpha
mayo,compute_A,binOpFault/compute_A_line51_undef,ineffective_paired_result.txt,ineffective,yes,pos 729: 30/240 pairs disagree
mayo,compute_A,binOpFault/compute_A_line51_zero,correction_paired_result.txt,correction,yes,pos 735: 16/16 secret values with y1 = y2 xor alpha
mayo,compute_A,binOpFault/compute_A_line51_zero,ineffective_paired_result.txt,ineffective,yes,pos 729: 30/240 pairs disagree
mayo,compute_A,binOpFault/compute_A_line61_opA,correction_paired_result.txt,correction,no,no position with disagreeing pairs
mayo,compute_A,binOpFault/compute_A_line61_opA,ineffective_paired_result.txt,ineffective,yes,pos 1296: 30/240 pairs disagree
mayo,compute_A,binOpFault/compute_A_line61_opB,correction_paired_result.txt,correction,no,no position with disagreeing pairs
mayo,compute_A,binOpFault/compute_A_line61_opB,ineffective_paired_result.txt,ineffective,no,no position with disagreeing pairs
mayo,compute_A,binOpFault/compute_A_line61_opC,correction_paired_result.txt,correction,no,no position with disagreeing pairs
mayo,compute_A,binOpFault/compute_A_line61_opC,ineffective_paired_result.txt,ineffective,no,no position with disagreeing pairs
mayo,compute_A,binOpFault/compute_A_line61_undef,correction_paired_result.txt,correction,no,no position with disagreeing pairs
mayo,compute_A,binOpFault/compute_A_line61_undef,ineffective_paired_result.txt,ineffective,no,no position with disagreeing pairs
mayo,compute_A,binOpFault/compute_A_line61_zero,correction_paired_result.txt,correction,no,no position with disagreeing pairs
mayo,compute_A,binOpFault/compute_A_line61_zero,ineffective_paired_result.txt,ineffective,no,no position with disagreeing pairs
mayo,compute_A,binOpFault/compute_A_line70_opA,correction_paired_result.txt,correction,no,no position with disagreeing pairs
mayo,compute_A,binOpFault/compute_A_line70_opA,ineffective_paired_result.txt,ineffective,no,no position with disagreeing pairs
mayo,compute_A,binOpFault/compute_A_line70_opB,correction_paired_result.txt,correction,no,no position with disagreeing pairs
mayo,compute_A,binOpFault/compute_A_line70_opB,ineffective_paired_result.txt,ineffective,no,no position with disagreeing pairs
mayo,compute_A,binOpFault/compute_A_line70_opC,correction_paired_result.txt,correction,no,no position with disagreeing pairs
mayo,compute_A,binOpFault/compute_A_line70_opC,ineffective_paired_result.txt,ineffective,no,no position with disagreeing pairs
mayo,compute_A,binOpFault/compute_A_line70_undef,correction_paired_result.txt,correction,no,no position with disagreeing pairs
mayo,compute_A,binOpFault/compute_A_line70_undef,ineffective_paired_result.txt,ineffective,no,no position with disagreeing pairs
mayo,compute_A,binOpFault/compute_A_line70_zero,correction_paired_result.txt,correction,no,no position with disagreeing pairs
mayo,compute_A,binOpFault/compute_A_line70_zero,ineffective_paired_result.txt,ineffective,no,no position with disagreeing pairs
mayo,compute_A,binOpFault/compute_A_line94_opA,correction_paired_result.txt,correction,yes,pos 16: 15/16 secret values with y1 = y2 xor alpha (+14 more position(s))
mayo,compute_A,binOpFault/compute_A_line94_opA,ineffective_paired_result.txt,ineffective,yes,pos 8: 30/240 pairs disagree (+15 more position(s))
mayo,compute_A,binOpFault/compute_A_line94_opB,correction_paired_result.txt,correction,yes,pos 72: 15/16 secret values with y1 = y2 xor alpha (+14 more position(s))
mayo,compute_A,binOpFault/compute_A_line94_opB,ineffective_paired_result.txt,ineffective,yes,pos 72: 30/240 pairs disagree (+8 more position(s))
mayo,compute_A,binOpFault/compute_A_line94_opC,correction_paired_result.txt,correction,no,no position with disagreeing pairs
mayo,compute_A,binOpFault/compute_A_line94_opC,ineffective_paired_result.txt,ineffective,no,no position with disagreeing pairs
mayo,compute_A,binOpFault/compute_A_line94_undef,correction_paired_result.txt,correction,yes,pos 72: 15/16 secret values with y1 = y2 xor alpha (+14 more position(s))
mayo,compute_A,binOpFault/compute_A_line94_undef,ineffective_paired_result.txt,ineffective,yes,pos 72: 30/240 pairs disagree (+8 more position(s))
mayo,compute_A,binOpFault/compute_A_line94_zero,correction_paired_result.txt,correction,yes,pos 72: 15/16 secret values with y1 = y2 xor alpha (+14 more position(s))
mayo,compute_A,binOpFault/compute_A_line94_zero,ineffective_paired_result.txt,ineffective,yes,pos 72: 30/240 pairs disagree (+8 more position(s))
mayo,compute_A,loadStoreSkip/compute_A_line101_mem,correction_paired_result.txt,correction,yes,pos 2606: 16/16 secret values with y1 = y2 xor alpha
mayo,compute_A,loadStoreSkip/compute_A_line101_mem,ineffective_paired_result.txt,ineffective,no,no position with disagreeing pairs
mayo,compute_A,loadStoreSkip/compute_A_line103_mem,correction_paired_result.txt,correction,yes,pos 2606: 16/16 secret values with y1 = y2 xor alpha
mayo,compute_A,loadStoreSkip/compute_A_line103_mem,ineffective_paired_result.txt,ineffective,no,no position with disagreeing pairs
mayo,compute_A,loadStoreSkip/compute_A_line109_mem,correction_paired_result.txt,correction,yes,pos 2606: 16/16 secret values with y1 = y2 xor alpha
mayo,compute_A,loadStoreSkip/compute_A_line109_mem,ineffective_paired_result.txt,ineffective,no,no position with disagreeing pairs
mayo,compute_A,loadStoreSkip/compute_A_line11_mem,correction_paired_result.txt,correction,no,no position with disagreeing pairs
mayo,compute_A,loadStoreSkip/compute_A_line11_mem,ineffective_paired_result.txt,ineffective,no,no position with disagreeing pairs
mayo,compute_A,loadStoreSkip/compute_A_line120_mem,correction_paired_result.txt,correction,no,no position with disagreeing pairs
mayo,compute_A,loadStoreSkip/compute_A_line120_mem,ineffective_paired_result.txt,ineffective,no,no position with disagreeing pairs
mayo,compute_A,loadStoreSkip/compute_A_line122_mem,correction_paired_result.txt,correction,no,no position with disagreeing pairs
mayo,compute_A,loadStoreSkip/compute_A_line122_mem,ineffective_paired_result.txt,ineffective,no,no position with disagreeing pairs
mayo,compute_A,loadStoreSkip/compute_A_line13_mem,correction_paired_result.txt,correction,no,no position with disagreeing pairs
mayo,compute_A,loadStoreSkip/compute_A_line13_mem,ineffective_paired_result.txt,ineffective,no,no position with disagreeing pairs
mayo,compute_A,loadStoreSkip/compute_A_line158_mem,correction_paired_result.txt,correction,yes,pos 4: 16/16 secret values with y1 = y2 xor alpha (+156 more position(s))
mayo,compute_A,loadStoreSkip/compute_A_line158_mem,ineffective_paired_result.txt,ineffective,no,no position with disagreeing pairs
mayo,compute_A,loadStoreSkip/compute_A_line163_mem,correction_paired_result.txt,correction,yes,pos 13: 16/16 secret values with y1 = y2 xor alpha (+168 more position(s))
mayo,compute_A,loadStoreSkip/compute_A_line163_mem,ineffective_paired_result.txt,ineffective,no,no position with disagreeing pairs
mayo,compute_A,loadStoreSkip/compute_A_line170_mem,correction_paired_result.txt,correction,yes,pos 46: 16/16 secret values with y1 = y2 xor alpha (+166 more position(s))
mayo,compute_A,loadStoreSkip/compute_A_line170_mem,ineffective_paired_result.txt,ineffective,no,no position with disagreeing pairs
mayo,compute_A,loadStoreSkip/compute_A_line177_mem,correction_paired_result.txt,correction,yes,pos 3: 16/16 secret values with y1 = y2 xor alpha (+146 more position(s))
mayo,compute_A,loadStoreSkip/compute_A_line177_mem,ineffective_paired_result.txt,ineffective,no,no position with disagreeing pairs
mayo,compute_A,loadStoreSkip/compute_A_line194_mem,correction_paired_result.txt,correction,yes,pos 1470: 16/16 secret values with y1 = y2 xor alpha
mayo,compute_A,loadStoreSkip/compute_A_line194_mem,ineffective_paired_result.txt,ineffective,no,no position with disagreeing pairs
mayo,compute_A,loadStoreSkip/compute_A_line201_mem,correction_paired_result.txt,correction,yes,pos 3: 16/16 secret values with y1 = y2 xor alpha (+7 more position(s))
mayo,compute_A,loadStoreSkip/compute_A_line201_mem,ineffective_paired_result.txt,ineffective,no,no position with disagreeing pairs
mayo,compute_A,loadStoreSkip/compute_A_line210_mem,correction_paired_result.txt,correction,yes,pos 4: 16/16 secret values with y1 = y2 xor alpha (+6 more position(s))
mayo,compute_A,loadStoreSkip/compute_A_line210_mem,ineffective_paired_result.txt,ineffective,no,no position with disagreeing pairs
mayo,compute_A,loadStoreSkip/compute_A_line216_mem,correction_paired_result.txt,correction,yes,pos 13: 16/16 secret values with y1 = y2 xor alpha (+6 more position(s))
mayo,compute_A,loadStoreSkip/compute_A_line216_mem,ineffective_paired_result.txt,ineffective,no,no position with disagreeing pairs
mayo,compute_A,loadStoreSkip/compute_A_line223_mem,correction_paired_result.txt,correction,yes,pos 337: 16/16 secret values with y1 = y2 xor alpha (+6 more position(s))
mayo,compute_A,loadStoreSkip/compute_A_line223_mem,ineffective_paired_result.txt,ineffective,no,no position with disagreeing pairs
mayo,compute_A,loadStoreSkip/compute_A_line230_mem,correction_paired_result.txt,correction,yes,pos 3: 16/16 secret values with y1 = y2 xor alpha (+7 more position(s))
mayo,compute_A,loadStoreSkip/compute_A_line230_mem,ineffective_paired_result.txt,ineffective,no,no position with disagreeing pairs
mayo,compute_A,loadStoreSkip/compute_A_line244_mem,correction_paired_result.txt,correction,no,no position with disagreeing pairs
mayo,compute_A,loadStoreSkip/compute_A_line244_mem,ineffective_paired_result.txt,ineffective,yes,pos 656: 30/240 pairs disagree (+1 more position(s))
mayo,compute_A,loadStoreSkip/compute_A_line246_mem,correction_paired_result.txt,correction,no,no position with disagreeing pairs
mayo,compute_A,loadStoreSkip/compute_A_line246_mem,ineffective_paired_result.txt,ineffective,yes,pos 656: 30/240 pairs disagree (+1 more position(s))
mayo,compute_A,loadStoreSkip/compute_A_line41_mem,correction_paired_result.txt,correction,yes,pos 735: 16/16 secret values with y1 = y2 xor alpha
mayo,compute_A,loadStoreSkip/compute_A_line41_mem,ineffective_paired_result.txt,ineffective,yes,pos 729: 30/240 pairs disagree
mayo,compute_A,loadStoreSkip/compute_A_line50_mem,correction_paired_result.txt,correction,no,no position with disagreeing pairs
mayo,compute_A,loadStoreSkip/compute_A_line50_mem,ineffective_paired_result.txt,ineffective,no,no position with disagreeing pairs
mayo,compute_A,loadStoreSkip/compute_A_line52_mem,correction_paired_result.txt,correction,no,no position with disagreeing pairs
mayo,compute_A,loadStoreSkip/compute_A_line52_mem,ineffective_paired_result.txt,ineffective,no,no position with disagreeing pairs
mayo,compute_A,loadStoreSkip/compute_A_line58_mem,correction_paired_result.txt,correction,no,no position with disagreeing pairs
mayo,compute_A,loadStoreSkip/compute_A_line58_mem,ineffective_paired_result.txt,ineffective,no,no position with disagreeing pairs
mayo,compute_A,loadStoreSkip/compute_A_line69_mem,correction_paired_result.txt,correction,no,no position with disagreeing pairs
mayo,compute_A,loadStoreSkip/compute_A_line69_mem,ineffective_paired_result.txt,ineffective,no,no position with disagreeing pairs
mayo,compute_A,loadStoreSkip/compute_A_line71_mem,correction_paired_result.txt,correction,no,no position with disagreeing pairs
mayo,compute_A,loadStoreSkip/compute_A_line71_mem,ineffective_paired_result.txt,ineffective,no,no position with disagreeing pairs
mayo,compute_A,loadStoreSkip/compute_A_line92_mem,correction_paired_result.txt,correction,yes,pos 72: 15/16 secret values with y1 = y2 xor alpha (+14 more position(s))
mayo,compute_A,loadStoreSkip/compute_A_line92_mem,ineffective_paired_result.txt,ineffective,yes,pos 72: 30/240 pairs disagree (+8 more position(s))
mayo,compute_A,loopOrFuncSkip/compute_A_fnSkip_decode_line276,correction_paired_result.txt,correction,yes,pos 187: 16/16 secret values with y1 = y2 xor alpha (+1 more position(s))
mayo,compute_A,loopOrFuncSkip/compute_A_fnSkip_decode_line276,ineffective_paired_result.txt,ineffective,yes,pos 72: 30/240 pairs disagree (+9 more position(s))
mayo,compute_A,loopOrFuncSkip/compute_A_fnSkip_mayo_memset_line147,correction_paired_result.txt,correction,no,no position with disagreeing pairs
mayo,compute_A,loopOrFuncSkip/compute_A_fnSkip_mayo_memset_line147,ineffective_paired_result.txt,ineffective,no,no position with disagreeing pairs
mayo,compute_A,loopOrFuncSkip/compute_A_fnSkip_mayo_memset_line2,correction_paired_result.txt,correction,no,no position with disagreeing pairs
mayo,compute_A,loopOrFuncSkip/compute_A_fnSkip_mayo_memset_line2,ineffective_paired_result.txt,ineffective,no,no position with disagreeing pairs
mayo,compute_A,loopOrFuncSkip/compute_A_fnSkip_mul_f_line155,correction_paired_result.txt,correction,no,no position with disagreeing pairs
mayo,compute_A,loopOrFuncSkip/compute_A_fnSkip_mul_f_line155,ineffective_paired_result.txt,ineffective,no,no position with disagreeing pairs
mayo,compute_A,loopOrFuncSkip/compute_A_fnSkip_mul_f_line159,correction_paired_result.txt,correction,yes,pos 13: 16/16 secret values with y1 = y2 xor alpha (+168 more position(s))
mayo,compute_A,loopOrFuncSkip/compute_A_fnSkip_mul_f_line159,ineffective_paired_result.txt,ineffective,no,no position with disagreeing pairs
mayo,compute_A,loopOrFuncSkip/compute_A_fnSkip_mul_f_line166,correction_paired_result.txt,correction,yes,pos 46: 16/16 secret values with y1 = y2 xor alpha (+166 more position(s))
mayo,compute_A,loopOrFuncSkip/compute_A_fnSkip_mul_f_line166,ineffective_paired_result.txt,ineffective,no,no position with disagreeing pairs
mayo,compute_A,loopOrFuncSkip/compute_A_fnSkip_mul_f_line173,correction_paired_result.txt,correction,yes,pos 3: 16/16 secret values with y1 = y2 xor alpha (+146 more position(s))
mayo,compute_A,loopOrFuncSkip/compute_A_fnSkip_mul_f_line173,ineffective_paired_result.txt,ineffective,no,no position with disagreeing pairs
mayo,compute_A,loopOrFuncSkip/compute_A_fnSkip_transpose_16x16_nibbles_line144,correction_paired_result.txt,correction,yes,pos 495: 16/16 secret values with y1 = y2 xor alpha (+1 more position(s))
mayo,compute_A,loopOrFuncSkip/compute_A_fnSkip_transpose_16x16_nibbles_line144,ineffective_paired_result.txt,ineffective,yes,pos 9: 30/240 pairs disagree (+1 more position(s))
mayo,compute_M_and_VPV,loopOrFuncSkip/compute_M_and_VPV_fnSkip_P1_times_Vt_line3,correction_paired_result.txt,correction,no,no position with disagreeing pairs
mayo,compute_M_and_VPV,loopOrFuncSkip/compute_M_and_VPV_fnSkip_P1_times_Vt_line3,ineffective_paired_result.txt,ineffective,no,no position with disagreeing pairs
mayo,compute_M_and_VPV,loopOrFuncSkip/compute_M_and_VPV_fnSkip_mayo_memset_line2,correction_paired_result.txt,correction,no,no position with disagreeing pairs
mayo,compute_M_and_VPV,loopOrFuncSkip/compute_M_and_VPV_fnSkip_mayo_memset_line2,ineffective_paired_result.txt,ineffective,no,no position with disagreeing pairs
mayo,compute_M_and_VPV,loopOrFuncSkip/compute_M_and_VPV_fnSkip_mul_add_mat_x_m_mat_line1,correction_paired_result.txt,correction,no,no position with disagreeing pairs
mayo,compute_M_and_VPV,loopOrFuncSkip/compute_M_and_VPV_fnSkip_mul_add_mat_x_m_mat_line1,ineffective_paired_result.txt,ineffective,yes,pos 0: 30/240 pairs disagree (+292 more position(s))
mayo,compute_M_and_VPV,loopOrFuncSkip/compute_M_and_VPV_fnSkip_mul_add_mat_x_m_mat_line4,correction_paired_result.txt,correction,no,no position with disagreeing pairs
mayo,compute_M_and_VPV,loopOrFuncSkip/compute_M_and_VPV_fnSkip_mul_add_mat_x_m_mat_line4,ineffective_paired_result.txt,ineffective,no,no position with disagreeing pairs
mayo,compute_P3,loopOrFuncSkip/compute_P3_fnSkip_P1_times_O_line0,correction_paired_result.txt,correction,yes,pos 272: 1/16 secret values with y1 = y2 xor alpha (+1 more position(s))
mayo,compute_P3,loopOrFuncSkip/compute_P3_fnSkip_P1_times_O_line0,ineffective_paired_result.txt,ineffective,yes,pos 0: 56/240 pairs disagree (+323 more position(s))
mayo,compute_P3,loopOrFuncSkip/compute_P3_fnSkip_mul_add_mat_trans_x_m_mat_line1,correction_paired_result.txt,correction,no,no position with disagreeing pairs
mayo,compute_P3,loopOrFuncSkip/compute_P3_fnSkip_mul_add_mat_trans_x_m_mat_line1,ineffective_paired_result.txt,ineffective,yes,pos 1: 30/240 pairs disagree (+334 more position(s))
mayo,compute_rhs,binOpFault/compute_rhs_line114_opA,correction_paired_result.txt,correction,no,no position with disagreeing pairs
mayo,compute_rhs,binOpFault/compute_rhs_line114_opA,ineffective_paired_result.txt,ineffective,no,no position with disagreeing pairs
mayo,compute_rhs,binOpFault/compute_rhs_line114_opB,correction_paired_result.txt,correction,no,no position with disagreeing pairs
mayo,compute_rhs,binOpFault/compute_rhs_line114_opB,ineffective_paired_result.txt,ineffective,no,no position with disagreeing pairs
mayo,compute_rhs,binOpFault/compute_rhs_line114_undef,correction_paired_result.txt,correction,no,no position with disagreeing pairs
mayo,compute_rhs,binOpFault/compute_rhs_line114_undef,ineffective_paired_result.txt,ineffective,no,no position with disagreeing pairs
mayo,compute_rhs,binOpFault/compute_rhs_line114_zero,correction_paired_result.txt,correction,no,no position with disagreeing pairs
mayo,compute_rhs,binOpFault/compute_rhs_line114_zero,ineffective_paired_result.txt,ineffective,no,no position with disagreeing pairs
mayo,compute_rhs,binOpFault/compute_rhs_line115_opA,correction_paired_result.txt,correction,no,no position with disagreeing pairs
mayo,compute_rhs,binOpFault/compute_rhs_line115_opA,ineffective_paired_result.txt,ineffective,no,no position with disagreeing pairs
mayo,compute_rhs,binOpFault/compute_rhs_line115_opB,correction_paired_result.txt,correction,no,no position with disagreeing pairs
mayo,compute_rhs,binOpFault/compute_rhs_line115_opB,ineffective_paired_result.txt,ineffective,no,no position with disagreeing pairs
mayo,compute_rhs,binOpFault/compute_rhs_line115_undef,correction_paired_result.txt,correction,no,no position with disagreeing pairs
mayo,compute_rhs,binOpFault/compute_rhs_line115_undef,ineffective_paired_result.txt,ineffective,no,no position with disagreeing pairs
mayo,compute_rhs,binOpFault/compute_rhs_line115_zero,correction_paired_result.txt,correction,no,no position with disagreeing pairs
mayo,compute_rhs,binOpFault/compute_rhs_line115_zero,ineffective_paired_result.txt,ineffective,no,no position with disagreeing pairs
mayo,compute_rhs,binOpFault/compute_rhs_line124_opA,correction_paired_result.txt,correction,no,no position with disagreeing pairs
mayo,compute_rhs,binOpFault/compute_rhs_line124_opA,ineffective_paired_result.txt,ineffective,no,no position with disagreeing pairs
mayo,compute_rhs,binOpFault/compute_rhs_line124_opB,correction_paired_result.txt,correction,no,no position with disagreeing pairs
mayo,compute_rhs,binOpFault/compute_rhs_line124_opB,ineffective_paired_result.txt,ineffective,no,no position with disagreeing pairs
mayo,compute_rhs,binOpFault/compute_rhs_line124_undef,correction_paired_result.txt,correction,no,no position with disagreeing pairs
mayo,compute_rhs,binOpFault/compute_rhs_line124_undef,ineffective_paired_result.txt,ineffective,no,no position with disagreeing pairs
mayo,compute_rhs,binOpFault/compute_rhs_line124_zero,correction_paired_result.txt,correction,no,no position with disagreeing pairs
mayo,compute_rhs,binOpFault/compute_rhs_line124_zero,ineffective_paired_result.txt,ineffective,no,no position with disagreeing pairs
mayo,compute_rhs,binOpFault/compute_rhs_line125_opA,correction_paired_result.txt,correction,no,no position with disagreeing pairs
mayo,compute_rhs,binOpFault/compute_rhs_line125_opA,ineffective_paired_result.txt,ineffective,no,no position with disagreeing pairs
mayo,compute_rhs,binOpFault/compute_rhs_line125_opB,correction_paired_result.txt,correction,no,no position with disagreeing pairs
mayo,compute_rhs,binOpFault/compute_rhs_line125_opB,ineffective_paired_result.txt,ineffective,no,no position with disagreeing pairs
mayo,compute_rhs,binOpFault/compute_rhs_line125_undef,correction_paired_result.txt,correction,no,no position with disagreeing pairs
mayo,compute_rhs,binOpFault/compute_rhs_line125_undef,ineffective_paired_result.txt,ineffective,no,no position with disagreeing pairs
mayo,compute_rhs,binOpFault/compute_rhs_line125_zero,correction_paired_result.txt,correction,no,no position with disagreeing pairs
mayo,compute_rhs,binOpFault/compute_rhs_line125_zero,ineffective_paired_result.txt,ineffective,no,no position with disagreeing pairs
mayo,compute_rhs,binOpFault/compute_rhs_line25_opA,correction_paired_result.txt,correction,no,no position with disagreeing pairs
mayo,compute_rhs,binOpFault/compute_rhs_line25_opA,ineffective_paired_result.txt,ineffective,no,no position with disagreeing pairs
mayo,compute_rhs,binOpFault/compute_rhs_line25_opB,correction_paired_result.txt,correction,no,no position with disagreeing pairs
mayo,compute_rhs,binOpFault/compute_rhs_line25_opB,ineffective_paired_result.txt,ineffective,no,no position with disagreeing pairs
mayo,compute_rhs,binOpFault/compute_rhs_line25_undef,correction_paired_result.txt,correction,no,no position with disagreeing pairs
mayo,compute_rhs,binOpFault/compute_rhs_line25_undef,ineffective_paired_result.txt,ineffective,no,no position with disagreeing pairs
mayo,compute_rhs,binOpFault/compute_rhs_line25_zero,correction_paired_result.txt,correction,no,no position with disagreeing pairs
mayo,compute_rhs,binOpFault/compute_rhs_line25_zero,ineffective_paired_result.txt,ineffective,no,no position with disagreeing pairs
mayo,compute_rhs,binOpFault/compute_rhs_line28_opA,correction_paired_result.txt,correction,no,no position with disagreeing pairs
mayo,compute_rhs,binOpFault/compute_rhs_line28_opA,ineffective_paired_result.txt,ineffective,no,no position with disagreeing pairs
mayo,compute_rhs,binOpFault/compute_rhs_line28_opB,correction_paired_result.txt,correction,no,no position with disagreeing pairs
mayo,compute_rhs,binOpFault/compute_rhs_line28_opB,ineffective_paired_result.txt,ineffective,no,no position with disagreeing pairs
mayo,compute_rhs,binOpFault/compute_rhs_line28_undef,correction_paired_result.txt,correction,no,no position with disagreeing pairs
mayo,compute_rhs,binOpFault/compute_rhs_line28_undef,ineffective_paired_result.txt,ineffective,no,no position with disagreeing pairs
mayo,compute_rhs,binOpFault/compute_rhs_line28_zero,correction_paired_result.txt,correction,no,no position with disagreeing pairs
mayo,compute_rhs,binOpFault/compute_rhs_line28_zero,ineffective_paired_result.txt,ineffective,no,no position with disagreeing pairs
mayo,compute_rhs,binOpFault/compute_rhs_line34_opA,correction_paired_result.txt,correction,no,no position with disagreeing pairs
mayo,compute_rhs,binOpFault/compute_rhs_line34_opA,ineffective_paired_result.txt,ineffective,no,no position with disagreeing pairs
mayo,compute_rhs,binOpFault/compute_rhs_line34_opB,correction_paired_result.txt,correction,no,no position with disagreeing pairs
mayo,compute_rhs,binOpFault/compute_rhs_line34_opB,ineffective_paired_result.txt,ineffective,no,no position with disagreeing pairs
mayo,compute_rhs,binOpFault/compute_rhs_line34_undef,correction_paired_result.txt,correction,no,no position with disagreeing pairs
mayo,compute_rhs,binOpFault/compute_rhs_line34_undef,ineffective_paired_result.txt,ineffective,no,no position with disagreeing pairs
mayo,compute_rhs,binOpFault/compute_rhs_line34_zero,correction_paired_result.txt,correction,no,no position with disagreeing pairs
mayo,compute_rhs,binOpFault/compute_rhs_line34_zero,ineffective_paired_result.txt,ineffective,no,no position with disagreeing pairs
mayo,compute_rhs,binOpFault/compute_rhs_line38_opA,correction_paired_result.txt,correction,no,no position with disagreeing pairs
mayo,compute_rhs,binOpFault/compute_rhs_line38_opA,ineffective_paired_result.txt,ineffective,no,no position with disagreeing pairs
mayo,compute_rhs,binOpFault/compute_rhs_line38_opB,correction_paired_result.txt,correction,no,no position with disagreeing pairs
mayo,compute_rhs,binOpFault/compute_rhs_line38_opB,ineffective_paired_result.txt,ineffective,no,no position with disagreeing pairs
mayo,compute_rhs,binOpFault/compute_rhs_line38_undef,correction_paired_result.txt,correction,no,no position with disagreeing pairs
mayo,compute_rhs,binOpFault/compute_rhs_line38_undef,ineffective_paired_result.txt,ineffective,no,no position with disagreeing pairs
mayo,compute_rhs,binOpFault/compute_rhs_line38_zero,correction_paired_result.txt,correction,no,no position with disagreeing pairs
mayo,compute_rhs,binOpFault/compute_rhs_line38_zero,ineffective_paired_result.txt,ineffective,no,no position with disagreeing pairs
mayo,compute_rhs,binOpFault/compute_rhs_line42_opA,correction_paired_result.txt,correction,no,no position with disagreeing pairs
mayo,compute_rhs,binOpFault/compute_rhs_line42_opA,ineffective_paired_result.txt,ineffective,no,no position with disagreeing pairs
mayo,compute_rhs,binOpFault/compute_rhs_line42_opB,correction_paired_result.txt,correction,no,no position with disagreeing pairs
mayo,compute_rhs,binOpFault/compute_rhs_line42_opB,ineffective_paired_result.txt,ineffective,no,no position with disagreeing pairs
mayo,compute_rhs,binOpFault/compute_rhs_line42_undef,correction_paired_result.txt,correction,no,no position with disagreeing pairs
mayo,compute_rhs,binOpFault/compute_rhs_line42_undef,ineffective_paired_result.txt,ineffective,no,no position with disagreeing pairs
mayo,compute_rhs,binOpFault/compute_rhs_line42_zero,correction_paired_result.txt,correction,no,no position with disagreeing pairs
mayo,compute_rhs,binOpFault/compute_rhs_line42_zero,ineffective_paired_result.txt,ineffective,no,no position with disagreeing pairs
mayo,compute_rhs,binOpFault/compute_rhs_line46_opA,correction_paired_result.txt,correction,no,no position with disagreeing pairs
mayo,compute_rhs,binOpFault/compute_rhs_line46_opA,ineffective_paired_result.txt,ineffective,no,no position with disagreeing pairs
mayo,compute_rhs,binOpFault/compute_rhs_line46_opB,correction_paired_result.txt,correction,no,no position with disagreeing pairs
mayo,compute_rhs,binOpFault/compute_rhs_line46_opB,ineffective_paired_result.txt,ineffective,no,no position with disagreeing pairs
mayo,compute_rhs,binOpFault/compute_rhs_line46_undef,correction_paired_result.txt,correction,no,no position with disagreeing pairs
mayo,compute_rhs,binOpFault/compute_rhs_line46_undef,ineffective_paired_result.txt,ineffective,no,no position with disagreeing pairs
mayo,compute_rhs,binOpFault/compute_rhs_line46_zero,correction_paired_result.txt,correction,no,no position with disagreeing pairs
mayo,compute_rhs,binOpFault/compute_rhs_line46_zero,ineffective_paired_result.txt,ineffective,no,no position with disagreeing pairs
mayo,compute_rhs,binOpFault/compute_rhs_line63_opA,correction_paired_result.txt,correction,no,no position with disagreeing pairs
mayo,compute_rhs,binOpFault/compute_rhs_line63_opA,ineffective_paired_result.txt,ineffective,no,no position with disagreeing pairs
mayo,compute_rhs,binOpFault/compute_rhs_line63_opB,correction_paired_result.txt,correction,no,no position with disagreeing pairs
mayo,compute_rhs,binOpFault/compute_rhs_line63_opB,ineffective_paired_result.txt,ineffective,no,no position with disagreeing pairs
mayo,compute_rhs,binOpFault/compute_rhs_line63_undef,correction_paired_result.txt,correction,no,no position with disagreeing pairs
mayo,compute_rhs,binOpFault/compute_rhs_line63_undef,ineffective_paired_result.txt,ineffective,no,no position with disagreeing pairs
mayo,compute_rhs,binOpFault/compute_rhs_line63_zero,correction_paired_result.txt,correction,no,no position with disagreeing pairs
mayo,compute_rhs,binOpFault/compute_rhs_line63_zero,ineffective_paired_result.txt,ineffective,no,no position with disagreeing pairs
mayo,compute_rhs,binOpFault/compute_rhs_line69_opA,correction_paired_result.txt,correction,no,no position with disagreeing pairs
mayo,compute_rhs,binOpFault/compute_rhs_line69_opA,ineffective_paired_result.txt,ineffective,no,no position with disagreeing pairs
mayo,compute_rhs,binOpFault/compute_rhs_line69_opB,correction_paired_result.txt,correction,no,no position with disagreeing pairs
mayo,compute_rhs,binOpFault/compute_rhs_line69_opB,ineffective_paired_result.txt,ineffective,no,no position with disagreeing pairs
mayo,compute_rhs,binOpFault/compute_rhs_line69_undef,correction_paired_result.txt,correction,no,no position with disagreeing pairs
mayo,compute_rhs,binOpFault/compute_rhs_line69_undef,ineffective_paired_result.txt,ineffective,no,no position with disagreeing pairs
mayo,compute_rhs,binOpFault/compute_rhs_line69_zero,correction_paired_result.txt,correction,no,no position with disagreeing pairs
mayo,compute_rhs,binOpFault/compute_rhs_line69_zero,ineffective_paired_result.txt,ineffective,no,no position with disagreeing pairs
mayo,compute_rhs,binOpFault/compute_rhs_line73_opA,correction_paired_result.txt,correction,no,no position with disagreeing pairs
mayo,compute_rhs,binOpFault/compute_rhs_line73_opA,ineffective_paired_result.txt,ineffective,no,no position with disagreeing pairs
mayo,compute_rhs,binOpFault/compute_rhs_line73_opB,correction_paired_result.txt,correction,no,no position with disagreeing pairs
mayo,compute_rhs,binOpFault/compute_rhs_line73_opB,ineffective_paired_result.txt,ineffective,no,no position with disagreeing pairs
mayo,compute_rhs,binOpFault/compute_rhs_line73_undef,correction_paired_result.txt,correction,no,no position with disagreeing pairs
mayo,compute_rhs,binOpFault/compute_rhs_line73_undef,ineffective_paired_result.txt,ineffective,no,no position with disagreeing pairs
mayo,compute_rhs,binOpFault/compute_rhs_line73_zero,correction_paired_result.txt,correction,no,no position with disagreeing pairs
mayo,compute_rhs,binOpFault/compute_rhs_line73_zero,ineffective_paired_result.txt,ineffective,no,no position with disagreeing pairs
mayo,compute_rhs,binOpFault/compute_rhs_line95_opA,correction_paired_result.txt,correction,no,no position with disagreeing pairs
mayo,compute_rhs,binOpFault/compute_rhs_line95_opA,ineffective_paired_result.txt,ineffective,no,no position with disagreeing pairs
mayo,compute_rhs,binOpFault/compute_rhs_line95_opB,correction_paired_result.txt,correction,no,no position with disagreeing pairs
mayo,compute_rhs,binOpFault/compute_rhs_line95_opB,ineffective_paired_result.txt,ineffective,no,no position with disagreeing pairs
mayo,compute_rhs,binOpFault/compute_rhs_line95_undef,correction_paired_result.txt,correction,no,no position with disagreeing pairs
mayo,compute_rhs,binOpFault/compute_rhs_line95_undef,ineffective_paired_result.txt,ineffective,no,no position with disagreeing pairs
mayo,compute_rhs,binOpFault/compute_rhs_line95_zero,correction_paired_result.txt,correction,no,no position with disagreeing pairs
mayo,compute_rhs,binOpFault/compute_rhs_line95_zero,ineffective_paired_result.txt,ineffective,no,no position with disagreeing pairs
mayo,compute_rhs,binOpFault/compute_rhs_line98_opA,correction_paired_result.txt,correction,no,no position with disagreeing pairs
mayo,compute_rhs,binOpFault/compute_rhs_line98_opA,ineffective_paired_result.txt,ineffective,no,no position with disagreeing pairs
mayo,compute_rhs,binOpFault/compute_rhs_line98_opB,correction_paired_result.txt,correction,no,no position with disagreeing pairs
mayo,compute_rhs,binOpFault/compute_rhs_line98_opB,ineffective_paired_result.txt,ineffective,no,no position with disagreeing pairs
mayo,compute_rhs,binOpFault/compute_rhs_line98_undef,correction_paired_result.txt,correction,no,no position with disagreeing pairs
mayo,compute_rhs,binOpFault/compute_rhs_line98_undef,ineffective_paired_result.txt,ineffective,no,no position with disagreeing pairs
mayo,compute_rhs,binOpFault/compute_rhs_line98_zero,correction_paired_result.txt,correction,no,no position with disagreeing pairs
mayo,compute_rhs,binOpFault/compute_rhs_line98_zero,ineffective_paired_result.txt,ineffective,no,no position with disagreeing pairs
mayo,compute_rhs,binOpFault/compute_rhs_line9_opA,correction_paired_result.txt,correction,no,no position with disagreeing pairs
mayo,compute_rhs,binOpFault/compute_rhs_line9_opA,ineffective_paired_result.txt,ineffective,no,no position with disagreeing pairs
mayo,compute_rhs,binOpFault/compute_rhs_line9_opB,correction_paired_result.txt,correction,no,no position with disagreeing pairs
mayo,compute_rhs,binOpFault/compute_rhs_line9_opB,ineffective_paired_result.txt,ineffective,no,no position with disagreeing pairs
mayo,compute_rhs,binOpFault/compute_rhs_line9_undef,correction_paired_result.txt,correction,no,no position with disagreeing pairs
mayo,compute_rhs,binOpFault/compute_rhs_line9_undef,ineffective_paired_result.txt,ineffective,no,no position with disagreeing pairs
mayo,compute_rhs,binOpFault/compute_rhs_line9_zero,correction_paired_result.txt,correction,no,no position with disagreeing pairs
mayo,compute_rhs,binOpFault/compute_rhs_line9_zero,ineffective_paired_result.txt,ineffective,no,no position with disagreeing pairs
mayo,compute_rhs,loadStoreSkip/compute_rhs_line10_mem,correction_paired_result.txt,correction,no,no position with disagreeing pairs
mayo,compute_rhs,loadStoreSkip/compute_rhs_line10_mem,ineffective_paired_result.txt,ineffective,no,no position with disagreeing pairs
mayo,compute_rhs,loadStoreSkip/compute_rhs_line110_mem,correction_paired_result.txt,correction,no,no position with disagreeing pairs
mayo,compute_rhs,loadStoreSkip/compute_rhs_line110_mem,ineffective_paired_result.txt,ineffective,no,no position with disagreeing pairs
mayo,compute_rhs,loadStoreSkip/compute_rhs_line113_mem,correction_paired_result.txt,correction,no,no position with disagreeing pairs
mayo,compute_rhs,loadStoreSkip/compute_rhs_line113_mem,ineffective_paired_result.txt,ineffective,no,no position with disagreeing pairs
mayo,compute_rhs,loadStoreSkip/compute_rhs_line117_mem,correction_paired_result.txt,correction,no,no position with disagreeing pairs
mayo,compute_rhs,loadStoreSkip/compute_rhs_line117_mem,ineffective_paired_result.txt,ineffective,no,no position with disagreeing pairs
mayo,compute_rhs,loadStoreSkip/compute_rhs_line120_mem,correction_paired_result.txt,correction,no,no position with disagreeing pairs
mayo,compute_rhs,loadStoreSkip/compute_rhs_line120_mem,ineffective_paired_result.txt,ineffective,no,no position with disagreeing pairs
mayo,compute_rhs,loadStoreSkip/compute_rhs_line123_mem,correction_paired_result.txt,correction,no,no position with disagreeing pairs
mayo,compute_rhs,loadStoreSkip/compute_rhs_line123_mem,ineffective_paired_result.txt,ineffective,no,no position with disagreeing pairs
mayo,compute_rhs,loadStoreSkip/compute_rhs_line128_mem,correction_paired_result.txt,correction,no,no position with disagreeing pairs
mayo,compute_rhs,loadStoreSkip/compute_rhs_line128_mem,ineffective_paired_result.txt,ineffective,no,no position with disagreeing pairs
mayo,compute_rhs,loadStoreSkip/compute_rhs_line24_mem,correction_paired_result.txt,correction,no,no position with disagreeing pairs
mayo,compute_rhs,loadStoreSkip/compute_rhs_line24_mem,ineffective_paired_result.txt,ineffective,no,no position with disagreeing pairs
mayo,compute_rhs,loadStoreSkip/compute_rhs_line29_mem,correction_paired_result.txt,correction,no,no position with disagreeing pairs
mayo,compute_rhs,loadStoreSkip/compute_rhs_line29_mem,ineffective_paired_result.txt,ineffective,no,no position with disagreeing pairs
mayo,compute_rhs,loadStoreSkip/compute_rhs_line37_mem,correction_paired_result.txt,correction,no,no position with disagreeing pairs
mayo,compute_rhs,loadStoreSkip/compute_rhs_line37_mem,ineffective_paired_result.txt,ineffective,no,no position with disagreeing pairs
mayo,compute_rhs,loadStoreSkip/compute_rhs_line41_mem,correction_paired_result.txt,correction,no,no position with disagreeing pairs
mayo,compute_rhs,loadStoreSkip/compute_rhs_line41_mem,ineffective_paired_result.txt,ineffective,no,no position with disagreeing pairs
mayo,compute_rhs,loadStoreSkip/compute_rhs_line43_mem,correction_paired_result.txt,correction,no,no position with disagreeing pairs
mayo,compute_rhs,loadStoreSkip/compute_rhs_line43_mem,ineffective_paired_result.txt,ineffective,no,no position with disagreeing pairs
mayo,compute_rhs,loadStoreSkip/compute_rhs_line45_mem,correction_paired_result.txt,correction,no,no position with disagreeing pairs
mayo,compute_rhs,loadStoreSkip/compute_rhs_line45_mem,ineffective_paired_result.txt,ineffective,no,no position with disagreeing pairs
mayo,compute_rhs,loadStoreSkip/compute_rhs_line47_mem,correction_paired_result.txt,correction,no,no position with disagreeing pairs
mayo,compute_rhs,loadStoreSkip/compute_rhs_line47_mem,ineffective_paired_result.txt,ineffective,no,no position with disagreeing pairs
mayo,compute_rhs,loadStoreSkip/compute_rhs_line62_mem,correction_paired_result.txt,correction,no,no position with disagreeing pairs
mayo,compute_rhs,loadStoreSkip/compute_rhs_line62_mem,ineffective_paired_result.txt,ineffective,no,no position with disagreeing pairs
mayo,compute_rhs,loadStoreSkip/compute_rhs_line64_mem,correction_paired_result.txt,correction,no,no position with disagreeing pairs
mayo,compute_rhs,loadStoreSkip/compute_rhs_line64_mem,ineffective_paired_result.txt,ineffective,no,no position with disagreeing pairs
mayo,compute_rhs,loadStoreSkip/compute_rhs_line72_mem,correction_paired_result.txt,correction,no,no position with disagreeing pairs
mayo,compute_rhs,loadStoreSkip/compute_rhs_line72_mem,ineffective_paired_result.txt,ineffective,no,no position with disagreeing pairs
mayo,compute_rhs,loadStoreSkip/compute_rhs_line74_mem,correction_paired_result.txt,correction,no,no position with disagreeing pairs
mayo,compute_rhs,loadStoreSkip/compute_rhs_line74_mem,ineffective_paired_result.txt,ineffective,no,no position with disagreeing pairs
mayo,compute_rhs,loadStoreSkip/compute_rhs_line86_mem,correction_paired_result.txt,correction,no,no position with disagreeing pairs
mayo,compute_rhs,loadStoreSkip/compute_rhs_line86_mem,ineffective_paired_result.txt,ineffective,no,no position with disagreeing pairs
mayo,compute_rhs,loadStoreSkip/compute_rhs_line8_mem,correction_paired_result.txt,correction,no,no position with disagreeing pairs
mayo,compute_rhs,loadStoreSkip/compute_rhs_line8_mem,ineffective_paired_result.txt,ineffective,no,no position with disagreeing pairs
mayo,compute_rhs,loadStoreSkip/compute_rhs_line93_mem,correction_paired_result.txt,correction,no,no position with disagreeing pairs
mayo,compute_rhs,loadStoreSkip/compute_rhs_line93_mem,ineffective_paired_result.txt,ineffective,no,no position with disagreeing pairs
mayo,compute_rhs,loadStoreSkip/compute_rhs_line97_mem,correction_paired_result.txt,correction,no,no position with disagreeing pairs
mayo,compute_rhs,loadStoreSkip/compute_rhs_line97_mem,ineffective_paired_result.txt,ineffective,no,no position with disagreeing pairs
mayo,compute_rhs,loadStoreSkip/compute_rhs_line99_mem,correction_paired_result.txt,correction,no,no position with disagreeing pairs
mayo,compute_rhs,loadStoreSkip/compute_rhs_line99_mem,ineffective_paired_result.txt,ineffective,no,no position with disagreeing pairs
mayo,compute_rhs,loopOrFuncSkip/compute_rhs_fnSkip_mayo_memset_line13,correction_paired_result.txt,correction,no,no position with disagreeing pairs
mayo,compute_rhs,loopOrFuncSkip/compute_rhs_fnSkip_mayo_memset_line13,ineffective_paired_result.txt,ineffective,no,no position with disagreeing pairs
mayo,compute_rhs,loopOrFuncSkip/compute_rhs_fnSkip_mul_f_line59,correction_paired_result.txt,correction,no,no position with disagreeing pairs
mayo,compute_rhs,loopOrFuncSkip/compute_rhs_fnSkip_mul_f_line59,ineffective_paired_result.txt,ineffective,no,no position with disagreeing pairs
mayo,compute_rhs,loopOrFuncSkip/compute_rhs_fnSkip_mul_f_line68,correction_paired_result.txt,correction,no,no position with disagreeing pairs
mayo,compute_rhs,loopOrFuncSkip/compute_rhs_fnSkip_mul_f_line68,ineffective_paired_result.txt,ineffective,no,no position with disagreeing pairs
mayo,decode,loadStoreSkip/decode_line10_mem,correction_paired_result.txt,correction,yes,pos 0: 240/240 pairs disagree
mayo,decode,loadStoreSkip/decode_line10_mem,ineffective_paired_result.txt,ineffective,yes,pos 0: 30/240 pairs disagree
mayo,decode,loadStoreSkip/decode_line14_mem,correction_paired_result.txt,correction,no,no position with disagreeing pairs
mayo,decode,loadStoreSkip/decode_line14_mem,ineffective_paired_result.txt,ineffective,no,no position with disagreeing pairs
mayo,decode,loadStoreSkip/decode_line26_mem,correction_paired_result.txt,correction,no,no position with disagreeing pairs
mayo,decode,loadStoreSkip/decode_line26_mem,ineffective_paired_result.txt,ineffective,no,no position with disagreeing pairs
mayo,ef_pack_m_vec,binOpFault/ef_pack_m_vec_line10_opA,correction_paired_result.txt,correction,no,no position with disagreeing pairs
mayo,ef_pack_m_vec,binOpFault/ef_pack_m_vec_line10_opA,ineffective_paired_result.txt,ineffective,yes,pos 0: 56/240 pairs disagree
mayo,ef_pack_m_vec,binOpFault/ef_pack_m_vec_line10_opB,correction_paired_result.txt,correction,no,no position with disagreeing pairs
mayo,ef_pack_m_vec,binOpFault/ef_pack_m_vec_line10_opB,ineffective_paired_result.txt,ineffective,no,no position with disagreeing pairs
mayo,ef_pack_m_vec,binOpFault/ef_pack_m_vec_line10_undef,correction_paired_result.txt,correction,no,no position with disagreeing pairs
mayo,ef_pack_m_vec,binOpFault/ef_pack_m_vec_line10_undef,ineffective_paired_result.txt,ineffective,yes,pos 0: 30/240 pairs disagree
mayo,ef_pack_m_vec,binOpFault/ef_pack_m_vec_line10_zero,correction_paired_result.txt,correction,no,no position with disagreeing pairs
mayo,ef_pack_m_vec,binOpFault/ef_pack_m_vec_line10_zero,ineffective_paired_result.txt,ineffective,no,no position with disagreeing pairs
mayo,ef_pack_m_vec,binOpFault/ef_pack_m_vec_line11_opA,correction_paired_result.txt,correction,yes,pos 0: 15/16 secret values with y1 = y2 xor alpha
mayo,ef_pack_m_vec,binOpFault/ef_pack_m_vec_line11_opA,ineffective_paired_result.txt,ineffective,yes,pos 0: 30/240 pairs disagree
mayo,ef_pack_m_vec,binOpFault/ef_pack_m_vec_line11_opB,correction_paired_result.txt,correction,no,no position with disagreeing pairs
mayo,ef_pack_m_vec,binOpFault/ef_pack_m_vec_line11_opB,ineffective_paired_result.txt,ineffective,no,no position with disagreeing pairs
mayo,ef_pack_m_vec,binOpFault/ef_pack_m_vec_line11_undef,correction_paired_result.txt,correction,no,no position with disagreeing pairs
mayo,ef_pack_m_vec,binOpFault/ef_pack_m_vec_line11_undef,ineffective_paired_result.txt,ineffective,yes,pos 0: 30/240 pairs disagree
mayo,ef_pack_m_vec,binOpFault/ef_pack_m_vec_line11_zero,correction_paired_result.txt,correction,no,no position with disagreeing pairs
mayo,ef_pack_m_vec,binOpFault/ef_pack_m_vec_line11_zero,ineffective_paired_result.txt,ineffective,yes,pos 0: 30/240 pairs disagree
mayo,ef_pack_m_vec,loadStoreSkip/ef_pack_m_vec_line14_mem,correction_paired_result.txt,correction,no,no position with disagreeing pairs
mayo,ef_pack_m_vec,loadStoreSkip/ef_pack_m_vec_line14_mem,ineffective_paired_result.txt,ineffective,yes,pos 0: 30/240 pairs disagree
mayo,ef_pack_m_vec,loadStoreSkip/ef_pack_m_vec_line22_mem,correction_paired_result.txt,correction,no,no position with disagreeing pairs
mayo,ef_pack_m_vec,loadStoreSkip/ef_pack_m_vec_line22_mem,ineffective_paired_result.txt,ineffective,no,no position with disagreeing pairs
mayo,ef_pack_m_vec,loadStoreSkip/ef_pack_m_vec_line25_mem,correction_paired_result.txt,correction,no,no position with disagreeing pairs
mayo,ef_pack_m_vec,loadStoreSkip/ef_pack_m_vec_line25_mem,ineffective_paired_result.txt,ineffective,no,no position with disagreeing pairs
mayo,ef_pack_m_vec,loadStoreSkip/ef_pack_m_vec_line6_mem,correction_paired_result.txt,correction,yes,pos 0: 15/16 secret values with y1 = y2 xor alpha
mayo,ef_pack_m_vec,loadStoreSkip/ef_pack_m_vec_line6_mem,ineffective_paired_result.txt,ineffective,yes,pos 0: 30/240 pairs disagree
mayo,ef_pack_m_vec,loadStoreSkip/ef_pack_m_vec_line9_mem,correction_paired_result.txt,correction,no,no position with disagreeing pairs
mayo,ef_pack_m_vec,loadStoreSkip/ef_pack_m_vec_line9_mem,ineffective_paired_result.txt,ineffective,no,no position with disagreeing pairs
mayo,inverse_f,loopOrFuncSkip/inverse_f_fnSkip_mul_f.23_line0,correction_paired_result.txt,correction,yes,pos 0: 14/16 secret values with y1 = y2 xor alpha
mayo,inverse_f,loopOrFuncSkip/inverse_f_fnSkip_mul_f.23_line0,ineffective_paired_result.txt,ineffective,yes,pos 0: 56/240 pairs disagree
mayo,inverse_f,loopOrFuncSkip/inverse_f_fnSkip_mul_f.23_line1,correction_paired_result.txt,correction,yes,pos 0: 12/16 secret values with y1 = y2 xor alpha
mayo,inverse_f,loopOrFuncSkip/inverse_f_fnSkip_mul_f.23_line1,ineffective_paired_result.txt,ineffective,yes,pos 0: 96/240 pairs disagree
mayo,inverse_f,loopOrFuncSkip/inverse_f_fnSkip_mul_f.23_line2,correction_paired_result.txt,correction,yes,pos 0: 14/16 secret values with y1 = y2 xor alpha
mayo,inverse_f,loopOrFuncSkip/inverse_f_fnSkip_mul_f.23_line2,ineffective_paired_result.txt,ineffective,yes,pos 0: 56/240 pairs disagree
mayo,inverse_f,loopOrFuncSkip/inverse_f_fnSkip_mul_f.23_line3,correction_paired_result.txt,correction,yes,pos 0: 14/16 secret values with y1 = y2 xor alpha
mayo,inverse_f,loopOrFuncSkip/inverse_f_fnSkip_mul_f.23_line3,ineffective_paired_result.txt,ineffective,yes,pos 0: 56/240 pairs disagree
mayo,inverse_f,loopOrFuncSkip/inverse_f_fnSkip_mul_f.23_line4,correction_paired_result.txt,correction,yes,pos 0: 12/16 secret values with y1 = y2 xor alpha
mayo,inverse_f,loopOrFuncSkip/inverse_f_fnSkip_mul_f.23_line4,ineffective_paired_result.txt,ineffective,yes,pos 0: 96/240 pairs disagree
mayo,lincomb,loadStoreSkip/lincomb_line7_mem,correction_paired_result.txt,correction,no,no position with disagreeing pairs
mayo,lincomb,loadStoreSkip/lincomb_line7_mem,ineffective_paired_result.txt,ineffective,yes,pos 0: 30/240 pairs disagree
mayo,lincomb,loadStoreSkip/lincomb_line8_mem,correction_paired_result.txt,correction,no,no position with disagreeing pairs
mayo,lincomb,loadStoreSkip/lincomb_line8_mem,ineffective_paired_result.txt,ineffective,yes,pos 0: 30/240 pairs disagree
mayo,lincomb,loopOrFuncSkip/lincomb_fnSkip_add_f_line10,correction_paired_result.txt,correction,no,no position with disagreeing pairs
mayo,lincomb,loopOrFuncSkip/lincomb_fnSkip_add_f_line10,ineffective_paired_result.txt,ineffective,no,no position with disagreeing pairs
mayo,lincomb,loopOrFuncSkip/lincomb_fnSkip_mul_f_line9,correction_paired_result.txt,correction,no,no position with disagreeing pairs
mayo,lincomb,loopOrFuncSkip/lincomb_fnSkip_mul_f_line9,ineffective_paired_result.txt,ineffective,yes,pos 0: 30/240 pairs disagree
mayo,m_calculate_PS_SPS,loopOrFuncSkip/m_calculate_PS_SPS_fnSkip_mayo_generic_m_calculate_PS_line2,correction_paired_result.txt,correction,yes,pos 238: 1/16 secret values with y1 = y2 xor alpha (+1 more position(s))
mayo,m_calculate_PS_SPS,loopOrFuncSkip/m_calculate_PS_SPS_fnSkip_mayo_generic_m_calculate_PS_line2,ineffective_paired_result.txt,ineffective,yes,pos 0: 56/240 pairs disagree (+400 more position(s))
mayo,m_calculate_PS_SPS,loopOrFuncSkip/m_calculate_PS_SPS_fnSkip_mayo_generic_m_calculate_SPS_line3,correction_paired_result.txt,correction,yes,pos 238: 1/16 secret values with y1 = y2 xor alpha (+1 more position(s))
mayo,m_calculate_PS_SPS,loopOrFuncSkip/m_calculate_PS_SPS_fnSkip_mayo_generic_m_calculate_SPS_line3,ineffective_paired_result.txt,ineffective,yes,pos 0: 56/240 pairs disagree (+400 more position(s))
mayo,m_calculate_PS_SPS,loopOrFuncSkip/m_calculate_PS_SPS_fnSkip_mayo_memset_line1,correction_paired_result.txt,correction,no,no position with disagreeing pairs
mayo,m_calculate_PS_SPS,loopOrFuncSkip/m_calculate_PS_SPS_fnSkip_mayo_memset_line1,ineffective_paired_result.txt,ineffective,no,no position with disagreeing pairs
mayo,m_vec_add,binOpFault/m_vec_add_line8_opA,correction_paired_result.txt,correction,yes,pos 0: 15/16 secret values with y1 = y2 xor alpha
mayo,m_vec_add,binOpFault/m_vec_add_line8_opA,ineffective_paired_result.txt,ineffective,yes,pos 0: 30/240 pairs disagree
mayo,m_vec_add,binOpFault/m_vec_add_line8_opB,correction_paired_result.txt,correction,no,no position with disagreeing pairs
mayo,m_vec_add,binOpFault/m_vec_add_line8_opB,ineffective_paired_result.txt,ineffective,no,no position with disagreeing pairs
mayo,m_vec_add,binOpFault/m_vec_add_line8_undef,correction_paired_result.txt,correction,yes,pos 0: 15/16 secret values with y1 = y2 xor alpha
mayo,m_vec_add,binOpFault/m_vec_add_line8_undef,ineffective_paired_result.txt,ineffective,yes,pos 0: 30/240 pairs disagree
mayo,m_vec_add,binOpFault/m_vec_add_line8_zero,correction_paired_result.txt,correction,yes,pos 0: 15/16 secret values with y1 = y2 xor alpha
mayo,m_vec_add,binOpFault/m_vec_add_line8_zero,ineffective_paired_result.txt,ineffective,yes,pos 0: 30/240 pairs disagree
mayo,m_vec_add,loadStoreSkip/m_vec_add_line5_mem,correction_paired_result.txt,correction,yes,pos 0: 15/16 secret values with y1 = y2 xor alpha
mayo,m_vec_add,loadStoreSkip/m_vec_add_line5_mem,ineffective_paired_result.txt,ineffective,yes,pos 0: 30/240 pairs disagree
mayo,m_vec_add,loadStoreSkip/m_vec_add_line7_mem,correction_paired_result.txt,correction,no,no position with disagreeing pairs
mayo,m_vec_add,loadStoreSkip/m_vec_add_line7_mem,ineffective_paired_result.txt,ineffective,no,no position with disagreeing pairs
mayo,m_vec_add,loadStoreSkip/m_vec_add_line9_mem,correction_paired_result.txt,correction,no,no position with disagreeing pairs
mayo,m_vec_add,loadStoreSkip/m_vec_add_line9_mem,ineffective_paired_result.txt,ineffective,no,no position with disagreeing pairs
mayo,m_vec_mul_add,binOpFault/m_vec_mul_add_line10_opA,correction_paired_result.txt,correction,no,no position with disagreeing pairs
mayo,m_vec_mul_add,binOpFault/m_vec_mul_add_line10_opA,ineffective_paired_result.txt,ineffective,yes,pos 0: 128/240 pairs disagree
mayo,m_vec_mul_add,binOpFault/m_vec_mul_add_line10_opB,correction_paired_result.txt,correction,no,no position with disagreeing pairs
mayo,m_vec_mul_add,binOpFault/m_vec_mul_add_line10_opB,ineffective_paired_result.txt,ineffective,yes,pos 0: 128/240 pairs disagree
mayo,m_vec_mul_add,binOpFault/m_vec_mul_add_line10_undef,correction_paired_result.txt,correction,no,no position with disagreeing pairs
mayo,m_vec_mul_add,binOpFault/m_vec_mul_add_line10_undef,ineffective_paired_result.txt,ineffective,yes,pos 0: 30/240 pairs disagree
mayo,m_vec_mul_add,binOpFault/m_vec_mul_add_line10_zero,correction_paired_result.txt,correction,no,no position with disagreeing pairs
mayo,m_vec_mul_add,binOpFault/m_vec_mul_add_line10_zero,ineffective_paired_result.txt,ineffective,yes,pos 0: 128/240 pairs disagree
mayo,m_vec_mul_add,binOpFault/m_vec_mul_add_line13_opA,correction_paired_result.txt,correction,no,no position with disagreeing pairs
mayo,m_vec_mul_add,binOpFault/m_vec_mul_add_line13_opA,ineffective_paired_result.txt,ineffective,yes,pos 0: 128/240 pairs disagree
mayo,m_vec_mul_add,binOpFault/m_vec_mul_add_line13_opB,correction_paired_result.txt,correction,no,no position with disagreeing pairs
mayo,m_vec_mul_add,binOpFault/m_vec_mul_add_line13_opB,ineffective_paired_result.txt,ineffective,yes,pos 0: 128/240 pairs disagree
mayo,m_vec_mul_add,binOpFault/m_vec_mul_add_line13_undef,correction_paired_result.txt,correction,no,no position with disagreeing pairs
mayo,m_vec_mul_add,binOpFault/m_vec_mul_add_line13_undef,ineffective_paired_result.txt,ineffective,yes,pos 0: 128/240 pairs disagree
mayo,m_vec_mul_add,binOpFault/m_vec_mul_add_line13_zero,correction_paired_result.txt,correction,no,no position with disagreeing pairs
mayo,m_vec_mul_add,binOpFault/m_vec_mul_add_line13_zero,ineffective_paired_result.txt,ineffective,yes,pos 0: 128/240 pairs disagree
mayo,m_vec_mul_add,binOpFault/m_vec_mul_add_line14_opA,correction_paired_result.txt,correction,no,no position with disagreeing pairs
mayo,m_vec_mul_add,binOpFault/m_vec_mul_add_line14_opA,ineffective_paired_result.txt,ineffective,yes,pos 0: 128/240 pairs disagree
mayo,m_vec_mul_add,binOpFault/m_vec_mul_add_line14_opB,correction_paired_result.txt,correction,no,no position with disagreeing pairs
mayo,m_vec_mul_add,binOpFault/m_vec_mul_add_line14_opB,ineffective_paired_result.txt,ineffective,yes,pos 0: 128/240 pairs disagree
mayo,m_vec_mul_add,binOpFault/m_vec_mul_add_line14_undef,correction_paired_result.txt,correction,no,no position with disagreeing pairs
mayo,m_vec_mul_add,binOpFault/m_vec_mul_add_line14_undef,ineffective_paired_result.txt,ineffective,yes,pos 0: 128/240 pairs disagree
mayo,m_vec_mul_add,binOpFault/m_vec_mul_add_line14_zero,correction_paired_result.txt,correction,no,no position with disagreeing pairs
mayo,m_vec_mul_add,binOpFault/m_vec_mul_add_line14_zero,ineffective_paired_result.txt,ineffective,yes,pos 0: 128/240 pairs disagree
mayo,m_vec_mul_add,binOpFault/m_vec_mul_add_line16_opA,correction_paired_result.txt,correction,no,no position with disagreeing pairs
mayo,m_vec_mul_add,binOpFault/m_vec_mul_add_line16_opA,ineffective_paired_result.txt,ineffective,yes,pos 0: 128/240 pairs disagree
mayo,m_vec_mul_add,binOpFault/m_vec_mul_add_line16_opB,correction_paired_result.txt,correction,no,no position with disagreeing pairs
mayo,m_vec_mul_add,binOpFault/m_vec_mul_add_line16_opB,ineffective_paired_result.txt,ineffective,yes,pos 0: 128/240 pairs disagree
mayo,m_vec_mul_add,binOpFault/m_vec_mul_add_line16_undef,correction_paired_result.txt,correction,no,no position with disagreeing pairs
mayo,m_vec_mul_add,binOpFault/m_vec_mul_add_line16_undef,ineffective_paired_result.txt,ineffective,yes,pos 0: 30/240 pairs disagree
mayo,m_vec_mul_add,binOpFault/m_vec_mul_add_line16_zero,correction_paired_result.txt,correction,no,no position with disagreeing pairs
mayo,m_vec_mul_add,binOpFault/m_vec_mul_add_line16_zero,ineffective_paired_result.txt,ineffective,yes,pos 0: 128/240 pairs disagree
mayo,m_vec_mul_add,binOpFault/m_vec_mul_add_line17_opA,correction_paired_result.txt,correction,no,no position with disagreeing pairs
mayo,m_vec_mul_add,binOpFault/m_vec_mul_add_line17_opA,ineffective_paired_result.txt,ineffective,yes,pos 0: 128/240 pairs disagree
mayo,m_vec_mul_add,binOpFault/m_vec_mul_add_line17_opB,correction_paired_result.txt,correction,no,no position with disagreeing pairs
mayo,m_vec_mul_add,binOpFault/m_vec_mul_add_line17_opB,ineffective_paired_result.txt,ineffective,yes,pos 0: 128/240 pairs disagree
mayo,m_vec_mul_add,binOpFault/m_vec_mul_add_line17_undef,correction_paired_result.txt,correction,no,no position with disagreeing pairs
mayo,m_vec_mul_add,binOpFault/m_vec_mul_add_line17_undef,ineffective_paired_result.txt,ineffective,yes,pos 0: 30/240 pairs disagree
mayo,m_vec_mul_add,binOpFault/m_vec_mul_add_line17_zero,correction_paired_result.txt,correction,no,no position with disagreeing pairs
mayo,m_vec_mul_add,binOpFault/m_vec_mul_add_line17_zero,ineffective_paired_result.txt,ineffective,yes,pos 0: 96/240 pairs disagree
mayo,m_vec_mul_add,binOpFault/m_vec_mul_add_line22_opA,correction_paired_result.txt,correction,no,no position with disagreeing pairs
mayo,m_vec_mul_add,binOpFault/m_vec_mul_add_line22_opA,ineffective_paired_result.txt,ineffective,yes,pos 0: 128/240 pairs disagree
mayo,m_vec_mul_add,binOpFault/m_vec_mul_add_line22_opB,correction_paired_result.txt,correction,no,no position with disagreeing pairs
mayo,m_vec_mul_add,binOpFault/m_vec_mul_add_line22_opB,ineffective_paired_result.txt,ineffective,yes,pos 0: 128/240 pairs disagree
mayo,m_vec_mul_add,binOpFault/m_vec_mul_add_line22_undef,correction_paired_result.txt,correction,no,no position with disagreeing pairs
mayo,m_vec_mul_add,binOpFault/m_vec_mul_add_line22_undef,ineffective_paired_result.txt,ineffective,yes,pos 0: 128/240 pairs disagree
mayo,m_vec_mul_add,binOpFault/m_vec_mul_add_line22_zero,correction_paired_result.txt,correction,no,no position with disagreeing pairs
mayo,m_vec_mul_add,binOpFault/m_vec_mul_add_line22_zero,ineffective_paired_result.txt,ineffective,yes,pos 0: 128/240 pairs disagree
mayo,m_vec_mul_add,binOpFault/m_vec_mul_add_line23_opA,correction_paired_result.txt,correction,no,no position with disagreeing pairs
mayo,m_vec_mul_add,binOpFault/m_vec_mul_add_line23_opA,ineffective_paired_result.txt,ineffective,yes,pos 0: 128/240 pairs disagree
mayo,m_vec_mul_add,binOpFault/m_vec_mul_add_line23_opB,correction_paired_result.txt,correction,no,no position with disagreeing pairs
mayo,m_vec_mul_add,binOpFault/m_vec_mul_add_line23_opB,ineffective_paired_result.txt,ineffective,yes,pos 0: 128/240 pairs disagree
mayo,m_vec_mul_add,binOpFault/m_vec_mul_add_line23_undef,correction_paired_result.txt,correction,no,no position with disagreeing pairs
mayo,m_vec_mul_add,binOpFault/m_vec_mul_add_line23_undef,ineffective_paired_result.txt,ineffective,yes,pos 0: 128/240 pairs disagree
mayo,m_vec_mul_add,binOpFault/m_vec_mul_add_line23_zero,correction_paired_result.txt,correction,no,no position with disagreeing pairs
mayo,m_vec_mul_add,binOpFault/m_vec_mul_add_line23_zero,ineffective_paired_result.txt,ineffective,yes,pos 0: 128/240 pairs disagree
mayo,m_vec_mul_add,binOpFault/m_vec_mul_add_line25_opA,correction_paired_result.txt,correction,no,no position with disagreeing pairs
mayo,m_vec_mul_add,binOpFault/m_vec_mul_add_line25_opA,ineffective_paired_result.txt,ineffective,yes,pos 0: 128/240 pairs disagree
mayo,m_vec_mul_add,binOpFault/m_vec_mul_add_line25_opB,correction_paired_result.txt,correction,no,no position with disagreeing pairs
mayo,m_vec_mul_add,binOpFault/m_vec_mul_add_line25_opB,ineffective_paired_result.txt,ineffective,yes,pos 0: 128/240 pairs disagree
mayo,m_vec_mul_add,binOpFault/m_vec_mul_add_line25_undef,correction_paired_result.txt,correction,no,no position with disagreeing pairs
mayo,m_vec_mul_add,binOpFault/m_vec_mul_add_line25_undef,ineffective_paired_result.txt,ineffective,yes,pos 0: 30/240 pairs disagree
mayo,m_vec_mul_add,binOpFault/m_vec_mul_add_line25_zero,correction_paired_result.txt,correction,no,no position with disagreeing pairs
mayo,m_vec_mul_add,binOpFault/m_vec_mul_add_line25_zero,ineffective_paired_result.txt,ineffective,yes,pos 0: 128/240 pairs disagree
mayo,m_vec_mul_add,binOpFault/m_vec_mul_add_line26_opA,correction_paired_result.txt,correction,no,no position with disagreeing pairs
mayo,m_vec_mul_add,binOpFault/m_vec_mul_add_line26_opA,ineffective_paired_result.txt,ineffective,yes,pos 0: 128/240 pairs disagree
mayo,m_vec_mul_add,binOpFault/m_vec_mul_add_line26_opB,correction_paired_result.txt,correction,no,no position with disagreeing pairs
mayo,m_vec_mul_add,binOpFault/m_vec_mul_add_line26_opB,ineffective_paired_result.txt,ineffective,yes,pos 0: 96/240 pairs disagree
mayo,m_vec_mul_add,binOpFault/m_vec_mul_add_line26_undef,correction_paired_result.txt,correction,no,no position with disagreeing pairs
mayo,m_vec_mul_add,binOpFault/m_vec_mul_add_line26_undef,ineffective_paired_result.txt,ineffective,yes,pos 0: 30/240 pairs disagree
mayo,m_vec_mul_add,binOpFault/m_vec_mul_add_line26_zero,correction_paired_result.txt,correction,no,no position with disagreeing pairs
mayo,m_vec_mul_add,binOpFault/m_vec_mul_add_line26_zero,ineffective_paired_result.txt,ineffective,yes,pos 0: 56/240 pairs disagree
mayo,m_vec_mul_add,binOpFault/m_vec_mul_add_line31_opA,correction_paired_result.txt,correction,no,no position with disagreeing pairs
mayo,m_vec_mul_add,binOpFault/m_vec_mul_add_line31_opA,ineffective_paired_result.txt,ineffective,yes,pos 0: 128/240 pairs disagree
mayo,m_vec_mul_add,binOpFault/m_vec_mul_add_line31_opB,correction_paired_result.txt,correction,no,no position with disagreeing pairs
mayo,m_vec_mul_add,binOpFault/m_vec_mul_add_line31_opB,ineffective_paired_result.txt,ineffective,yes,pos 0: 128/240 pairs disagree
mayo,m_vec_mul_add,binOpFault/m_vec_mul_add_line31_undef,correction_paired_result.txt,correction,no,no position with disagreeing pairs
mayo,m_vec_mul_add,binOpFault/m_vec_mul_add_line31_undef,ineffective_paired_result.txt,ineffective,yes,pos 0: 128/240 pairs disagree
mayo,m_vec_mul_add,binOpFault/m_vec_mul_add_line31_zero,correction_paired_result.txt,correction,no,no position with disagreeing pairs
mayo,m_vec_mul_add,binOpFault/m_vec_mul_add_line31_zero,ineffective_paired_result.txt,ineffective,yes,pos 0: 128/240 pairs disagree
mayo,m_vec_mul_add,binOpFault/m_vec_mul_add_line32_opA,correction_paired_result.txt,correction,no,no position with disagreeing pairs
mayo,m_vec_mul_add,binOpFault/m_vec_mul_add_line32_opA,ineffective_paired_result.txt,ineffective,yes,pos 0: 128/240 pairs disagree
mayo,m_vec_mul_add,binOpFault/m_vec_mul_add_line32_opB,correction_paired_result.txt,correction,no,no position with disagreeing pairs
mayo,m_vec_mul_add,binOpFault/m_vec_mul_add_line32_opB,ineffective_paired_result.txt,ineffective,yes,pos 0: 128/240 pairs disagree
mayo,m_vec_mul_add,binOpFault/m_vec_mul_add_line32_undef,correction_paired_result.txt,correction,no,no position with disagreeing pairs
mayo,m_vec_mul_add,binOpFault/m_vec_mul_add_line32_undef,ineffective_paired_result.txt,ineffective,yes,pos 0: 128/240 pairs disagree
mayo,m_vec_mul_add,binOpFault/m_vec_mul_add_line32_zero,correction_paired_result.txt,correction,no,no position with disagreeing pairs
mayo,m_vec_mul_add,binOpFault/m_vec_mul_add_line32_zero,ineffective_paired_result.txt,ineffective,yes,pos 0: 128/240 pairs disagree
mayo,m_vec_mul_add,binOpFault/m_vec_mul_add_line34_opA,correction_paired_result.txt,correction,no,no position with disagreeing pairs
mayo,m_vec_mul_add,binOpFault/m_vec_mul_add_line34_opA,ineffective_paired_result.txt,ineffective,yes,pos 0: 128/240 pairs disagree
mayo,m_vec_mul_add,binOpFault/m_vec_mul_add_line34_opB,correction_paired_result.txt,correction,no,no position with disagreeing pairs
mayo,m_vec_mul_add,binOpFault/m_vec_mul_add_line34_opB,ineffective_paired_result.txt,ineffective,yes,pos 0: 128/240 pairs disagree
mayo,m_vec_mul_add,binOpFault/m_vec_mul_add_line34_undef,correction_paired_result.txt,correction,no,no position with disagreeing pairs
mayo,m_vec_mul_add,binOpFault/m_vec_mul_add_line34_undef,ineffective_paired_result.txt,ineffective,yes,pos 0: 30/240 pairs disagree
mayo,m_vec_mul_add,binOpFault/m_vec_mul_add_line34_zero,correction_paired_result.txt,correction,no,no position with disagreeing pairs
mayo,m_vec_mul_add,binOpFault/m_vec_mul_add_line34_zero,ineffective_paired_result.txt,ineffective,yes,pos 0: 128/240 pairs disagree
mayo,m_vec_mul_add,binOpFault/m_vec_mul_add_line35_opA,correction_paired_result.txt,correction,no,no position with disagreeing pairs
mayo,m_vec_mul_add,binOpFault/m_vec_mul_add_line35_opA,ineffective_paired_result.txt,ineffective,yes,pos 0: 128/240 pairs disagree
mayo,m_vec_mul_add,binOpFault/m_vec_mul_add_line35_opB,correction_paired_result.txt,correction,no,no position with disagreeing pairs
mayo,m_vec_mul_add,binOpFault/m_vec_mul_add_line35_opB,ineffective_paired_result.txt,ineffective,yes,pos 0: 56/240 pairs disagree
mayo,m_vec_mul_add,binOpFault/m_vec_mul_add_line35_undef,correction_paired_result.txt,correction,no,no position with disagreeing pairs
mayo,m_vec_mul_add,binOpFault/m_vec_mul_add_line35_undef,ineffective_paired_result.txt,ineffective,yes,pos 0: 30/240 pairs disagree
mayo,m_vec_mul_add,binOpFault/m_vec_mul_add_line35_zero,correction_paired_result.txt,correction,no,no position with disagreeing pairs
mayo,m_vec_mul_add,binOpFault/m_vec_mul_add_line35_zero,ineffective_paired_result.txt,ineffective,yes,pos 0: 30/240 pairs disagree
mayo,m_vec_mul_add,binOpFault/m_vec_mul_add_line38_opA,correction_paired_result.txt,correction,no,no position with disagreeing pairs
mayo,m_vec_mul_add,binOpFault/m_vec_mul_add_line38_opA,ineffective_paired_result.txt,ineffective,yes,pos 0: 30/240 pairs disagree
mayo,m_vec_mul_add,binOpFault/m_vec_mul_add_line38_opB,correction_paired_result.txt,correction,no,no position with disagreeing pairs
mayo,m_vec_mul_add,binOpFault/m_vec_mul_add_line38_opB,ineffective_paired_result.txt,ineffective,no,no position with disagreeing pairs
mayo,m_vec_mul_add,binOpFault/m_vec_mul_add_line38_undef,correction_paired_result.txt,correction,no,no position with disagreeing pairs
mayo,m_vec_mul_add,binOpFault/m_vec_mul_add_line38_undef,ineffective_paired_result.txt,ineffective,yes,pos 0: 30/240 pairs disagree
mayo,m_vec_mul_add,binOpFault/m_vec_mul_add_line38_zero,correction_paired_result.txt,correction,no,no position with disagreeing pairs
mayo,m_vec_mul_add,binOpFault/m_vec_mul_add_line38_zero,ineffective_paired_result.txt,ineffective,yes,pos 0: 30/240 pairs disagree
mayo,m_vec_mul_add,binOpFault/m_vec_mul_add_line8_opA,correction_paired_result.txt,correction,no,no position with disagreeing pairs
mayo,m_vec_mul_add,binOpFault/m_vec_mul_add_line8_opA,ineffective_paired_result.txt,ineffective,yes,pos 0: 128/240 pairs disagree
mayo,m_vec_mul_add,binOpFault/m_vec_mul_add_line8_opB,correction_paired_result.txt,correction,no,no position with disagreeing pairs
mayo,m_vec_mul_add,binOpFault/m_vec_mul_add_line8_opB,ineffective_paired_result.txt,ineffective,yes,pos 0: 128/240 pairs disagree
mayo,m_vec_mul_add,binOpFault/m_vec_mul_add_line8_undef,correction_paired_result.txt,correction,no,no position with disagreeing pairs
mayo,m_vec_mul_add,binOpFault/m_vec_mul_add_line8_undef,ineffective_paired_result.txt,ineffective,yes,pos 0: 128/240 pairs disagree
mayo,m_vec_mul_add,binOpFault/m_vec_mul_add_line8_zero,correction_paired_result.txt,correction,no,no position with disagreeing pairs
mayo,m_vec_mul_add,binOpFault/m_vec_mul_add_line8_zero,ineffective_paired_result.txt,ineffective,yes,pos 0: 128/240 pairs disagree
mayo,m_vec_mul_add,loadStoreSkip/m_vec_mul_add_line37_mem,correction_paired_result.txt,correction,no,no position with disagreeing pairs
mayo,m_vec_mul_add,loadStoreSkip/m_vec_mul_add_line37_mem,ineffective_paired_result.txt,ineffective,no,no position with disagreeing pairs
mayo,m_vec_mul_add,loadStoreSkip/m_vec_mul_add_line39_mem,correction_paired_result.txt,correction,no,no position with disagreeing pairs
mayo,m_vec_mul_add,loadStoreSkip/m_vec_mul_add_line39_mem,ineffective_paired_result.txt,ineffective,no,no position with disagreeing pairs
mayo,m_vec_mul_add,loopOrFuncSkip/m_vec_mul_add_fnSkip_mul_table_line0,correction_paired_result.txt,correction,no,no position with disagreeing pairs
mayo,m_vec_mul_add,loopOrFuncSkip/m_vec_mul_add_fnSkip_mul_table_line0,ineffective_paired_result.txt,ineffective,yes,pos 0: 30/240 pairs disagree
mayo,mat_add,loadStoreSkip/mat_add_line10_mem,correction_paired_result.txt,correction,no,no position with disagreeing pairs
mayo,mat_add,loadStoreSkip/mat_add_line10_mem,ineffective_paired_result.txt,ineffective,yes,pos 0: 30/240 pairs disagree
mayo,mat_add,loadStoreSkip/mat_add_line5_mem,correction_paired_result.txt,correction,no,no position with disagreeing pairs
mayo,mat_add,loadStoreSkip/mat_add_line5_mem,ineffective_paired_result.txt,ineffective,no,no position with disagreeing pairs
mayo,mat_add,loadStoreSkip/mat_add_line7_mem,correction_paired_result.txt,correction,yes,pos 0: 15/16 secret values with y1 = y2 xor alpha
mayo,mat_add,loadStoreSkip/mat_add_line7_mem,ineffective_paired_result.txt,ineffective,yes,pos 0: 30/240 pairs disagree
mayo,mat_add,loopOrFuncSkip/mat_add_fnSkip_add_f_line8,correction_paired_result.txt,correction,yes,pos 0: 15/16 secret values with y1 = y2 xor alpha
mayo,mat_add,loopOrFuncSkip/mat_add_fnSkip_add_f_line8,ineffective_paired_result.txt,ineffective,yes,pos 0: 30/240 pairs disagree
mayo,mat_mul,loadStoreSkip/mat_mul_line11_mem,correction_paired_result.txt,correction,no,no position with disagreeing pairs
mayo,mat_mul,loadStoreSkip/mat_mul_line11_mem,ineffective_paired_result.txt,ineffective,yes,pos 0: 30/240 pairs disagree
mayo,mat_mul,loopOrFuncSkip/mat_mul_fnSkip_lincomb_line10,correction_paired_result.txt,correction,no,no position with disagreeing pairs
mayo,mat_mul,loopOrFuncSkip/mat_mul_fnSkip_lincomb_line10,ineffective_paired_result.txt,ineffective,yes,pos 0: 30/240 pairs disagree
mayo,mul_add_m_upper_triangular_mat_x_mat,loadStoreSkip/mul_add_m_upper_triangular_mat_x_mat_line21_mem,correction_paired_result.txt,correction,yes,pos 130: 16/16 secret values with y1 = y2 xor alpha
mayo,mul_add_m_upper_triangular_mat_x_mat,loadStoreSkip/mul_add_m_upper_triangular_mat_x_mat_line21_mem,ineffective_paired_result.txt,ineffective,yes,pos 0: 30/240 pairs disagree (+37 more position(s))
mayo,mul_add_m_upper_triangular_mat_x_mat,loopOrFuncSkip/mul_add_m_upper_triangular_mat_x_mat_fnSkip_m_vec_mul_add_line26,correction_paired_result.txt,correction,yes,pos 130: 16/16 secret values with y1 = y2 xor alpha
mayo,mul_add_m_upper_triangular_mat_x_mat,loopOrFuncSkip/mul_add_m_upper_triangular_mat_x_mat_fnSkip_m_vec_mul_add_line26,ineffective_paired_result.txt,ineffective,yes,pos 0: 30/240 pairs disagree (+37 more position(s))
mayo,mul_add_m_upper_triangular_mat_x_mat_trans,loadStoreSkip/mul_add_m_upper_triangular_mat_x_mat_trans_line21_mem,correction_paired_result.txt,correction,yes,pos 9: 1/16 secret values with y1 = y2 xor alpha (+1 more position(s))
mayo,mul_add_m_upper_triangular_mat_x_mat_trans,loadStoreSkip/mul_add_m_upper_triangular_mat_x_mat_trans_line21_mem,ineffective_paired_result.txt,ineffective,yes,pos 0: 30/240 pairs disagree (+37 more position(s))
mayo,mul_add_m_upper_triangular_mat_x_mat_trans,loopOrFuncSkip/mul_add_m_upper_triangular_mat_x_mat_trans_fnSkip_m_vec_mul_add_line26,correction_paired_result.txt,correction,yes,pos 9: 1/16 secret values with y1 = y2 xor alpha (+1 more position(s))
mayo,mul_add_m_upper_triangular_mat_x_mat_trans,loopOrFuncSkip/mul_add_m_upper_triangular_mat_x_mat_trans_fnSkip_m_vec_mul_add_line26,ineffective_paired_result.txt,ineffective,yes,pos 0: 30/240 pairs disagree (+37 more position(s))
mayo,mul_add_mat_trans_x_m_mat,loadStoreSkip/mul_add_mat_trans_x_m_mat_line19_mem,correction_paired_result.txt,correction,no,no position with disagreeing pairs
mayo,mul_add_mat_trans_x_m_mat,loadStoreSkip/mul_add_mat_trans_x_m_mat_line19_mem,ineffective_paired_result.txt,ineffective,yes,pos 0: 30/240 pairs disagree (+297 more position(s))
mayo,mul_add_mat_trans_x_m_mat,loopOrFuncSkip/mul_add_mat_trans_x_m_mat_fnSkip_m_vec_mul_add_line24,correction_paired_result.txt,correction,no,no position with disagreeing pairs
mayo,mul_add_mat_trans_x_m_mat,loopOrFuncSkip/mul_add_mat_trans_x_m_mat_fnSkip_m_vec_mul_add_line24,ineffective_paired_result.txt,ineffective,yes,pos 0: 30/240 pairs disagree (+297 more position(s))
mayo,mul_add_mat_x_m_mat,loadStoreSkip/mul_add_mat_x_m_mat_line19_mem,correction_paired_result.txt,correction,yes,pos 0: 240/240 pairs disagree (+294 more position(s))
mayo,mul_add_mat_x_m_mat,loadStoreSkip/mul_add_mat_x_m_mat_line19_mem,ineffective_paired_result.txt,ineffective,yes,pos 0: 30/240 pairs disagree (+294 more position(s))
mayo,mul_add_mat_x_m_mat,loopOrFuncSkip/mul_add_mat_x_m_mat_fnSkip_m_vec_mul_add_line24,correction_paired_result.txt,correction,yes,pos 0: 240/240 pairs disagree (+294 more position(s))
mayo,mul_add_mat_x_m_mat,loopOrFuncSkip/mul_add_mat_x_m_mat_fnSkip_m_vec_mul_add_line24,ineffective_paired_result.txt,ineffective,yes,pos 0: 30/240 pairs disagree (+294 more position(s))
mayo,mul_f,binOpFault/mul_f_line10_opA,correction_paired_result.txt,correction,no,no position with disagreeing pairs
mayo,mul_f,binOpFault/mul_f_line10_opA,ineffective_paired_result.txt,ineffective,yes,pos 0: 128/240 pairs disagree
mayo,mul_f,binOpFault/mul_f_line10_opB,correction_paired_result.txt,correction,no,no position with disagreeing pairs
mayo,mul_f,binOpFault/mul_f_line10_opB,ineffective_paired_result.txt,ineffective,yes,pos 0: 128/240 pairs disagree
mayo,mul_f,binOpFault/mul_f_line10_undef,correction_paired_result.txt,correction,no,no position with disagreeing pairs
mayo,mul_f,binOpFault/mul_f_line10_undef,ineffective_paired_result.txt,ineffective,yes,pos 0: 128/240 pairs disagree
mayo,mul_f,binOpFault/mul_f_line10_zero,correction_paired_result.txt,correction,no,no position with disagreeing pairs
mayo,mul_f,binOpFault/mul_f_line10_zero,ineffective_paired_result.txt,ineffective,yes,pos 0: 128/240 pairs disagree
mayo,mul_f,binOpFault/mul_f_line11_opA,correction_paired_result.txt,correction,no,no position with disagreeing pairs
mayo,mul_f,binOpFault/mul_f_line11_opA,ineffective_paired_result.txt,ineffective,yes,pos 0: 128/240 pairs disagree
mayo,mul_f,binOpFault/mul_f_line11_opB,correction_paired_result.txt,correction,no,no position with disagreeing pairs
mayo,mul_f,binOpFault/mul_f_line11_opB,ineffective_paired_result.txt,ineffective,yes,pos 0: 128/240 pairs disagree
mayo,mul_f,binOpFault/mul_f_line11_undef,correction_paired_result.txt,correction,no,no position with disagreeing pairs
mayo,mul_f,binOpFault/mul_f_line11_undef,ineffective_paired_result.txt,ineffective,yes,pos 0: 30/240 pairs disagree
mayo,mul_f,binOpFault/mul_f_line11_zero,correction_paired_result.txt,correction,no,no position with disagreeing pairs
mayo,mul_f,binOpFault/mul_f_line11_zero,ineffective_paired_result.txt,ineffective,yes,pos 0: 128/240 pairs disagree
mayo,mul_f,binOpFault/mul_f_line12_opA,correction_paired_result.txt,correction,no,no position with disagreeing pairs
mayo,mul_f,binOpFault/mul_f_line12_opA,ineffective_paired_result.txt,ineffective,yes,pos 0: 56/240 pairs disagree
mayo,mul_f,binOpFault/mul_f_line12_opB,correction_paired_result.txt,correction,no,no position with disagreeing pairs
mayo,mul_f,binOpFault/mul_f_line12_opB,ineffective_paired_result.txt,ineffective,yes,pos 0: 128/240 pairs disagree
mayo,mul_f,binOpFault/mul_f_line12_undef,correction_paired_result.txt,correction,no,no position with disagreeing pairs
mayo,mul_f,binOpFault/mul_f_line12_undef,ineffective_paired_result.txt,ineffective,yes,pos 0: 30/240 pairs disagree
mayo,mul_f,binOpFault/mul_f_line12_zero,correction_paired_result.txt,correction,no,no position with disagreeing pairs
mayo,mul_f,binOpFault/mul_f_line12_zero,ineffective_paired_result.txt,ineffective,yes,pos 0: 30/240 pairs disagree
mayo,mul_f,binOpFault/mul_f_line13_opA,correction_paired_result.txt,correction,no,no position with disagreeing pairs
mayo,mul_f,binOpFault/mul_f_line13_opA,ineffective_paired_result.txt,ineffective,yes,pos 0: 30/240 pairs disagree
mayo,mul_f,binOpFault/mul_f_line13_opB,correction_paired_result.txt,correction,no,no position with disagreeing pairs
mayo,mul_f,binOpFault/mul_f_line13_opB,ineffective_paired_result.txt,ineffective,yes,pos 0: 56/240 pairs disagree
mayo,mul_f,binOpFault/mul_f_line13_undef,correction_paired_result.txt,correction,no,no position with disagreeing pairs
mayo,mul_f,binOpFault/mul_f_line13_undef,ineffective_paired_result.txt,ineffective,yes,pos 0: 30/240 pairs disagree
mayo,mul_f,binOpFault/mul_f_line13_zero,correction_paired_result.txt,correction,no,no position with disagreeing pairs
mayo,mul_f,binOpFault/mul_f_line13_zero,ineffective_paired_result.txt,ineffective,yes,pos 0: 56/240 pairs disagree
mayo,mul_f,binOpFault/mul_f_line14_opA,correction_paired_result.txt,correction,yes,pos 0: 1/16 secret values with y1 = y2 xor alpha
mayo,mul_f,binOpFault/mul_f_line14_opA,ineffective_paired_result.txt,ineffective,yes,pos 0: 56/240 pairs disagree
mayo,mul_f,binOpFault/mul_f_line14_opB,correction_paired_result.txt,correction,no,no position with disagreeing pairs
mayo,mul_f,binOpFault/mul_f_line14_opB,ineffective_paired_result.txt,ineffective,yes,pos 0: 56/240 pairs disagree
mayo,mul_f,binOpFault/mul_f_line14_undef,correction_paired_result.txt,correction,no,no position with disagreeing pairs
mayo,mul_f,binOpFault/mul_f_line14_undef,ineffective_paired_result.txt,ineffective,yes,pos 0: 56/240 pairs disagree
mayo,mul_f,binOpFault/mul_f_line14_zero,correction_paired_result.txt,correction,no,no position with disagreeing pairs
mayo,mul_f,binOpFault/mul_f_line14_zero,ineffective_paired_result.txt,ineffective,yes,pos 0: 56/240 pairs disagree
mayo,mul_f,binOpFault/mul_f_line15_opA,correction_paired_result.txt,correction,yes,pos 0: 1/16 secret values with y1 = y2 xor alpha
mayo,mul_f,binOpFault/mul_f_line15_opA,ineffective_paired_result.txt,ineffective,yes,pos 0: 56/240 pairs disagree
mayo,mul_f,binOpFault/mul_f_line15_opB,correction_paired_result.txt,correction,no,no position with disagreeing pairs
mayo,mul_f,binOpFault/mul_f_line15_opB,ineffective_paired_result.txt,ineffective,yes,pos 0: 56/240 pairs disagree
mayo,mul_f,binOpFault/mul_f_line15_undef,correction_paired_result.txt,correction,no,no position with disagreeing pairs
mayo,mul_f,binOpFault/mul_f_line15_undef,ineffective_paired_result.txt,ineffective,yes,pos 0: 56/240 pairs disagree
mayo,mul_f,binOpFault/mul_f_line15_zero,correction_paired_result.txt,correction,no,no position with disagreeing pairs
mayo,mul_f,binOpFault/mul_f_line15_zero,ineffective_paired_result.txt,ineffective,yes,pos 0: 56/240 pairs disagree
mayo,mul_f,binOpFault/mul_f_line16_opA,correction_paired_result.txt,correction,no,no position with disagreeing pairs
mayo,mul_f,binOpFault/mul_f_line16_opA,ineffective_paired_result.txt,ineffective,yes,pos 0: 56/240 pairs disagree
mayo,mul_f,binOpFault/mul_f_line16_opB,correction_paired_result.txt,correction,no,no position with disagreeing pairs
mayo,mul_f,binOpFault/mul_f_line16_opB,ineffective_paired_result.txt,ineffective,yes,pos 0: 56/240 pairs disagree
mayo,mul_f,binOpFault/mul_f_line16_undef,correction_paired_result.txt,correction,no,no position with disagreeing pairs
mayo,mul_f,binOpFault/mul_f_line16_undef,ineffective_paired_result.txt,ineffective,yes,pos 0: 30/240 pairs disagree
mayo,mul_f,binOpFault/mul_f_line16_zero,correction_paired_result.txt,correction,no,no position with disagreeing pairs
mayo,mul_f,binOpFault/mul_f_line16_zero,ineffective_paired_result.txt,ineffective,yes,pos 0: 56/240 pairs disagree
mayo,mul_f,binOpFault/mul_f_line17_opA,correction_paired_result.txt,correction,no,no position with disagreeing pairs
mayo,mul_f,binOpFault/mul_f_line17_opA,ineffective_paired_result.txt,ineffective,yes,pos 0: 30/240 pairs disagree
mayo,mul_f,binOpFault/mul_f_line17_opB,correction_paired_result.txt,correction,no,no position with disagreeing pairs
mayo,mul_f,binOpFault/mul_f_line17_opB,ineffective_paired_result.txt,ineffective,yes,pos 0: 30/240 pairs disagree
mayo,mul_f,binOpFault/mul_f_line17_undef,correction_paired_result.txt,correction,no,no position with disagreeing pairs
mayo,mul_f,binOpFault/mul_f_line17_undef,ineffective_paired_result.txt,ineffective,yes,pos 0: 30/240 pairs disagree
mayo,mul_f,binOpFault/mul_f_line17_zero,correction_paired_result.txt,correction,no,no position with disagreeing pairs
mayo,mul_f,binOpFault/mul_f_line17_zero,ineffective_paired_result.txt,ineffective,yes,pos 0: 30/240 pairs disagree
mayo,mul_f,binOpFault/mul_f_line18_opA,correction_paired_result.txt,correction,no,no position with disagreeing pairs
mayo,mul_f,binOpFault/mul_f_line18_opA,ineffective_paired_result.txt,ineffective,yes,pos 0: 30/240 pairs disagree
mayo,mul_f,binOpFault/mul_f_line18_opB,correction_paired_result.txt,correction,no,no position with disagreeing pairs
mayo,mul_f,binOpFault/mul_f_line18_opB,ineffective_paired_result.txt,ineffective,yes,pos 0: 30/240 pairs disagree
mayo,mul_f,binOpFault/mul_f_line18_undef,correction_paired_result.txt,correction,no,no position with disagreeing pairs
mayo,mul_f,binOpFault/mul_f_line18_undef,ineffective_paired_result.txt,ineffective,yes,pos 0: 30/240 pairs disagree
mayo,mul_f,binOpFault/mul_f_line18_zero,correction_paired_result.txt,correction,no,no position with disagreeing pairs
mayo,mul_f,binOpFault/mul_f_line18_zero,ineffective_paired_result.txt,ineffective,yes,pos 0: 30/240 pairs disagree
mayo,mul_f,binOpFault/mul_f_line1_opA,correction_paired_result.txt,correction,no,no position with disagreeing pairs
mayo,mul_f,binOpFault/mul_f_line1_opA,ineffective_paired_result.txt,ineffective,no,no position with disagreeing pairs
mayo,mul_f,binOpFault/mul_f_line1_opB,correction_paired_result.txt,correction,no,no position with disagreeing pairs
mayo,mul_f,binOpFault/mul_f_line1_opB,ineffective_paired_result.txt,ineffective,yes,pos 0: 30/240 pairs disagree
mayo,mul_f,binOpFault/mul_f_line1_undef,correction_paired_result.txt,correction,no,no position with disagreeing pairs
mayo,mul_f,binOpFault/mul_f_line1_undef,ineffective_paired_result.txt,ineffective,yes,pos 0: 30/240 pairs disagree
mayo,mul_f,binOpFault/mul_f_line1_zero,correction_paired_result.txt,correction,no,no position with disagreeing pairs
mayo,mul_f,binOpFault/mul_f_line1_zero,ineffective_paired_result.txt,ineffective,yes,pos 0: 30/240 pairs disagree
mayo,mul_f,binOpFault/mul_f_line3_opA,correction_paired_result.txt,correction,no,no position with disagreeing pairs
mayo,mul_f,binOpFault/mul_f_line3_opA,ineffective_paired_result.txt,ineffective,yes,pos 0: 128/240 pairs disagree
mayo,mul_f,binOpFault/mul_f_line3_opB,correction_paired_result.txt,correction,no,no position with disagreeing pairs
mayo,mul_f,binOpFault/mul_f_line3_opB,ineffective_paired_result.txt,ineffective,yes,pos 0: 128/240 pairs disagree
mayo,mul_f,binOpFault/mul_f_line3_undef,correction_paired_result.txt,correction,no,no position with disagreeing pairs
mayo,mul_f,binOpFault/mul_f_line3_undef,ineffective_paired_result.txt,ineffective,yes,pos 0: 128/240 pairs disagree
mayo,mul_f,binOpFault/mul_f_line3_zero,correction_paired_result.txt,correction,no,no position with disagreeing pairs
mayo,mul_f,binOpFault/mul_f_line3_zero,ineffective_paired_result.txt,ineffective,yes,pos 0: 128/240 pairs disagree
mayo,mul_f,binOpFault/mul_f_line4_opA,correction_paired_result.txt,correction,no,no position with disagreeing pairs
mayo,mul_f,binOpFault/mul_f_line4_opA,ineffective_paired_result.txt,ineffective,yes,pos 0: 128/240 pairs disagree
mayo,mul_f,binOpFault/mul_f_line4_opB,correction_paired_result.txt,correction,no,no position with disagreeing pairs
mayo,mul_f,binOpFault/mul_f_line4_opB,ineffective_paired_result.txt,ineffective,yes,pos 0: 128/240 pairs disagree
mayo,mul_f,binOpFault/mul_f_line4_undef,correction_paired_result.txt,correction,no,no position with disagreeing pairs
mayo,mul_f,binOpFault/mul_f_line4_undef,ineffective_paired_result.txt,ineffective,yes,pos 0: 30/240 pairs disagree
mayo,mul_f,binOpFault/mul_f_line4_zero,correction_paired_result.txt,correction,no,no position with disagreeing pairs
mayo,mul_f,binOpFault/mul_f_line4_zero,ineffective_paired_result.txt,ineffective,yes,pos 0: 128/240 pairs disagree
mayo,mul_f,binOpFault/mul_f_line6_opA,correction_paired_result.txt,correction,no,no position with disagreeing pairs
mayo,mul_f,binOpFault/mul_f_line6_opA,ineffective_paired_result.txt,ineffective,yes,pos 0: 128/240 pairs disagree
mayo,mul_f,binOpFault/mul_f_line6_opB,correction_paired_result.txt,correction,no,no position with disagreeing pairs
mayo,mul_f,binOpFault/mul_f_line6_opB,ineffective_paired_result.txt,ineffective,yes,pos 0: 128/240 pairs disagree
mayo,mul_f,binOpFault/mul_f_line6_undef,correction_paired_result.txt,correction,no,no position with disagreeing pairs
mayo,mul_f,binOpFault/mul_f_line6_undef,ineffective_paired_result.txt,ineffective,yes,pos 0: 30/240 pairs disagree
mayo,mul_f,binOpFault/mul_f_line6_zero,correction_paired_result.txt,correction,no,no position with disagreeing pairs
mayo,mul_f,binOpFault/mul_f_line6_zero,ineffective_paired_result.txt,ineffective,yes,pos 0: 96/240 pairs disagree
mayo,mul_f,binOpFault/mul_f_line7_opA,correction_paired_result.txt,correction,no,no position with disagreeing pairs
mayo,mul_f,binOpFault/mul_f_line7_opA,ineffective_paired_result.txt,ineffective,yes,pos 0: 128/240 pairs disagree
mayo,mul_f,binOpFault/mul_f_line7_opB,correction_paired_result.txt,correction,no,no position with disagreeing pairs
mayo,mul_f,binOpFault/mul_f_line7_opB,ineffective_paired_result.txt,ineffective,yes,pos 0: 128/240 pairs disagree
mayo,mul_f,binOpFault/mul_f_line7_undef,correction_paired_result.txt,correction,no,no position with disagreeing pairs
mayo,mul_f,binOpFault/mul_f_line7_undef,ineffective_paired_result.txt,ineffective,yes,pos 0: 128/240 pairs disagree
mayo,mul_f,binOpFault/mul_f_line7_zero,correction_paired_result.txt,correction,no,no position with disagreeing pairs
mayo,mul_f,binOpFault/mul_f_line7_zero,ineffective_paired_result.txt,ineffective,yes,pos 0: 128/240 pairs disagree
mayo,mul_f,binOpFault/mul_f_line8_opA,correction_paired_result.txt,correction,no,no position with disagreeing pairs
mayo,mul_f,binOpFault/mul_f_line8_opA,ineffective_paired_result.txt,ineffective,yes,pos 0: 128/240 pairs disagree
mayo,mul_f,binOpFault/mul_f_line8_opB,correction_paired_result.txt,correction,no,no position with disagreeing pairs
mayo,mul_f,binOpFault/mul_f_line8_opB,ineffective_paired_result.txt,ineffective,yes,pos 0: 128/240 pairs disagree
mayo,mul_f,binOpFault/mul_f_line8_undef,correction_paired_result.txt,correction,no,no position with disagreeing pairs
mayo,mul_f,binOpFault/mul_f_line8_undef,ineffective_paired_result.txt,ineffective,yes,pos 0: 30/240 pairs disagree
mayo,mul_f,binOpFault/mul_f_line8_zero,correction_paired_result.txt,correction,no,no position with disagreeing pairs
mayo,mul_f,binOpFault/mul_f_line8_zero,ineffective_paired_result.txt,ineffective,yes,pos 0: 128/240 pairs disagree
mayo,mul_f,binOpFault/mul_f_line9_opA,correction_paired_result.txt,correction,no,no position with disagreeing pairs
mayo,mul_f,binOpFault/mul_f_line9_opA,ineffective_paired_result.txt,ineffective,yes,pos 0: 96/240 pairs disagree
mayo,mul_f,binOpFault/mul_f_line9_opB,correction_paired_result.txt,correction,no,no position with disagreeing pairs
mayo,mul_f,binOpFault/mul_f_line9_opB,ineffective_paired_result.txt,ineffective,yes,pos 0: 128/240 pairs disagree
mayo,mul_f,binOpFault/mul_f_line9_undef,correction_paired_result.txt,correction,no,no position with disagreeing pairs
mayo,mul_f,binOpFault/mul_f_line9_undef,ineffective_paired_result.txt,ineffective,yes,pos 0: 30/240 pairs disagree
mayo,mul_f,binOpFault/mul_f_line9_zero,correction_paired_result.txt,correction,no,no position with disagreeing pairs
mayo,mul_f,binOpFault/mul_f_line9_zero,ineffective_paired_result.txt,ineffective,yes,pos 0: 56/240 pairs disagree
mayo,mul_table,binOpFault/mul_table_line1_opA,correction_paired_result.txt,correction,yes,pos 0: 15/16 secret values with y1 = y2 xor alpha
mayo,mul_table,binOpFault/mul_table_line1_opA,ineffective_paired_result.txt,ineffective,yes,pos 0: 30/240 pairs disagree
mayo,mul_table,binOpFault/mul_table_line1_opB,correction_paired_result.txt,correction,yes,pos 0: 15/16 secret values with y1 = y2 xor alpha
mayo,mul_table,binOpFault/mul_table_line1_opB,ineffective_paired_result.txt,ineffective,yes,pos 0: 30/240 pairs disagree
mayo,mul_table,binOpFault/mul_table_line1_undef,correction_paired_result.txt,correction,no,no position with disagreeing pairs
mayo,mul_table,binOpFault/mul_table_line1_undef,ineffective_paired_result.txt,ineffective,no,no position with disagreeing pairs
mayo,mul_table,binOpFault/mul_table_line1_zero,correction_paired_result.txt,correction,yes,pos 0: 15/16 secret values with y1 = y2 xor alpha
mayo,mul_table,binOpFault/mul_table_line1_zero,ineffective_paired_result.txt,ineffective,yes,pos 0: 30/240 pairs disagree
mayo,mul_table,binOpFault/mul_table_line2_opA,correction_paired_result.txt,correction,no,no position with disagreeing pairs
mayo,mul_table,binOpFault/mul_table_line2_opA,ineffective_paired_result.txt,ineffective,no,no position with disagreeing pairs
mayo,mul_table,binOpFault/mul_table_line2_opB,correction_paired_result.txt,correction,no,no position with disagreeing pairs
mayo,mul_table,binOpFault/mul_table_line2_opB,ineffective_paired_result.txt,ineffective,no,no position with disagreeing pairs
mayo,mul_table,binOpFault/mul_table_line2_undef,correction_paired_result.txt,correction,no,no position with disagreeing pairs
mayo,mul_table,binOpFault/mul_table_line2_undef,ineffective_paired_result.txt,ineffective,no,no position with disagreeing pairs
mayo,mul_table,binOpFault/mul_table_line2_zero,correction_paired_result.txt,correction,no,no position with disagreeing pairs
mayo,mul_table,binOpFault/mul_table_line2_zero,ineffective_paired_result.txt,ineffective,no,no position with disagreeing pairs
mayo,mul_table,binOpFault/mul_table_line3_opA,correction_paired_result.txt,correction,no,no position with disagreeing pairs
mayo,mul_table,binOpFault/mul_table_line3_opA,ineffective_paired_result.txt,ineffective,no,no position with disagreeing pairs
mayo,mul_table,binOpFault/mul_table_line3_opB,correction_paired_result.txt,correction,no,no position with disagreeing pairs
mayo,mul_table,binOpFault/mul_table_line3_opB,ineffective_paired_result.txt,ineffective,no,no position with disagreeing pairs
mayo,mul_table,binOpFault/mul_table_line3_undef,correction_paired_result.txt,correction,no,no position with disagreeing pairs
mayo,mul_table,binOpFault/mul_table_line3_undef,ineffective_paired_result.txt,ineffective,no,no position with disagreeing pairs
mayo,mul_table,binOpFault/mul_table_line3_zero,correction_paired_result.txt,correction,no,no position with disagreeing pairs
mayo,mul_table,binOpFault/mul_table_line3_zero,ineffective_paired_result.txt,ineffective,no,no position with disagreeing pairs
mayo,mul_table,binOpFault/mul_table_line4_opA,correction_paired_result.txt,correction,no,no position with disagreeing pairs
mayo,mul_table,binOpFault/mul_table_line4_opA,ineffective_paired_result.txt,ineffective,no,no position with disagreeing pairs
mayo,mul_table,binOpFault/mul_table_line4_opB,correction_paired_result.txt,correction,no,no position with disagreeing pairs
mayo,mul_table,binOpFault/mul_table_line4_opB,ineffective_paired_result.txt,ineffective,no,no position with disagreeing pairs
mayo,mul_table,binOpFault/mul_table_line4_undef,correction_paired_result.txt,correction,no,no position with disagreeing pairs
mayo,mul_table,binOpFault/mul_table_line4_undef,ineffective_paired_result.txt,ineffective,no,no position with disagreeing pairs
mayo,mul_table,binOpFault/mul_table_line4_zero,correction_paired_result.txt,correction,no,no position with disagreeing pairs
mayo,mul_table,binOpFault/mul_table_line4_zero,ineffective_paired_result.txt,ineffective,no,no position with disagreeing pairs
mayo,mul_table,binOpFault/mul_table_line5_opA,correction_paired_result.txt,correction,no,no position with disagreeing pairs
mayo,mul_table,binOpFault/mul_table_line5_opA,ineffective_paired_result.txt,ineffective,no,no position with disagreeing pairs
mayo,mul_table,binOpFault/mul_table_line5_opB,correction_paired_result.txt,correction,no,no position with disagreeing pairs
mayo,mul_table,binOpFault/mul_table_line5_opB,ineffective_paired_result.txt,ineffective,no,no position with disagreeing pairs
mayo,mul_table,binOpFault/mul_table_line5_undef,correction_paired_result.txt,correction,no,no position with disagreeing pairs
mayo,mul_table,binOpFault/mul_table_line5_undef,ineffective_paired_result.txt,ineffective,no,no position with disagreeing pairs
mayo,mul_table,binOpFault/mul_table_line5_zero,correction_paired_result.txt,correction,no,no position with disagreeing pairs
mayo,mul_table,binOpFault/mul_table_line5_zero,ineffective_paired_result.txt,ineffective,no,no position with disagreeing pairs
mayo,mul_table,binOpFault/mul_table_line6_opA,correction_paired_result.txt,correction,no,no position with disagreeing pairs
mayo,mul_table,binOpFault/mul_table_line6_opA,ineffective_paired_result.txt,ineffective,no,no position with disagreeing pairs
mayo,mul_table,binOpFault/mul_table_line6_opB,correction_paired_result.txt,correction,no,no position with disagreeing pairs
mayo,mul_table,binOpFault/mul_table_line6_opB,ineffective_paired_result.txt,ineffective,no,no position with disagreeing pairs
mayo,mul_table,binOpFault/mul_table_line6_undef,correction_paired_result.txt,correction,no,no position with disagreeing pairs
mayo,mul_table,binOpFault/mul_table_line6_undef,ineffective_paired_result.txt,ineffective,no,no position with disagreeing pairs
mayo,mul_table,binOpFault/mul_table_line6_zero,correction_paired_result.txt,correction,no,no position with disagreeing pairs
mayo,mul_table,binOpFault/mul_table_line6_zero,ineffective_paired_result.txt,ineffective,no,no position with disagreeing pairs
mayo,pqmayo_MAYO_1_ref_mayo_expand_pk,loopOrFuncSkip/pqmayo_MAYO_1_ref_mayo_expand_pk_fnSkip_expand_P1_P2_line0,correction_paired_result.txt,correction,no,no position with disagreeing pairs
mayo,pqmayo_MAYO_1_ref_mayo_expand_pk,loopOrFuncSkip/pqmayo_MAYO_1_ref_mayo_expand_pk_fnSkip_expand_P1_P2_line0,ineffective_paired_result.txt,ineffective,yes,pos 2: 78/240 pairs disagree (+901 more position(s))
mayo,pqmayo_MAYO_1_ref_mayo_expand_pk,loopOrFuncSkip/pqmayo_MAYO_1_ref_mayo_expand_pk_fnSkip_unpack_m_vecs_line3,correction_paired_result.txt,correction,no,no position with disagreeing pairs
mayo,pqmayo_MAYO_1_ref_mayo_expand_pk,loopOrFuncSkip/pqmayo_MAYO_1_ref_mayo_expand_pk_fnSkip_unpack_m_vecs_line3,ineffective_paired_result.txt,ineffective,no,no position with disagreeing pairs
mayo,pqmayo_MAYO_1_ref_mayo_expand_sk,loopOrFuncSkip/pqmayo_MAYO_1_ref_mayo_expand_sk_fnSkip_P1P1t_times_O_line7,correction_paired_result.txt,correction,no,no position with disagreeing pairs
mayo,pqmayo_MAYO_1_ref_mayo_expand_sk,loopOrFuncSkip/pqmayo_MAYO_1_ref_mayo_expand_sk_fnSkip_P1P1t_times_O_line7,ineffective_paired_result.txt,ineffective,no,no position with disagreeing pairs
mayo,pqmayo_MAYO_1_ref_mayo_expand_sk,loopOrFuncSkip/pqmayo_MAYO_1_ref_mayo_expand_sk_fnSkip_decode_line4,correction_paired_result.txt,correction,no,no position with disagreeing pairs
mayo,pqmayo_MAYO_1_ref_mayo_expand_sk,loopOrFuncSkip/pqmayo_MAYO_1_ref_mayo_expand_sk_fnSkip_decode_line4,ineffective_paired_result.txt,ineffective,no,no position with disagreeing pairs
mayo,pqmayo_MAYO_1_ref_mayo_expand_sk,loopOrFuncSkip/pqmayo_MAYO_1_ref_mayo_expand_sk_fnSkip_expand_P1_P2_line5,correction_paired_result.txt,correction,no,no position with disagreeing pairs
mayo,pqmayo_MAYO_1_ref_mayo_expand_sk,loopOrFuncSkip/pqmayo_MAYO_1_ref_mayo_expand_sk_fnSkip_expand_P1_P2_line5,ineffective_paired_result.txt,ineffective,yes,pos 0: 56/240 pairs disagree (+13 more position(s))
mayo,pqmayo_MAYO_1_ref_mayo_expand_sk,loopOrFuncSkip/pqmayo_MAYO_1_ref_mayo_expand_sk_fnSkip_mayo_secure_clear_line8,correction_paired_result.txt,correction,no,no position with disagreeing pairs
mayo,pqmayo_MAYO_1_ref_mayo_expand_sk,loopOrFuncSkip/pqmayo_MAYO_1_ref_mayo_expand_sk_fnSkip_mayo_secure_clear_line8,ineffective_paired_result.txt,ineffective,no,no position with disagreeing pairs
mayo,pqmayo_MAYO_1_ref_mayo_expand_sk,loopOrFuncSkip/pqmayo_MAYO_1_ref_mayo_expand_sk_fnSkip_shake256_line2,correction_paired_result.txt,correction,no,no position with disagreeing pairs
mayo,pqmayo_MAYO_1_ref_mayo_expand_sk,loopOrFuncSkip/pqmayo_MAYO_1_ref_mayo_expand_sk_fnSkip_shake256_line2,ineffective_paired_result.txt,ineffective,yes,pos 0: 30/240 pairs disagree (+14 more position(s))
mayo,pqmayo_MAYO_1_ref_mayo_keypair,loopOrFuncSkip/pqmayo_MAYO_1_ref_mayo_keypair_fnSkip_pqmayo_MAYO_1_ref_mayo_keypair_compact_line0,correction_paired_result.txt,correction,yes,pos 0: 16/16 secret values with y1 = y2 xor alpha (+23 more position(s))
mayo,pqmayo_MAYO_1_ref_mayo_keypair,loopOrFuncSkip/pqmayo_MAYO_1_ref_mayo_keypair_fnSkip_pqmayo_MAYO_1_ref_mayo_keypair_compact_line0,ineffective_paired_result.txt,ineffective,no,no position with disagreeing pairs
mayo,pqmayo_MAYO_1_ref_mayo_keypair_compact,loopOrFuncSkip/pqmayo_MAYO_1_ref_mayo_keypair_compact_fnSkip_compute_P3_line12,correction_paired_result.txt,correction,yes,pos 16: 16/16 secret values with y1 = y2 xor alpha (+7 more position(s))
mayo,pqmayo_MAYO_1_ref_mayo_keypair_compact,loopOrFuncSkip/pqmayo_MAYO_1_ref_mayo_keypair_compact_fnSkip_compute_P3_line12,ineffective_paired_result.txt,ineffective,no,no position with disagreeing pairs
mayo,pqmayo_MAYO_1_ref_mayo_keypair_compact,loopOrFuncSkip/pqmayo_MAYO_1_ref_mayo_keypair_compact_fnSkip_decode_line10,correction_paired_result.txt,correction,yes,pos 16: 16/16 secret values with y1 = y2 xor alpha (+7 more position(s))
mayo,pqmayo_MAYO_1_ref_mayo_keypair_compact,loopOrFuncSkip/pqmayo_MAYO_1_ref_mayo_keypair_compact_fnSkip_decode_line10,ineffective_paired_result.txt,ineffective,no,no position with disagreeing pairs
mayo,pqmayo_MAYO_1_ref_mayo_keypair_compact,loopOrFuncSkip/pqmayo_MAYO_1_ref_mayo_keypair_compact_fnSkip_expand_P1_P2_line11,correction_paired_result.txt,correction,yes,pos 16: 16/16 secret values with y1 = y2 xor alpha (+7 more position(s))
mayo,pqmayo_MAYO_1_ref_mayo_keypair_compact,loopOrFuncSkip/pqmayo_MAYO_1_ref_mayo_keypair_compact_fnSkip_expand_P1_P2_line11,ineffective_paired_result.txt,ineffective,no,no position with disagreeing pairs
mayo,pqmayo_MAYO_1_ref_mayo_keypair_compact,loopOrFuncSkip/pqmayo_MAYO_1_ref_mayo_keypair_compact_fnSkip_mayo_memset_line5,correction_paired_result.txt,correction,no,no position with disagreeing pairs
mayo,pqmayo_MAYO_1_ref_mayo_keypair_compact,loopOrFuncSkip/pqmayo_MAYO_1_ref_mayo_keypair_compact_fnSkip_mayo_memset_line5,ineffective_paired_result.txt,ineffective,no,no position with disagreeing pairs
mayo,pqmayo_MAYO_1_ref_mayo_keypair_compact,loopOrFuncSkip/pqmayo_MAYO_1_ref_mayo_keypair_compact_fnSkip_mayo_secure_clear_line17,correction_paired_result.txt,correction,no,no position with disagreeing pairs
mayo,pqmayo_MAYO_1_ref_mayo_keypair_compact,loopOrFuncSkip/pqmayo_MAYO_1_ref_mayo_keypair_compact_fnSkip_mayo_secure_clear_line17,ineffective_paired_result.txt,ineffective,no,no position with disagreeing pairs
mayo,pqmayo_MAYO_1_ref_mayo_keypair_compact,loopOrFuncSkip/pqmayo_MAYO_1_ref_mayo_keypair_compact_fnSkip_mayo_secure_clear_line18,correction_paired_result.txt,correction,no,no position with disagreeing pairs
mayo,pqmayo_MAYO_1_ref_mayo_keypair_compact,loopOrFuncSkip/pqmayo_MAYO_1_ref_mayo_keypair_compact_fnSkip_mayo_secure_clear_line18,ineffective_paired_result.txt,ineffective,no,no position with disagreeing pairs
mayo,pqmayo_MAYO_1_ref_mayo_keypair_compact,loopOrFuncSkip/pqmayo_MAYO_1_ref_mayo_keypair_compact_fnSkip_mayo_secure_clear_line19,correction_paired_result.txt,correction,no,no position with disagreeing pairs
mayo,pqmayo_MAYO_1_ref_mayo_keypair_compact,loopOrFuncSkip/pqmayo_MAYO_1_ref_mayo_keypair_compact_fnSkip_mayo_secure_clear_line19,ineffective_paired_result.txt,ineffective,no,no position with disagreeing pairs
mayo,pqmayo_MAYO_1_ref_mayo_keypair_compact,loopOrFuncSkip/pqmayo_MAYO_1_ref_mayo_keypair_compact_fnSkip_memcpy_line13,correction_paired_result.txt,correction,yes,pos 0: 16/16 secret values with y1 = y2 xor alpha (+15 more position(s))
mayo,pqmayo_MAYO_1_ref_mayo_keypair_compact,loopOrFuncSkip/pqmayo_MAYO_1_ref_mayo_keypair_compact_fnSkip_memcpy_line13,ineffective_paired_result.txt,ineffective,no,no position with disagreeing pairs
mayo,pqmayo_MAYO_1_ref_mayo_keypair_compact,loopOrFuncSkip/pqmayo_MAYO_1_ref_mayo_keypair_compact_fnSkip_pack_m_vecs_line16,correction_paired_result.txt,correction,yes,pos 16: 16/16 secret values with y1 = y2 xor alpha (+7 more position(s))
mayo,pqmayo_MAYO_1_ref_mayo_keypair_compact,loopOrFuncSkip/pqmayo_MAYO_1_ref_mayo_keypair_compact_fnSkip_pack_m_vecs_line16,ineffective_paired_result.txt,ineffective,no,no position with disagreeing pairs
mayo,pqmayo_MAYO_1_ref_mayo_keypair_compact,loopOrFuncSkip/pqmayo_MAYO_1_ref_mayo_keypair_compact_fnSkip_pqmayo_MAYO_1_ref_m_upper_line14,correction_paired_result.txt,correction,yes,pos 16: 16/16 secret values with y1 = y2 xor alpha (+7 more position(s))
mayo,pqmayo_MAYO_1_ref_mayo_keypair_compact,loopOrFuncSkip/pqmayo_MAYO_1_ref_mayo_keypair_compact_fnSkip_pqmayo_MAYO_1_ref_m_upper_line14,ineffective_paired_result.txt,ineffective,no,no position with disagreeing pairs
mayo,pqmayo_MAYO_1_ref_mayo_sign,loopOrFuncSkip/pqmayo_MAYO_1_ref_mayo_sign_fnSkip_memmove_line2,correction_paired_result.txt,correction,no,no position with disagreeing pairs
mayo,pqmayo_MAYO_1_ref_mayo_sign,loopOrFuncSkip/pqmayo_MAYO_1_ref_mayo_sign_fnSkip_memmove_line2,ineffective_paired_result.txt,ineffective,yes,pos 0: 56/240 pairs disagree (+14 more position(s))
mayo,pqmayo_MAYO_1_ref_mayo_sign,loopOrFuncSkip/pqmayo_MAYO_1_ref_mayo_sign_fnSkip_memset_line10,correction_paired_result.txt,correction,no,no position with disagreeing pairs
mayo,pqmayo_MAYO_1_ref_mayo_sign,loopOrFuncSkip/pqmayo_MAYO_1_ref_mayo_sign_fnSkip_memset_line10,ineffective_paired_result.txt,ineffective,no,no position with disagreeing pairs
mayo,pqmayo_MAYO_1_ref_mayo_sign,loopOrFuncSkip/pqmayo_MAYO_1_ref_mayo_sign_fnSkip_pqmayo_MAYO_1_ref_mayo_sign_signature_line4,correction_paired_result.txt,correction,no,no position with disagreeing pairs
mayo,pqmayo_MAYO_1_ref_mayo_sign,loopOrFuncSkip/pqmayo_MAYO_1_ref_mayo_sign_fnSkip_pqmayo_MAYO_1_ref_mayo_sign_signature_line4,ineffective_paired_result.txt,ineffective,yes,pos 0: 30/240 pairs disagree (+14 more position(s))
mayo,pqmayo_MAYO_1_ref_mayo_sign_signature,loadStoreSkip/pqmayo_MAYO_1_ref_mayo_sign_signature_line29_mem,correction_paired_result.txt,correction,no,no position with disagreeing pairs
mayo,pqmayo_MAYO_1_ref_mayo_sign_signature,loadStoreSkip/pqmayo_MAYO_1_ref_mayo_sign_signature_line29_mem,ineffective_paired_result.txt,ineffective,no,no position with disagreeing pairs
mayo,pqmayo_MAYO_1_ref_mayo_sign_signature,loadStoreSkip/pqmayo_MAYO_1_ref_mayo_sign_signature_line53_mem,correction_paired_result.txt,correction,no,no position with disagreeing pairs
mayo,pqmayo_MAYO_1_ref_mayo_sign_signature,loadStoreSkip/pqmayo_MAYO_1_ref_mayo_sign_signature_line53_mem,ineffective_paired_result.txt,ineffective,no,no position with disagreeing pairs
mayo,pqmayo_MAYO_1_ref_mayo_sign_signature,loopOrFuncSkip/pqmayo_MAYO_1_ref_mayo_sign_signature_fnSkip_compute_A_line45,correction_paired_result.txt,correction,no,no position with disagreeing pairs
mayo,pqmayo_MAYO_1_ref_mayo_sign_signature,loopOrFuncSkip/pqmayo_MAYO_1_ref_mayo_sign_signature_fnSkip_compute_A_line45,ineffective_paired_result.txt,ineffective,yes,pos 3: 30/240 pairs disagree (+13 more position(s))
mayo,pqmayo_MAYO_1_ref_mayo_sign_signature,loopOrFuncSkip/pqmayo_MAYO_1_ref_mayo_sign_signature_fnSkip_compute_M_and_VPV_line43,correction_paired_result.txt,correction,no,no position with disagreeing pairs
mayo,pqmayo_MAYO_1_ref_mayo_sign_signature,loopOrFuncSkip/pqmayo_MAYO_1_ref_mayo_sign_signature_fnSkip_compute_M_and_VPV_line43,ineffective_paired_result.txt,ineffective,yes,pos 3: 30/240 pairs disagree (+13 more position(s))
mayo,pqmayo_MAYO_1_ref_mayo_sign_signature,loopOrFuncSkip/pqmayo_MAYO_1_ref_mayo_sign_signature_fnSkip_compute_rhs_line44,correction_paired_result.txt,correction,no,no position with disagreeing pairs
mayo,pqmayo_MAYO_1_ref_mayo_sign_signature,loopOrFuncSkip/pqmayo_MAYO_1_ref_mayo_sign_signature_fnSkip_compute_rhs_line44,ineffective_paired_result.txt,ineffective,yes,pos 1: 78/240 pairs disagree (+15 more position(s))
mayo,pqmayo_MAYO_1_ref_mayo_sign_signature,loopOrFuncSkip/pqmayo_MAYO_1_ref_mayo_sign_signature_fnSkip_decode_line28,correction_paired_result.txt,correction,no,no position with disagreeing pairs
mayo,pqmayo_MAYO_1_ref_mayo_sign_signature,loopOrFuncSkip/pqmayo_MAYO_1_ref_mayo_sign_signature_fnSkip_decode_line28,ineffective_paired_result.txt,ineffective,yes,pos 0: 78/240 pairs disagree (+15 more position(s))
mayo,pqmayo_MAYO_1_ref_mayo_sign_signature,loopOrFuncSkip/pqmayo_MAYO_1_ref_mayo_sign_signature_fnSkip_decode_line39,correction_paired_result.txt,correction,no,no position with disagreeing pairs
mayo,pqmayo_MAYO_1_ref_mayo_sign_signature,loopOrFuncSkip/pqmayo_MAYO_1_ref_mayo_sign_signature_fnSkip_decode_line39,ineffective_paired_result.txt,ineffective,yes,pos 0: 78/240 pairs disagree (+14 more position(s))
mayo,pqmayo_MAYO_1_ref_mayo_sign_signature,loopOrFuncSkip/pqmayo_MAYO_1_ref_mayo_sign_signature_fnSkip_decode_line57,correction_paired_result.txt,correction,no,no position with disagreeing pairs
mayo,pqmayo_MAYO_1_ref_mayo_sign_signature,loopOrFuncSkip/pqmayo_MAYO_1_ref_mayo_sign_signature_fnSkip_decode_line57,ineffective_paired_result.txt,ineffective,yes,pos 2: 30/240 pairs disagree (+12 more position(s))
mayo,pqmayo_MAYO_1_ref_mayo_sign_signature,loopOrFuncSkip/pqmayo_MAYO_1_ref_mayo_sign_signature_fnSkip_encode_line85,correction_paired_result.txt,correction,no,no position with disagreeing pairs
mayo,pqmayo_MAYO_1_ref_mayo_sign_signature,loopOrFuncSkip/pqmayo_MAYO_1_ref_mayo_sign_signature_fnSkip_encode_line85,ineffective_paired_result.txt,ineffective,yes,pos 1: 30/240 pairs disagree (+13 more position(s))
mayo,pqmayo_MAYO_1_ref_mayo_sign_signature,loopOrFuncSkip/pqmayo_MAYO_1_ref_mayo_sign_signature_fnSkip_mat_add_line76,correction_paired_result.txt,correction,no,no position with disagreeing pairs
mayo,pqmayo_MAYO_1_ref_mayo_sign_signature,loopOrFuncSkip/pqmayo_MAYO_1_ref_mayo_sign_signature_fnSkip_mat_add_line76,ineffective_paired_result.txt,ineffective,yes,pos 1: 30/240 pairs disagree (+13 more position(s))
mayo,pqmayo_MAYO_1_ref_mayo_sign_signature,loopOrFuncSkip/pqmayo_MAYO_1_ref_mayo_sign_signature_fnSkip_mat_mul_line73,correction_paired_result.txt,correction,no,no position with disagreeing pairs
mayo,pqmayo_MAYO_1_ref_mayo_sign_signature,loopOrFuncSkip/pqmayo_MAYO_1_ref_mayo_sign_signature_fnSkip_mat_mul_line73,ineffective_paired_result.txt,ineffective,yes,pos 1: 56/240 pairs disagree (+15 more position(s))
mayo,pqmayo_MAYO_1_ref_mayo_sign_signature,loopOrFuncSkip/pqmayo_MAYO_1_ref_mayo_sign_signature_fnSkip_mayo_memset_line14,correction_paired_result.txt,correction,no,no position with disagreeing pairs
mayo,pqmayo_MAYO_1_ref_mayo_sign_signature,loopOrFuncSkip/pqmayo_MAYO_1_ref_mayo_sign_signature_fnSkip_mayo_memset_line14,ineffective_paired_result.txt,ineffective,no,no position with disagreeing pairs
mayo,pqmayo_MAYO_1_ref_mayo_sign_signature,loopOrFuncSkip/pqmayo_MAYO_1_ref_mayo_sign_signature_fnSkip_mayo_memset_line15,correction_paired_result.txt,correction,no,no position with disagreeing pairs
mayo,pqmayo_MAYO_1_ref_mayo_sign_signature,loopOrFuncSkip/pqmayo_MAYO_1_ref_mayo_sign_signature_fnSkip_mayo_memset_line15,ineffective_paired_result.txt,ineffective,no,no position with disagreeing pairs
mayo,pqmayo_MAYO_1_ref_mayo_sign_signature,loopOrFuncSkip/pqmayo_MAYO_1_ref_mayo_sign_signature_fnSkip_mayo_memset_line18,correction_paired_result.txt,correction,no,no position with disagreeing pairs
mayo,pqmayo_MAYO_1_ref_mayo_sign_signature,loopOrFuncSkip/pqmayo_MAYO_1_ref_mayo_sign_signature_fnSkip_mayo_memset_line18,ineffective_paired_result.txt,ineffective,no,no position with disagreeing pairs
mayo,pqmayo_MAYO_1_ref_mayo_sign_signature,loopOrFuncSkip/pqmayo_MAYO_1_ref_mayo_sign_signature_fnSkip_mayo_secure_clear_line89,correction_paired_result.txt,correction,no,no position with disagreeing pairs
mayo,pqmayo_MAYO_1_ref_mayo_sign_signature,loopOrFuncSkip/pqmayo_MAYO_1_ref_mayo_sign_signature_fnSkip_mayo_secure_clear_line89,ineffective_paired_result.txt,ineffective,no,no position with disagreeing pairs
mayo,pqmayo_MAYO_1_ref_mayo_sign_signature,loopOrFuncSkip/pqmayo_MAYO_1_ref_mayo_sign_signature_fnSkip_mayo_secure_clear_line90,correction_paired_result.txt,correction,no,no position with disagreeing pairs
mayo,pqmayo_MAYO_1_ref_mayo_sign_signature,loopOrFuncSkip/pqmayo_MAYO_1_ref_mayo_sign_signature_fnSkip_mayo_secure_clear_line90,ineffective_paired_result.txt,ineffective,no,no position with disagreeing pairs
mayo,pqmayo_MAYO_1_ref_mayo_sign_signature,loopOrFuncSkip/pqmayo_MAYO_1_ref_mayo_sign_signature_fnSkip_mayo_secure_clear_line91,correction_paired_result.txt,correction,no,no position with disagreeing pairs
mayo,pqmayo_MAYO_1_ref_mayo_sign_signature,loopOrFuncSkip/pqmayo_MAYO_1_ref_mayo_sign_signature_fnSkip_mayo_secure_clear_line91,ineffective_paired_result.txt,ineffective,no,no position with disagreeing pairs
mayo,pqmayo_MAYO_1_ref_mayo_sign_signature,loopOrFuncSkip/pqmayo_MAYO_1_ref_mayo_sign_signature_fnSkip_mayo_secure_clear_line92,correction_paired_result.txt,correction,no,no position with disagreeing pairs
mayo,pqmayo_MAYO_1_ref_mayo_sign_signature,loopOrFuncSkip/pqmayo_MAYO_1_ref_mayo_sign_signature_fnSkip_mayo_secure_clear_line92,ineffective_paired_result.txt,ineffective,no,no position with disagreeing pairs
mayo,pqmayo_MAYO_1_ref_mayo_sign_signature,loopOrFuncSkip/pqmayo_MAYO_1_ref_mayo_sign_signature_fnSkip_mayo_secure_clear_line94,correction_paired_result.txt,correction,no,no position with disagreeing pairs
mayo,pqmayo_MAYO_1_ref_mayo_sign_signature,loopOrFuncSkip/pqmayo_MAYO_1_ref_mayo_sign_signature_fnSkip_mayo_secure_clear_line94,ineffective_paired_result.txt,ineffective,no,no position with disagreeing pairs
mayo,pqmayo_MAYO_1_ref_mayo_sign_signature,loopOrFuncSkip/pqmayo_MAYO_1_ref_mayo_sign_signature_fnSkip_mayo_secure_clear_line95,correction_paired_result.txt,correction,no,no position with disagreeing pairs
mayo,pqmayo_MAYO_1_ref_mayo_sign_signature,loopOrFuncSkip/pqmayo_MAYO_1_ref_mayo_sign_signature_fnSkip_mayo_secure_clear_line95,ineffective_paired_result.txt,ineffective,no,no position with disagreeing pairs
mayo,pqmayo_MAYO_1_ref_mayo_sign_signature,loopOrFuncSkip/pqmayo_MAYO_1_ref_mayo_sign_signature_fnSkip_mayo_secure_clear_line96,correction_paired_result.txt,correction,no,no position with disagreeing pairs
mayo,pqmayo_MAYO_1_ref_mayo_sign_signature,loopOrFuncSkip/pqmayo_MAYO_1_ref_mayo_sign_signature_fnSkip_mayo_secure_clear_line96,ineffective_paired_result.txt,ineffective,no,no position with disagreeing pairs
mayo,pqmayo_MAYO_1_ref_mayo_sign_signature,loopOrFuncSkip/pqmayo_MAYO_1_ref_mayo_sign_signature_fnSkip_mayo_secure_clear_line97,correction_paired_result.txt,correction,no,no position with disagreeing pairs
mayo,pqmayo_MAYO_1_ref_mayo_sign_signature,loopOrFuncSkip/pqmayo_MAYO_1_ref_mayo_sign_signature_fnSkip_mayo_secure_clear_line97,ineffective_paired_result.txt,ineffective,no,no position with disagreeing pairs
mayo,pqmayo_MAYO_1_ref_mayo_sign_signature,loopOrFuncSkip/pqmayo_MAYO_1_ref_mayo_sign_signature_fnSkip_mayo_secure_clear_line98,correction_paired_result.txt,correction,no,no position with disagreeing pairs
mayo,pqmayo_MAYO_1_ref_mayo_sign_signature,loopOrFuncSkip/pqmayo_MAYO_1_ref_mayo_sign_signature_fnSkip_mayo_secure_clear_line98,ineffective_paired_result.txt,ineffective,no,no position with disagreeing pairs
mayo,pqmayo_MAYO_1_ref_mayo_sign_signature,loopOrFuncSkip/pqmayo_MAYO_1_ref_mayo_sign_signature_fnSkip_memcpy_line22,correction_paired_result.txt,correction,no,no position with disagreeing pairs
mayo,pqmayo_MAYO_1_ref_mayo_sign_signature,loopOrFuncSkip/pqmayo_MAYO_1_ref_mayo_sign_signature_fnSkip_memcpy_line22,ineffective_paired_result.txt,ineffective,yes,pos 3: 78/240 pairs disagree (+8 more position(s))
mayo,pqmayo_MAYO_1_ref_mayo_sign_signature,loopOrFuncSkip/pqmayo_MAYO_1_ref_mayo_sign_signature_fnSkip_memcpy_line25,correction_paired_result.txt,correction,no,no position with disagreeing pairs
mayo,pqmayo_MAYO_1_ref_mayo_sign_signature,loopOrFuncSkip/pqmayo_MAYO_1_ref_mayo_sign_signature_fnSkip_memcpy_line25,ineffective_paired_result.txt,ineffective,yes,pos 0: 30/240 pairs disagree (+16 more position(s))
mayo,pqmayo_MAYO_1_ref_mayo_sign_signature,loopOrFuncSkip/pqmayo_MAYO_1_ref_mayo_sign_signature_fnSkip_memcpy_line82,correction_paired_result.txt,correction,no,no position with disagreeing pairs
mayo,pqmayo_MAYO_1_ref_mayo_sign_signature,loopOrFuncSkip/pqmayo_MAYO_1_ref_mayo_sign_signature_fnSkip_memcpy_line82,ineffective_paired_result.txt,ineffective,no,no position with disagreeing pairs
mayo,pqmayo_MAYO_1_ref_mayo_sign_signature,loopOrFuncSkip/pqmayo_MAYO_1_ref_mayo_sign_signature_fnSkip_memcpy_line87,correction_paired_result.txt,correction,no,no position with disagreeing pairs
mayo,pqmayo_MAYO_1_ref_mayo_sign_signature,loopOrFuncSkip/pqmayo_MAYO_1_ref_mayo_sign_signature_fnSkip_memcpy_line87,ineffective_paired_result.txt,ineffective,no,no position with disagreeing pairs
mayo,pqmayo_MAYO_1_ref_mayo_sign_signature,loopOrFuncSkip/pqmayo_MAYO_1_ref_mayo_sign_signature_fnSkip_memset_line61,correction_paired_result.txt,correction,no,no position with disagreeing pairs
mayo,pqmayo_MAYO_1_ref_mayo_sign_signature,loopOrFuncSkip/pqmayo_MAYO_1_ref_mayo_sign_signature_fnSkip_memset_line61,ineffective_paired_result.txt,ineffective,no,no position with disagreeing pairs
mayo,pqmayo_MAYO_1_ref_mayo_sign_signature,loopOrFuncSkip/pqmayo_MAYO_1_ref_mayo_sign_signature_fnSkip_memset_line62,correction_paired_result.txt,correction,no,no position with disagreeing pairs
mayo,pqmayo_MAYO_1_ref_mayo_sign_signature,loopOrFuncSkip/pqmayo_MAYO_1_ref_mayo_sign_signature_fnSkip_memset_line62,ineffective_paired_result.txt,ineffective,no,no position with disagreeing pairs
mayo,pqmayo_MAYO_1_ref_mayo_sign_signature,loopOrFuncSkip/pqmayo_MAYO_1_ref_mayo_sign_signature_fnSkip_pqmayo_MAYO_1_ref_mayo_expand_sk_line16,correction_paired_result.txt,correction,no,no position with disagreeing pairs
mayo,pqmayo_MAYO_1_ref_mayo_sign_signature,loopOrFuncSkip/pqmayo_MAYO_1_ref_mayo_sign_signature_fnSkip_pqmayo_MAYO_1_ref_mayo_expand_sk_line16,ineffective_paired_result.txt,ineffective,yes,pos 1: 56/240 pairs disagree (+15 more position(s))
mayo,pqmayo_MAYO_1_ref_mayo_sign_signature,loopOrFuncSkip/pqmayo_MAYO_1_ref_mayo_sign_signature_fnSkip_pqmayo_MAYO_1_ref_sample_solution_line58,correction_paired_result.txt,correction,no,no position with disagreeing pairs
mayo,pqmayo_MAYO_1_ref_mayo_sign_signature,loopOrFuncSkip/pqmayo_MAYO_1_ref_mayo_sign_signature_fnSkip_pqmayo_MAYO_1_ref_sample_solution_line58,ineffective_paired_result.txt,ineffective,yes,pos 1: 56/240 pairs disagree (+15 more position(s))
mayo,pqmayo_MAYO_1_ref_mayo_sign_signature,loopOrFuncSkip/pqmayo_MAYO_1_ref_mayo_sign_signature_fnSkip_randombytes_line20,correction_paired_result.txt,correction,no,no position with disagreeing pairs
mayo,pqmayo_MAYO_1_ref_mayo_sign_signature,loopOrFuncSkip/pqmayo_MAYO_1_ref_mayo_sign_signature_fnSkip_randombytes_line20,ineffective_paired_result.txt,ineffective,yes,pos 3: 30/240 pairs disagree (+14 more position(s))
mayo,pqmayo_MAYO_1_ref_mayo_sign_signature,loopOrFuncSkip/pqmayo_MAYO_1_ref_mayo_sign_signature_fnSkip_shake256_line17,correction_paired_result.txt,correction,no,no position with disagreeing pairs
mayo,pqmayo_MAYO_1_ref_mayo_sign_signature,loopOrFuncSkip/pqmayo_MAYO_1_ref_mayo_sign_signature_fnSkip_shake256_line17,ineffective_paired_result.txt,ineffective,yes,pos 0: 56/240 pairs disagree (+13 more position(s))
mayo,pqmayo_MAYO_1_ref_mayo_sign_signature,loopOrFuncSkip/pqmayo_MAYO_1_ref_mayo_sign_signature_fnSkip_shake256_line23,correction_paired_result.txt,correction,no,no position with disagreeing pairs
mayo,pqmayo_MAYO_1_ref_mayo_sign_signature,loopOrFuncSkip/pqmayo_MAYO_1_ref_mayo_sign_signature_fnSkip_shake256_line23,ineffective_paired_result.txt,ineffective,yes,pos 4: 30/240 pairs disagree (+11 more position(s))
mayo,pqmayo_MAYO_1_ref_mayo_sign_signature,loopOrFuncSkip/pqmayo_MAYO_1_ref_mayo_sign_signature_fnSkip_shake256_line27,correction_paired_result.txt,correction,no,no position with disagreeing pairs
mayo,pqmayo_MAYO_1_ref_mayo_sign_signature,loopOrFuncSkip/pqmayo_MAYO_1_ref_mayo_sign_signature_fnSkip_shake256_line27,ineffective_paired_result.txt,ineffective,yes,pos 0: 78/240 pairs disagree (+15 more position(s))
mayo,pqmayo_MAYO_1_ref_mayo_sign_signature,loopOrFuncSkip/pqmayo_MAYO_1_ref_mayo_sign_signature_fnSkip_shake256_line30,correction_paired_result.txt,correction,no,no position with disagreeing pairs
mayo,pqmayo_MAYO_1_ref_mayo_sign_signature,loopOrFuncSkip/pqmayo_MAYO_1_ref_mayo_sign_signature_fnSkip_shake256_line30,ineffective_paired_result.txt,ineffective,yes,pos 1: 30/240 pairs disagree (+13 more position(s))
mayo,pqmayo_MAYO_1_ref_sample_solution,binOpFault/pqmayo_MAYO_1_ref_sample_solution_line101_opA,correction_paired_result.txt,correction,no,no position with disagreeing pairs
mayo,pqmayo_MAYO_1_ref_sample_solution,binOpFault/pqmayo_MAYO_1_ref_sample_solution_line101_opA,ineffective_paired_result.txt,ineffective,yes,pos 1: 30/240 pairs disagree (+64 more position(s))
mayo,pqmayo_MAYO_1_ref_sample_solution,binOpFault/pqmayo_MAYO_1_ref_sample_solution_line101_opB,correction_paired_result.txt,correction,no,no position with disagreeing pairs
mayo,pqmayo_MAYO_1_ref_sample_solution,binOpFault/pqmayo_MAYO_1_ref_sample_solution_line101_opB,ineffective_paired_result.txt,ineffective,yes,pos 1: 30/240 pairs disagree (+54 more position(s))
mayo,pqmayo_MAYO_1_ref_sample_solution,binOpFault/pqmayo_MAYO_1_ref_sample_solution_line101_undef,correction_paired_result.txt,correction,no,no position with disagreeing pairs
mayo,pqmayo_MAYO_1_ref_sample_solution,binOpFault/pqmayo_MAYO_1_ref_sample_solution_line101_undef,ineffective_paired_result.txt,ineffective,yes,pos 1: 30/240 pairs disagree (+66 more position(s))
mayo,pqmayo_MAYO_1_ref_sample_solution,binOpFault/pqmayo_MAYO_1_ref_sample_solution_line101_zero,correction_paired_result.txt,correction,no,no position with disagreeing pairs
mayo,pqmayo_MAYO_1_ref_sample_solution,binOpFault/pqmayo_MAYO_1_ref_sample_solution_line101_zero,ineffective_paired_result.txt,ineffective,yes,pos 1: 30/240 pairs disagree (+66 more position(s))
mayo,pqmayo_MAYO_1_ref_sample_solution,binOpFault/pqmayo_MAYO_1_ref_sample_solution_line106_opA,correction_paired_result.txt,correction,no,no position with disagreeing pairs
mayo,pqmayo_MAYO_1_ref_sample_solution,binOpFault/pqmayo_MAYO_1_ref_sample_solution_line106_opA,ineffective_paired_result.txt,ineffective,yes,pos 1: 30/240 pairs disagree (+66 more position(s))
mayo,pqmayo_MAYO_1_ref_sample_solution,binOpFault/pqmayo_MAYO_1_ref_sample_solution_line106_opB,correction_paired_result.txt,correction,no,no position with disagreeing pairs
mayo,pqmayo_MAYO_1_ref_sample_solution,binOpFault/pqmayo_MAYO_1_ref_sample_solution_line106_opB,ineffective_paired_result.txt,ineffective,yes,pos 1: 30/240 pairs disagree (+66 more position(s))
mayo,pqmayo_MAYO_1_ref_sample_solution,binOpFault/pqmayo_MAYO_1_ref_sample_solution_line106_undef,correction_paired_result.txt,correction,no,no position with disagreeing pairs
mayo,pqmayo_MAYO_1_ref_sample_solution,binOpFault/pqmayo_MAYO_1_ref_sample_solution_line106_undef,ineffective_paired_result.txt,ineffective,yes,pos 1: 30/240 pairs disagree (+66 more position(s))
mayo,pqmayo_MAYO_1_ref_sample_solution,binOpFault/pqmayo_MAYO_1_ref_sample_solution_line106_zero,correction_paired_result.txt,correction,no,no position with disagreeing pairs
mayo,pqmayo_MAYO_1_ref_sample_solution,binOpFault/pqmayo_MAYO_1_ref_sample_solution_line106_zero,ineffective_paired_result.txt,ineffective,yes,pos 1: 30/240 pairs disagree (+66 more position(s))
mayo,pqmayo_MAYO_1_ref_sample_solution,binOpFault/pqmayo_MAYO_1_ref_sample_solution_line107_opA,correction_paired_result.txt,correction,no,no position with disagreeing pairs
mayo,pqmayo_MAYO_1_ref_sample_solution,binOpFault/pqmayo_MAYO_1_ref_sample_solution_line107_opA,ineffective_paired_result.txt,ineffective,yes,pos 1: 30/240 pairs disagree (+66 more position(s))
mayo,pqmayo_MAYO_1_ref_sample_solution,binOpFault/pqmayo_MAYO_1_ref_sample_solution_line107_opB,correction_paired_result.txt,correction,no,no position with disagreeing pairs
mayo,pqmayo_MAYO_1_ref_sample_solution,binOpFault/pqmayo_MAYO_1_ref_sample_solution_line107_opB,ineffective_paired_result.txt,ineffective,yes,pos 1: 30/240 pairs disagree (+66 more position(s))
mayo,pqmayo_MAYO_1_ref_sample_solution,binOpFault/pqmayo_MAYO_1_ref_sample_solution_line107_undef,correction_paired_result.txt,correction,no,no position with disagreeing pairs
mayo,pqmayo_MAYO_1_ref_sample_solution,binOpFault/pqmayo_MAYO_1_ref_sample_solution_line107_undef,ineffective_paired_result.txt,ineffective,yes,pos 1: 30/240 pairs disagree (+66 more position(s))
mayo,pqmayo_MAYO_1_ref_sample_solution,binOpFault/pqmayo_MAYO_1_ref_sample_solution_line107_zero,correction_paired_result.txt,correction,no,no position with disagreeing pairs
mayo,pqmayo_MAYO_1_ref_sample_solution,binOpFault/pqmayo_MAYO_1_ref_sample_solution_line107_zero,ineffective_paired_result.txt,ineffective,yes,pos 1: 30/240 pairs disagree (+66 more position(s))
mayo,pqmayo_MAYO_1_ref_sample_solution,binOpFault/pqmayo_MAYO_1_ref_sample_solution_line110_opA,correction_paired_result.txt,correction,no,no position with disagreeing pairs
mayo,pqmayo_MAYO_1_ref_sample_solution,binOpFault/pqmayo_MAYO_1_ref_sample_solution_line110_opA,ineffective_paired_result.txt,ineffective,yes,pos 1: 30/240 pairs disagree (+66 more position(s))
mayo,pqmayo_MAYO_1_ref_sample_solution,binOpFault/pqmayo_MAYO_1_ref_sample_solution_line110_opB,correction_paired_result.txt,correction,no,no position with disagreeing pairs
mayo,pqmayo_MAYO_1_ref_sample_solution,binOpFault/pqmayo_MAYO_1_ref_sample_solution_line110_opB,ineffective_paired_result.txt,ineffective,yes,pos 47: 30/240 pairs disagree (+29 more position(s))
mayo,pqmayo_MAYO_1_ref_sample_solution,binOpFault/pqmayo_MAYO_1_ref_sample_solution_line110_undef,correction_paired_result.txt,correction,no,no position with disagreeing pairs
mayo,pqmayo_MAYO_1_ref_sample_solution,binOpFault/pqmayo_MAYO_1_ref_sample_solution_line110_undef,ineffective_paired_result.txt,ineffective,yes,pos 1: 30/240 pairs disagree (+66 more position(s))
mayo,pqmayo_MAYO_1_ref_sample_solution,binOpFault/pqmayo_MAYO_1_ref_sample_solution_line110_zero,correction_paired_result.txt,correction,no,no position with disagreeing pairs
mayo,pqmayo_MAYO_1_ref_sample_solution,binOpFault/pqmayo_MAYO_1_ref_sample_solution_line110_zero,ineffective_paired_result.txt,ineffective,yes,pos 1: 30/240 pairs disagree (+69 more position(s))
mayo,pqmayo_MAYO_1_ref_sample_solution,binOpFault/pqmayo_MAYO_1_ref_sample_solution_line127_opA,correction_paired_result.txt,correction,no,no position with disagreeing pairs
mayo,pqmayo_MAYO_1_ref_sample_solution,binOpFault/pqmayo_MAYO_1_ref_sample_solution_line127_opA,ineffective_paired_result.txt,ineffective,yes,pos 1: 30/240 pairs disagree (+38 more position(s))
mayo,pqmayo_MAYO_1_ref_sample_solution,binOpFault/pqmayo_MAYO_1_ref_sample_solution_line127_opB,correction_paired_result.txt,correction,yes,pos 62: 1/16 secret values with y1 = y2 xor alpha
mayo,pqmayo_MAYO_1_ref_sample_solution,binOpFault/pqmayo_MAYO_1_ref_sample_solution_line127_opB,ineffective_paired_result.txt,ineffective,yes,pos 0: 96/240 pairs disagree (+45 more position(s))
mayo,pqmayo_MAYO_1_ref_sample_solution,binOpFault/pqmayo_MAYO_1_ref_sample_solution_line127_undef,correction_paired_result.txt,correction,no,no position with disagreeing pairs
mayo,pqmayo_MAYO_1_ref_sample_solution,binOpFault/pqmayo_MAYO_1_ref_sample_solution_line127_undef,ineffective_paired_result.txt,ineffective,yes,pos 1: 30/240 pairs disagree (+50 more position(s))
mayo,pqmayo_MAYO_1_ref_sample_solution,binOpFault/pqmayo_MAYO_1_ref_sample_solution_line127_zero,correction_paired_result.txt,correction,yes,pos 62: 1/16 secret values with y1 = y2 xor alpha
mayo,pqmayo_MAYO_1_ref_sample_solution,binOpFault/pqmayo_MAYO_1_ref_sample_solution_line127_zero,ineffective_paired_result.txt,ineffective,yes,pos 0: 96/240 pairs disagree (+45 more position(s))
mayo,pqmayo_MAYO_1_ref_sample_solution,binOpFault/pqmayo_MAYO_1_ref_sample_solution_line128_opA,correction_paired_result.txt,correction,no,no position with disagreeing pairs
mayo,pqmayo_MAYO_1_ref_sample_solution,binOpFault/pqmayo_MAYO_1_ref_sample_solution_line128_opA,ineffective_paired_result.txt,ineffective,yes,pos 0: 30/240 pairs disagree (+53 more position(s))
mayo,pqmayo_MAYO_1_ref_sample_solution,binOpFault/pqmayo_MAYO_1_ref_sample_solution_line128_opB,correction_paired_result.txt,correction,yes,pos 62: 1/16 secret values with y1 = y2 xor alpha
mayo,pqmayo_MAYO_1_ref_sample_solution,binOpFault/pqmayo_MAYO_1_ref_sample_solution_line128_opB,ineffective_paired_result.txt,ineffective,yes,pos 0: 96/240 pairs disagree (+45 more position(s))
mayo,pqmayo_MAYO_1_ref_sample_solution,binOpFault/pqmayo_MAYO_1_ref_sample_solution_line128_undef,correction_paired_result.txt,correction,no,no position with disagreeing pairs
mayo,pqmayo_MAYO_1_ref_sample_solution,binOpFault/pqmayo_MAYO_1_ref_sample_solution_line128_undef,ineffective_paired_result.txt,ineffective,yes,pos 1: 30/240 pairs disagree (+50 more position(s))
mayo,pqmayo_MAYO_1_ref_sample_solution,binOpFault/pqmayo_MAYO_1_ref_sample_solution_line128_zero,correction_paired_result.txt,correction,no,no position with disagreeing pairs
mayo,pqmayo_MAYO_1_ref_sample_solution,binOpFault/pqmayo_MAYO_1_ref_sample_solution_line128_zero,ineffective_paired_result.txt,ineffective,yes,pos 0: 30/240 pairs disagree (+42 more position(s))
mayo,pqmayo_MAYO_1_ref_sample_solution,binOpFault/pqmayo_MAYO_1_ref_sample_solution_line135_opA,correction_paired_result.txt,correction,yes,pos 37: 1/16 secret values with y1 = y2 xor alpha
mayo,pqmayo_MAYO_1_ref_sample_solution,binOpFault/pqmayo_MAYO_1_ref_sample_solution_line135_opA,ineffective_paired_result.txt,ineffective,yes,pos 2: 56/240 pairs disagree (+44 more position(s))
mayo,pqmayo_MAYO_1_ref_sample_solution,binOpFault/pqmayo_MAYO_1_ref_sample_solution_line135_opB,correction_paired_result.txt,correction,no,no position with disagreeing pairs
mayo,pqmayo_MAYO_1_ref_sample_solution,binOpFault/pqmayo_MAYO_1_ref_sample_solution_line135_opB,ineffective_paired_result.txt,ineffective,yes,pos 0: 30/240 pairs disagree (+49 more position(s))
mayo,pqmayo_MAYO_1_ref_sample_solution,binOpFault/pqmayo_MAYO_1_ref_sample_solution_line135_undef,correction_paired_result.txt,correction,no,no position with disagreeing pairs
mayo,pqmayo_MAYO_1_ref_sample_solution,binOpFault/pqmayo_MAYO_1_ref_sample_solution_line135_undef,ineffective_paired_result.txt,ineffective,yes,pos 1: 30/240 pairs disagree (+50 more position(s))
mayo,pqmayo_MAYO_1_ref_sample_solution,binOpFault/pqmayo_MAYO_1_ref_sample_solution_line135_zero,correction_paired_result.txt,correction,no,no position with disagreeing pairs
mayo,pqmayo_MAYO_1_ref_sample_solution,binOpFault/pqmayo_MAYO_1_ref_sample_solution_line135_zero,ineffective_paired_result.txt,ineffective,yes,pos 0: 30/240 pairs disagree (+49 more position(s))
mayo,pqmayo_MAYO_1_ref_sample_solution,binOpFault/pqmayo_MAYO_1_ref_sample_solution_line136_opA,correction_paired_result.txt,correction,no,no position with disagreeing pairs
mayo,pqmayo_MAYO_1_ref_sample_solution,binOpFault/pqmayo_MAYO_1_ref_sample_solution_line136_opA,ineffective_paired_result.txt,ineffective,yes,pos 0: 30/240 pairs disagree (+49 more position(s))
mayo,pqmayo_MAYO_1_ref_sample_solution,binOpFault/pqmayo_MAYO_1_ref_sample_solution_line136_opB,correction_paired_result.txt,correction,no,no position with disagreeing pairs
mayo,pqmayo_MAYO_1_ref_sample_solution,binOpFault/pqmayo_MAYO_1_ref_sample_solution_line136_opB,ineffective_paired_result.txt,ineffective,yes,pos 0: 30/240 pairs disagree (+42 more position(s))
mayo,pqmayo_MAYO_1_ref_sample_solution,binOpFault/pqmayo_MAYO_1_ref_sample_solution_line136_undef,correction_paired_result.txt,correction,no,no position with disagreeing pairs
mayo,pqmayo_MAYO_1_ref_sample_solution,binOpFault/pqmayo_MAYO_1_ref_sample_solution_line136_undef,ineffective_paired_result.txt,ineffective,yes,pos 1: 30/240 pairs disagree (+50 more position(s))
mayo,pqmayo_MAYO_1_ref_sample_solution,binOpFault/pqmayo_MAYO_1_ref_sample_solution_line136_zero,correction_paired_result.txt,correction,no,no position with disagreeing pairs
mayo,pqmayo_MAYO_1_ref_sample_solution,binOpFault/pqmayo_MAYO_1_ref_sample_solution_line136_zero,ineffective_paired_result.txt,ineffective,yes,pos 0: 30/240 pairs disagree (+51 more position(s))
mayo,pqmayo_MAYO_1_ref_sample_solution,binOpFault/pqmayo_MAYO_1_ref_sample_solution_line143_opA,correction_paired_result.txt,correction,no,no position with disagreeing pairs
mayo,pqmayo_MAYO_1_ref_sample_solution,binOpFault/pqmayo_MAYO_1_ref_sample_solution_line143_opA,ineffective_paired_result.txt,ineffective,yes,pos 0: 56/240 pairs disagree (+46 more position(s))
mayo,pqmayo_MAYO_1_ref_sample_solution,binOpFault/pqmayo_MAYO_1_ref_sample_solution_line143_opB,correction_paired_result.txt,correction,yes,pos 58: 1/16 secret values with y1 = y2 xor alpha
mayo,pqmayo_MAYO_1_ref_sample_solution,binOpFault/pqmayo_MAYO_1_ref_sample_solution_line143_opB,ineffective_paired_result.txt,ineffective,yes,pos 1: 30/240 pairs disagree (+47 more position(s))
mayo,pqmayo_MAYO_1_ref_sample_solution,binOpFault/pqmayo_MAYO_1_ref_sample_solution_line143_undef,correction_paired_result.txt,correction,no,no position with disagreeing pairs
mayo,pqmayo_MAYO_1_ref_sample_solution,binOpFault/pqmayo_MAYO_1_ref_sample_solution_line143_undef,ineffective_paired_result.txt,ineffective,yes,pos 1: 30/240 pairs disagree (+50 more position(s))
mayo,pqmayo_MAYO_1_ref_sample_solution,binOpFault/pqmayo_MAYO_1_ref_sample_solution_line143_zero,correction_paired_result.txt,correction,yes,pos 58: 1/16 secret values with y1 = y2 xor alpha
mayo,pqmayo_MAYO_1_ref_sample_solution,binOpFault/pqmayo_MAYO_1_ref_sample_solution_line143_zero,ineffective_paired_result.txt,ineffective,yes,pos 1: 30/240 pairs disagree (+47 more position(s))
mayo,pqmayo_MAYO_1_ref_sample_solution,binOpFault/pqmayo_MAYO_1_ref_sample_solution_line144_opA,correction_paired_result.txt,correction,yes,pos 58: 1/16 secret values with y1 = y2 xor alpha
mayo,pqmayo_MAYO_1_ref_sample_solution,binOpFault/pqmayo_MAYO_1_ref_sample_solution_line144_opA,ineffective_paired_result.txt,ineffective,yes,pos 1: 30/240 pairs disagree (+47 more position(s))
mayo,pqmayo_MAYO_1_ref_sample_solution,binOpFault/pqmayo_MAYO_1_ref_sample_solution_line144_opB,correction_paired_result.txt,correction,no,no position with disagreeing pairs
mayo,pqmayo_MAYO_1_ref_sample_solution,binOpFault/pqmayo_MAYO_1_ref_sample_solution_line144_opB,ineffective_paired_result.txt,ineffective,yes,pos 0: 30/240 pairs disagree (+51 more position(s))
mayo,pqmayo_MAYO_1_ref_sample_solution,binOpFault/pqmayo_MAYO_1_ref_sample_solution_line144_undef,correction_paired_result.txt,correction,no,no position with disagreeing pairs
mayo,pqmayo_MAYO_1_ref_sample_solution,binOpFault/pqmayo_MAYO_1_ref_sample_solution_line144_undef,ineffective_paired_result.txt,ineffective,yes,pos 1: 30/240 pairs disagree (+50 more position(s))
mayo,pqmayo_MAYO_1_ref_sample_solution,binOpFault/pqmayo_MAYO_1_ref_sample_solution_line144_zero,correction_paired_result.txt,correction,no,no position with disagreeing pairs
mayo,pqmayo_MAYO_1_ref_sample_solution,binOpFault/pqmayo_MAYO_1_ref_sample_solution_line144_zero,ineffective_paired_result.txt,ineffective,yes,pos 0: 30/240 pairs disagree (+46 more position(s))
mayo,pqmayo_MAYO_1_ref_sample_solution,binOpFault/pqmayo_MAYO_1_ref_sample_solution_line151_opA,correction_paired_result.txt,correction,yes,pos 26: 1/16 secret values with y1 = y2 xor alpha
mayo,pqmayo_MAYO_1_ref_sample_solution,binOpFault/pqmayo_MAYO_1_ref_sample_solution_line151_opA,ineffective_paired_result.txt,ineffective,yes,pos 0: 56/240 pairs disagree (+46 more position(s))
mayo,pqmayo_MAYO_1_ref_sample_solution,binOpFault/pqmayo_MAYO_1_ref_sample_solution_line151_opB,correction_paired_result.txt,correction,no,no position with disagreeing pairs
mayo,pqmayo_MAYO_1_ref_sample_solution,binOpFault/pqmayo_MAYO_1_ref_sample_solution_line151_opB,ineffective_paired_result.txt,ineffective,yes,pos 0: 30/240 pairs disagree (+53 more position(s))
mayo,pqmayo_MAYO_1_ref_sample_solution,binOpFault/pqmayo_MAYO_1_ref_sample_solution_line151_undef,correction_paired_result.txt,correction,no,no position with disagreeing pairs
mayo,pqmayo_MAYO_1_ref_sample_solution,binOpFault/pqmayo_MAYO_1_ref_sample_solution_line151_undef,ineffective_paired_result.txt,ineffective,yes,pos 1: 30/240 pairs disagree (+50 more position(s))
mayo,pqmayo_MAYO_1_ref_sample_solution,binOpFault/pqmayo_MAYO_1_ref_sample_solution_line151_zero,correction_paired_result.txt,correction,no,no position with disagreeing pairs
mayo,pqmayo_MAYO_1_ref_sample_solution,binOpFault/pqmayo_MAYO_1_ref_sample_solution_line151_zero,ineffective_paired_result.txt,ineffective,yes,pos 0: 30/240 pairs disagree (+53 more position(s))
mayo,pqmayo_MAYO_1_ref_sample_solution,binOpFault/pqmayo_MAYO_1_ref_sample_solution_line152_opA,correction_paired_result.txt,correction,no,no position with disagreeing pairs
mayo,pqmayo_MAYO_1_ref_sample_solution,binOpFault/pqmayo_MAYO_1_ref_sample_solution_line152_opA,ineffective_paired_result.txt,ineffective,yes,pos 0: 30/240 pairs disagree (+53 more position(s))
mayo,pqmayo_MAYO_1_ref_sample_solution,binOpFault/pqmayo_MAYO_1_ref_sample_solution_line152_opB,correction_paired_result.txt,correction,no,no position with disagreeing pairs
mayo,pqmayo_MAYO_1_ref_sample_solution,binOpFault/pqmayo_MAYO_1_ref_sample_solution_line152_opB,ineffective_paired_result.txt,ineffective,yes,pos 0: 30/240 pairs disagree (+46 more position(s))
mayo,pqmayo_MAYO_1_ref_sample_solution,binOpFault/pqmayo_MAYO_1_ref_sample_solution_line152_undef,correction_paired_result.txt,correction,no,no position with disagreeing pairs
mayo,pqmayo_MAYO_1_ref_sample_solution,binOpFault/pqmayo_MAYO_1_ref_sample_solution_line152_undef,ineffective_paired_result.txt,ineffective,yes,pos 0: 30/240 pairs disagree (+41 more position(s))
mayo,pqmayo_MAYO_1_ref_sample_solution,binOpFault/pqmayo_MAYO_1_ref_sample_solution_line152_zero,correction_paired_result.txt,correction,no,no position with disagreeing pairs
mayo,pqmayo_MAYO_1_ref_sample_solution,binOpFault/pqmayo_MAYO_1_ref_sample_solution_line152_zero,ineffective_paired_result.txt,ineffective,yes,pos 0: 30/240 pairs disagree (+45 more position(s))
mayo,pqmayo_MAYO_1_ref_sample_solution,binOpFault/pqmayo_MAYO_1_ref_sample_solution_line159_opA,correction_paired_result.txt,correction,no,no position with disagreeing pairs
mayo,pqmayo_MAYO_1_ref_sample_solution,binOpFault/pqmayo_MAYO_1_ref_sample_solution_line159_opA,ineffective_paired_result.txt,ineffective,yes,pos 3: 30/240 pairs disagree (+45 more position(s))
mayo,pqmayo_MAYO_1_ref_sample_solution,binOpFault/pqmayo_MAYO_1_ref_sample_solution_line159_opB,correction_paired_result.txt,correction,no,no position with disagreeing pairs
mayo,pqmayo_MAYO_1_ref_sample_solution,binOpFault/pqmayo_MAYO_1_ref_sample_solution_line159_opB,ineffective_paired_result.txt,ineffective,yes,pos 2: 30/240 pairs disagree (+41 more position(s))
mayo,pqmayo_MAYO_1_ref_sample_solution,binOpFault/pqmayo_MAYO_1_ref_sample_solution_line159_undef,correction_paired_result.txt,correction,no,no position with disagreeing pairs
mayo,pqmayo_MAYO_1_ref_sample_solution,binOpFault/pqmayo_MAYO_1_ref_sample_solution_line159_undef,ineffective_paired_result.txt,ineffective,yes,pos 0: 30/240 pairs disagree (+41 more position(s))
mayo,pqmayo_MAYO_1_ref_sample_solution,binOpFault/pqmayo_MAYO_1_ref_sample_solution_line159_zero,correction_paired_result.txt,correction,no,no position with disagreeing pairs
mayo,pqmayo_MAYO_1_ref_sample_solution,binOpFault/pqmayo_MAYO_1_ref_sample_solution_line159_zero,ineffective_paired_result.txt,ineffective,yes,pos 2: 30/240 pairs disagree (+41 more position(s))
mayo,pqmayo_MAYO_1_ref_sample_solution,binOpFault/pqmayo_MAYO_1_ref_sample_solution_line160_opA,correction_paired_result.txt,correction,no,no position with disagreeing pairs
mayo,pqmayo_MAYO_1_ref_sample_solution,binOpFault/pqmayo_MAYO_1_ref_sample_solution_line160_opA,ineffective_paired_result.txt,ineffective,yes,pos 2: 30/240 pairs disagree (+41 more position(s))
mayo,pqmayo_MAYO_1_ref_sample_solution,binOpFault/pqmayo_MAYO_1_ref_sample_solution_line160_opB,correction_paired_result.txt,correction,no,no position with disagreeing pairs
mayo,pqmayo_MAYO_1_ref_sample_solution,binOpFault/pqmayo_MAYO_1_ref_sample_solution_line160_opB,ineffective_paired_result.txt,ineffective,yes,pos 0: 30/240 pairs disagree (+45 more position(s))
mayo,pqmayo_MAYO_1_ref_sample_solution,binOpFault/pqmayo_MAYO_1_ref_sample_solution_line160_undef,correction_paired_result.txt,correction,no,no position with disagreeing pairs
mayo,pqmayo_MAYO_1_ref_sample_solution,binOpFault/pqmayo_MAYO_1_ref_sample_solution_line160_undef,ineffective_paired_result.txt,ineffective,yes,pos 0: 30/240 pairs disagree (+41 more position(s))
mayo,pqmayo_MAYO_1_ref_sample_solution,binOpFault/pqmayo_MAYO_1_ref_sample_solution_line160_zero,correction_paired_result.txt,correction,no,no position with disagreeing pairs
mayo,pqmayo_MAYO_1_ref_sample_solution,binOpFault/pqmayo_MAYO_1_ref_sample_solution_line160_zero,ineffective_paired_result.txt,ineffective,yes,pos 0: 30/240 pairs disagree (+43 more position(s))
mayo,pqmayo_MAYO_1_ref_sample_solution,binOpFault/pqmayo_MAYO_1_ref_sample_solution_line167_opA,correction_paired_result.txt,correction,no,no position with disagreeing pairs
mayo,pqmayo_MAYO_1_ref_sample_solution,binOpFault/pqmayo_MAYO_1_ref_sample_solution_line167_opA,ineffective_paired_result.txt,ineffective,yes,pos 0: 78/240 pairs disagree (+45 more position(s))
mayo,pqmayo_MAYO_1_ref_sample_solution,binOpFault/pqmayo_MAYO_1_ref_sample_solution_line167_opB,correction_paired_result.txt,correction,yes,pos 10: 1/16 secret values with y1 = y2 xor alpha
mayo,pqmayo_MAYO_1_ref_sample_solution,binOpFault/pqmayo_MAYO_1_ref_sample_solution_line167_opB,ineffective_paired_result.txt,ineffective,yes,pos 1: 30/240 pairs disagree (+50 more position(s))
mayo,pqmayo_MAYO_1_ref_sample_solution,binOpFault/pqmayo_MAYO_1_ref_sample_solution_line167_undef,correction_paired_result.txt,correction,no,no position with disagreeing pairs
mayo,pqmayo_MAYO_1_ref_sample_solution,binOpFault/pqmayo_MAYO_1_ref_sample_solution_line167_undef,ineffective_paired_result.txt,ineffective,yes,pos 0: 30/240 pairs disagree (+41 more position(s))
mayo,pqmayo_MAYO_1_ref_sample_solution,binOpFault/pqmayo_MAYO_1_ref_sample_solution_line167_zero,correction_paired_result.txt,correction,yes,pos 10: 1/16 secret values with y1 = y2 xor alpha
mayo,pqmayo_MAYO_1_ref_sample_solution,binOpFault/pqmayo_MAYO_1_ref_sample_solution_line167_zero,ineffective_paired_result.txt,ineffective,yes,pos 1: 30/240 pairs disagree (+50 more position(s))
mayo,pqmayo_MAYO_1_ref_sample_solution,binOpFault/pqmayo_MAYO_1_ref_sample_solution_line168_opA,correction_paired_result.txt,correction,yes,pos 10: 1/16 secret values with y1 = y2 xor alpha
mayo,pqmayo_MAYO_1_ref_sample_solution,binOpFault/pqmayo_MAYO_1_ref_sample_solution_line168_opA,ineffective_paired_result.txt,ineffective,yes,pos 1: 30/240 pairs disagree (+50 more position(s))
mayo,pqmayo_MAYO_1_ref_sample_solution,binOpFault/pqmayo_MAYO_1_ref_sample_solution_line168_opB,correction_paired_result.txt,correction,no,no position with disagreeing pairs
mayo,pqmayo_MAYO_1_ref_sample_solution,binOpFault/pqmayo_MAYO_1_ref_sample_solution_line168_opB,ineffective_paired_result.txt,ineffective,yes,pos 0: 30/240 pairs disagree (+43 more position(s))
mayo,pqmayo_MAYO_1_ref_sample_solution,binOpFault/pqmayo_MAYO_1_ref_sample_solution_line168_undef,correction_paired_result.txt,correction,no,no position with disagreeing pairs
mayo,pqmayo_MAYO_1_ref_sample_solution,binOpFault/pqmayo_MAYO_1_ref_sample_solution_line168_undef,ineffective_paired_result.txt,ineffective,yes,pos 0: 30/240 pairs disagree (+41 more position(s))
mayo,pqmayo_MAYO_1_ref_sample_solution,binOpFault/pqmayo_MAYO_1_ref_sample_solution_line168_zero,correction_paired_result.txt,correction,no,no position with disagreeing pairs
mayo,pqmayo_MAYO_1_ref_sample_solution,binOpFault/pqmayo_MAYO_1_ref_sample_solution_line168_zero,ineffective_paired_result.txt,ineffective,yes,pos 0: 30/240 pairs disagree (+41 more position(s))
mayo,pqmayo_MAYO_1_ref_sample_solution,binOpFault/pqmayo_MAYO_1_ref_sample_solution_line175_opA,correction_paired_result.txt,correction,no,no position with disagreeing pairs
mayo,pqmayo_MAYO_1_ref_sample_solution,binOpFault/pqmayo_MAYO_1_ref_sample_solution_line175_opA,ineffective_paired_result.txt,ineffective,yes,pos 0: 56/240 pairs disagree (+47 more position(s))
mayo,pqmayo_MAYO_1_ref_sample_solution,binOpFault/pqmayo_MAYO_1_ref_sample_solution_line175_opB,correction_paired_result.txt,correction,no,no position with disagreeing pairs
mayo,pqmayo_MAYO_1_ref_sample_solution,binOpFault/pqmayo_MAYO_1_ref_sample_solution_line175_opB,ineffective_paired_result.txt,ineffective,yes,pos 0: 56/240 pairs disagree (+45 more position(s))
mayo,pqmayo_MAYO_1_ref_sample_solution,binOpFault/pqmayo_MAYO_1_ref_sample_solution_line175_undef,correction_paired_result.txt,correction,no,no position with disagreeing pairs
mayo,pqmayo_MAYO_1_ref_sample_solution,binOpFault/pqmayo_MAYO_1_ref_sample_solution_line175_undef,ineffective_paired_result.txt,ineffective,yes,pos 0: 30/240 pairs disagree (+41 more position(s))
mayo,pqmayo_MAYO_1_ref_sample_solution,binOpFault/pqmayo_MAYO_1_ref_sample_solution_line175_zero,correction_paired_result.txt,correction,no,no position with disagreeing pairs
mayo,pqmayo_MAYO_1_ref_sample_solution,binOpFault/pqmayo_MAYO_1_ref_sample_solution_line175_zero,ineffective_paired_result.txt,ineffective,yes,pos 0: 56/240 pairs disagree (+45 more position(s))
mayo,pqmayo_MAYO_1_ref_sample_solution,binOpFault/pqmayo_MAYO_1_ref_sample_solution_line176_opA,correction_paired_result.txt,correction,no,no position with disagreeing pairs
mayo,pqmayo_MAYO_1_ref_sample_solution,binOpFault/pqmayo_MAYO_1_ref_sample_solution_line176_opA,ineffective_paired_result.txt,ineffective,yes,pos 0: 56/240 pairs disagree (+45 more position(s))
mayo,pqmayo_MAYO_1_ref_sample_solution,binOpFault/pqmayo_MAYO_1_ref_sample_solution_line176_opB,correction_paired_result.txt,correction,no,no position with disagreeing pairs
mayo,pqmayo_MAYO_1_ref_sample_solution,binOpFault/pqmayo_MAYO_1_ref_sample_solution_line176_opB,ineffective_paired_result.txt,ineffective,yes,pos 0: 30/240 pairs disagree (+41 more position(s))
mayo,pqmayo_MAYO_1_ref_sample_solution,binOpFault/pqmayo_MAYO_1_ref_sample_solution_line176_undef,correction_paired_result.txt,correction,no,no position with disagreeing pairs
mayo,pqmayo_MAYO_1_ref_sample_solution,binOpFault/pqmayo_MAYO_1_ref_sample_solution_line176_undef,ineffective_paired_result.txt,ineffective,yes,pos 0: 30/240 pairs disagree (+41 more position(s))
mayo,pqmayo_MAYO_1_ref_sample_solution,binOpFault/pqmayo_MAYO_1_ref_sample_solution_line176_zero,correction_paired_result.txt,correction,no,no position with disagreeing pairs
mayo,pqmayo_MAYO_1_ref_sample_solution,binOpFault/pqmayo_MAYO_1_ref_sample_solution_line176_zero,ineffective_paired_result.txt,ineffective,yes,pos 0: 30/240 pairs disagree (+42 more position(s))
mayo,pqmayo_MAYO_1_ref_sample_solution,binOpFault/pqmayo_MAYO_1_ref_sample_solution_line184_opA,correction_paired_result.txt,correction,no,no position with disagreeing pairs
mayo,pqmayo_MAYO_1_ref_sample_solution,binOpFault/pqmayo_MAYO_1_ref_sample_solution_line184_opA,ineffective_paired_result.txt,ineffective,yes,pos 0: 30/240 pairs disagree (+53 more position(s))
mayo,pqmayo_MAYO_1_ref_sample_solution,binOpFault/pqmayo_MAYO_1_ref_sample_solution_line184_opB,correction_paired_result.txt,correction,no,no position with disagreeing pairs
mayo,pqmayo_MAYO_1_ref_sample_solution,binOpFault/pqmayo_MAYO_1_ref_sample_solution_line184_opB,ineffective_paired_result.txt,ineffective,yes,pos 0: 30/240 pairs disagree (+53 more position(s))
mayo,pqmayo_MAYO_1_ref_sample_solution,binOpFault/pqmayo_MAYO_1_ref_sample_solution_line184_undef,correction_paired_result.txt,correction,no,no position with disagreeing pairs
mayo,pqmayo_MAYO_1_ref_sample_solution,binOpFault/pqmayo_MAYO_1_ref_sample_solution_line184_undef,ineffective_paired_result.txt,ineffective,yes,pos 0: 30/240 pairs disagree (+53 more position(s))
mayo,pqmayo_MAYO_1_ref_sample_solution,binOpFault/pqmayo_MAYO_1_ref_sample_solution_line184_zero,correction_paired_result.txt,correction,no,no position with disagreeing pairs
mayo,pqmayo_MAYO_1_ref_sample_solution,binOpFault/pqmayo_MAYO_1_ref_sample_solution_line184_zero,ineffective_paired_result.txt,ineffective,yes,pos 0: 30/240 pairs disagree (+53 more position(s))
mayo,pqmayo_MAYO_1_ref_sample_solution,binOpFault/pqmayo_MAYO_1_ref_sample_solution_line185_opA,correction_paired_result.txt,correction,no,no position with disagreeing pairs
mayo,pqmayo_MAYO_1_ref_sample_solution,binOpFault/pqmayo_MAYO_1_ref_sample_solution_line185_opA,ineffective_paired_result.txt,ineffective,yes,pos 0: 30/240 pairs disagree (+53 more position(s))
mayo,pqmayo_MAYO_1_ref_sample_solution,binOpFault/pqmayo_MAYO_1_ref_sample_solution_line185_opB,correction_paired_result.txt,correction,no,no position with disagreeing pairs
mayo,pqmayo_MAYO_1_ref_sample_solution,binOpFault/pqmayo_MAYO_1_ref_sample_solution_line185_opB,ineffective_paired_result.txt,ineffective,yes,pos 0: 30/240 pairs disagree (+53 more position(s))
mayo,pqmayo_MAYO_1_ref_sample_solution,binOpFault/pqmayo_MAYO_1_ref_sample_solution_line185_undef,correction_paired_result.txt,correction,no,no position with disagreeing pairs
mayo,pqmayo_MAYO_1_ref_sample_solution,binOpFault/pqmayo_MAYO_1_ref_sample_solution_line185_undef,ineffective_paired_result.txt,ineffective,yes,pos 0: 30/240 pairs disagree (+53 more position(s))
mayo,pqmayo_MAYO_1_ref_sample_solution,binOpFault/pqmayo_MAYO_1_ref_sample_solution_line185_zero,correction_paired_result.txt,correction,no,no position with disagreeing pairs
mayo,pqmayo_MAYO_1_ref_sample_solution,binOpFault/pqmayo_MAYO_1_ref_sample_solution_line185_zero,ineffective_paired_result.txt,ineffective,yes,pos 0: 30/240 pairs disagree (+53 more position(s))
mayo,pqmayo_MAYO_1_ref_sample_solution,binOpFault/pqmayo_MAYO_1_ref_sample_solution_line187_opA,correction_paired_result.txt,correction,no,no position with disagreeing pairs
mayo,pqmayo_MAYO_1_ref_sample_solution,binOpFault/pqmayo_MAYO_1_ref_sample_solution_line187_opA,ineffective_paired_result.txt,ineffective,yes,pos 0: 30/240 pairs disagree (+47 more position(s))
mayo,pqmayo_MAYO_1_ref_sample_solution,binOpFault/pqmayo_MAYO_1_ref_sample_solution_line187_opB,correction_paired_result.txt,correction,yes,pos 62: 1/16 secret values with y1 = y2 xor alpha
mayo,pqmayo_MAYO_1_ref_sample_solution,binOpFault/pqmayo_MAYO_1_ref_sample_solution_line187_opB,ineffective_paired_result.txt,ineffective,yes,pos 0: 96/240 pairs disagree (+45 more position(s))
mayo,pqmayo_MAYO_1_ref_sample_solution,binOpFault/pqmayo_MAYO_1_ref_sample_solution_line187_undef,correction_paired_result.txt,correction,yes,pos 62: 1/16 secret values with y1 = y2 xor alpha
mayo,pqmayo_MAYO_1_ref_sample_solution,binOpFault/pqmayo_MAYO_1_ref_sample_solution_line187_undef,ineffective_paired_result.txt,ineffective,yes,pos 0: 96/240 pairs disagree (+45 more position(s))
mayo,pqmayo_MAYO_1_ref_sample_solution,binOpFault/pqmayo_MAYO_1_ref_sample_solution_line187_zero,correction_paired_result.txt,correction,yes,pos 62: 1/16 secret values with y1 = y2 xor alpha
mayo,pqmayo_MAYO_1_ref_sample_solution,binOpFault/pqmayo_MAYO_1_ref_sample_solution_line187_zero,ineffective_paired_result.txt,ineffective,yes,pos 0: 96/240 pairs disagree (+45 more position(s))
mayo,pqmayo_MAYO_1_ref_sample_solution,binOpFault/pqmayo_MAYO_1_ref_sample_solution_line194_opA,correction_paired_result.txt,correction,yes,pos 62: 1/16 secret values with y1 = y2 xor alpha
mayo,pqmayo_MAYO_1_ref_sample_solution,binOpFault/pqmayo_MAYO_1_ref_sample_solution_line194_opA,ineffective_paired_result.txt,ineffective,yes,pos 0: 96/240 pairs disagree (+45 more position(s))
mayo,pqmayo_MAYO_1_ref_sample_solution,binOpFault/pqmayo_MAYO_1_ref_sample_solution_line194_opB,correction_paired_result.txt,correction,yes,pos 62: 1/16 secret values with y1 = y2 xor alpha
mayo,pqmayo_MAYO_1_ref_sample_solution,binOpFault/pqmayo_MAYO_1_ref_sample_solution_line194_opB,ineffective_paired_result.txt,ineffective,yes,pos 0: 96/240 pairs disagree (+45 more position(s))
mayo,pqmayo_MAYO_1_ref_sample_solution,binOpFault/pqmayo_MAYO_1_ref_sample_solution_line194_undef,correction_paired_result.txt,correction,yes,pos 62: 1/16 secret values with y1 = y2 xor alpha
mayo,pqmayo_MAYO_1_ref_sample_solution,binOpFault/pqmayo_MAYO_1_ref_sample_solution_line194_undef,ineffective_paired_result.txt,ineffective,yes,pos 0: 96/240 pairs disagree (+45 more position(s))
mayo,pqmayo_MAYO_1_ref_sample_solution,binOpFault/pqmayo_MAYO_1_ref_sample_solution_line194_zero,correction_paired_result.txt,correction,yes,pos 62: 1/16 secret values with y1 = y2 xor alpha
mayo,pqmayo_MAYO_1_ref_sample_solution,binOpFault/pqmayo_MAYO_1_ref_sample_solution_line194_zero,ineffective_paired_result.txt,ineffective,yes,pos 0: 96/240 pairs disagree (+45 more position(s))
mayo,pqmayo_MAYO_1_ref_sample_solution,binOpFault/pqmayo_MAYO_1_ref_sample_solution_line195_opA,correction_paired_result.txt,correction,yes,pos 62: 1/16 secret values with y1 = y2 xor alpha
mayo,pqmayo_MAYO_1_ref_sample_solution,binOpFault/pqmayo_MAYO_1_ref_sample_solution_line195_opA,ineffective_paired_result.txt,ineffective,yes,pos 0: 96/240 pairs disagree (+45 more position(s))
mayo,pqmayo_MAYO_1_ref_sample_solution,binOpFault/pqmayo_MAYO_1_ref_sample_solution_line195_opB,correction_paired_result.txt,correction,yes,pos 62: 1/16 secret values with y1 = y2 xor alpha
mayo,pqmayo_MAYO_1_ref_sample_solution,binOpFault/pqmayo_MAYO_1_ref_sample_solution_line195_opB,ineffective_paired_result.txt,ineffective,yes,pos 0: 96/240 pairs disagree (+45 more position(s))
mayo,pqmayo_MAYO_1_ref_sample_solution,binOpFault/pqmayo_MAYO_1_ref_sample_solution_line195_undef,correction_paired_result.txt,correction,yes,pos 62: 1/16 secret values with y1 = y2 xor alpha
mayo,pqmayo_MAYO_1_ref_sample_solution,binOpFault/pqmayo_MAYO_1_ref_sample_solution_line195_undef,ineffective_paired_result.txt,ineffective,yes,pos 0: 96/240 pairs disagree (+45 more position(s))
mayo,pqmayo_MAYO_1_ref_sample_solution,binOpFault/pqmayo_MAYO_1_ref_sample_solution_line195_zero,correction_paired_result.txt,correction,yes,pos 62: 1/16 secret values with y1 = y2 xor alpha
mayo,pqmayo_MAYO_1_ref_sample_solution,binOpFault/pqmayo_MAYO_1_ref_sample_solution_line195_zero,ineffective_paired_result.txt,ineffective,yes,pos 0: 96/240 pairs disagree (+45 more position(s))
mayo,pqmayo_MAYO_1_ref_sample_solution,binOpFault/pqmayo_MAYO_1_ref_sample_solution_line197_opA,correction_paired_result.txt,correction,no,no position with disagreeing pairs
mayo,pqmayo_MAYO_1_ref_sample_solution,binOpFault/pqmayo_MAYO_1_ref_sample_solution_line197_opA,ineffective_paired_result.txt,ineffective,yes,pos 0: 30/240 pairs disagree (+51 more position(s))
mayo,pqmayo_MAYO_1_ref_sample_solution,binOpFault/pqmayo_MAYO_1_ref_sample_solution_line197_opB,correction_paired_result.txt,correction,no,no position with disagreeing pairs
mayo,pqmayo_MAYO_1_ref_sample_solution,binOpFault/pqmayo_MAYO_1_ref_sample_solution_line197_opB,ineffective_paired_result.txt,ineffective,yes,pos 0: 30/240 pairs disagree (+49 more position(s))
mayo,pqmayo_MAYO_1_ref_sample_solution,binOpFault/pqmayo_MAYO_1_ref_sample_solution_line197_undef,correction_paired_result.txt,correction,no,no position with disagreeing pairs
mayo,pqmayo_MAYO_1_ref_sample_solution,binOpFault/pqmayo_MAYO_1_ref_sample_solution_line197_undef,ineffective_paired_result.txt,ineffective,yes,pos 0: 30/240 pairs disagree (+49 more position(s))
mayo,pqmayo_MAYO_1_ref_sample_solution,binOpFault/pqmayo_MAYO_1_ref_sample_solution_line197_zero,correction_paired_result.txt,correction,no,no position with disagreeing pairs
mayo,pqmayo_MAYO_1_ref_sample_solution,binOpFault/pqmayo_MAYO_1_ref_sample_solution_line197_zero,ineffective_paired_result.txt,ineffective,yes,pos 0: 30/240 pairs disagree (+49 more position(s))
mayo,pqmayo_MAYO_1_ref_sample_solution,binOpFault/pqmayo_MAYO_1_ref_sample_solution_line204_opA,correction_paired_result.txt,correction,no,no position with disagreeing pairs
mayo,pqmayo_MAYO_1_ref_sample_solution,binOpFault/pqmayo_MAYO_1_ref_sample_solution_line204_opA,ineffective_paired_result.txt,ineffective,yes,pos 0: 30/240 pairs disagree (+49 more position(s))
mayo,pqmayo_MAYO_1_ref_sample_solution,binOpFault/pqmayo_MAYO_1_ref_sample_solution_line204_opB,correction_paired_result.txt,correction,no,no position with disagreeing pairs
mayo,pqmayo_MAYO_1_ref_sample_solution,binOpFault/pqmayo_MAYO_1_ref_sample_solution_line204_opB,ineffective_paired_result.txt,ineffective,yes,pos 0: 30/240 pairs disagree (+49 more position(s))
mayo,pqmayo_MAYO_1_ref_sample_solution,binOpFault/pqmayo_MAYO_1_ref_sample_solution_line204_undef,correction_paired_result.txt,correction,no,no position with disagreeing pairs
mayo,pqmayo_MAYO_1_ref_sample_solution,binOpFault/pqmayo_MAYO_1_ref_sample_solution_line204_undef,ineffective_paired_result.txt,ineffective,yes,pos 0: 30/240 pairs disagree (+49 more position(s))
mayo,pqmayo_MAYO_1_ref_sample_solution,binOpFault/pqmayo_MAYO_1_ref_sample_solution_line204_zero,correction_paired_result.txt,correction,no,no position with disagreeing pairs
mayo,pqmayo_MAYO_1_ref_sample_solution,binOpFault/pqmayo_MAYO_1_ref_sample_solution_line204_zero,ineffective_paired_result.txt,ineffective,yes,pos 0: 30/240 pairs disagree (+49 more position(s))
mayo,pqmayo_MAYO_1_ref_sample_solution,binOpFault/pqmayo_MAYO_1_ref_sample_solution_line205_opA,correction_paired_result.txt,correction,no,no position with disagreeing pairs
mayo,pqmayo_MAYO_1_ref_sample_solution,binOpFault/pqmayo_MAYO_1_ref_sample_solution_line205_opA,ineffective_paired_result.txt,ineffective,yes,pos 0: 30/240 pairs disagree (+49 more position(s))
mayo,pqmayo_MAYO_1_ref_sample_solution,binOpFault/pqmayo_MAYO_1_ref_sample_solution_line205_opB,correction_paired_result.txt,correction,no,no position with disagreeing pairs
mayo,pqmayo_MAYO_1_ref_sample_solution,binOpFault/pqmayo_MAYO_1_ref_sample_solution_line205_opB,ineffective_paired_result.txt,ineffective,yes,pos 0: 30/240 pairs disagree (+49 more position(s))
mayo,pqmayo_MAYO_1_ref_sample_solution,binOpFault/pqmayo_MAYO_1_ref_sample_solution_line205_undef,correction_paired_result.txt,correction,no,no position with disagreeing pairs
mayo,pqmayo_MAYO_1_ref_sample_solution,binOpFault/pqmayo_MAYO_1_ref_sample_solution_line205_undef,ineffective_paired_result.txt,ineffective,yes,pos 0: 30/240 pairs disagree (+49 more position(s))
mayo,pqmayo_MAYO_1_ref_sample_solution,binOpFault/pqmayo_MAYO_1_ref_sample_solution_line205_zero,correction_paired_result.txt,correction,no,no position with disagreeing pairs
mayo,pqmayo_MAYO_1_ref_sample_solution,binOpFault/pqmayo_MAYO_1_ref_sample_solution_line205_zero,ineffective_paired_result.txt,ineffective,yes,pos 0: 30/240 pairs disagree (+49 more position(s))
mayo,pqmayo_MAYO_1_ref_sample_solution,binOpFault/pqmayo_MAYO_1_ref_sample_solution_line207_opA,correction_paired_result.txt,correction,no,no position with disagreeing pairs
mayo,pqmayo_MAYO_1_ref_sample_solution,binOpFault/pqmayo_MAYO_1_ref_sample_solution_line207_opA,ineffective_paired_result.txt,ineffective,yes,pos 1: 30/240 pairs disagree (+57 more position(s))
mayo,pqmayo_MAYO_1_ref_sample_solution,binOpFault/pqmayo_MAYO_1_ref_sample_solution_line207_opB,correction_paired_result.txt,correction,yes,pos 58: 1/16 secret values with y1 = y2 xor alpha
mayo,pqmayo_MAYO_1_ref_sample_solution,binOpFault/pqmayo_MAYO_1_ref_sample_solution_line207_opB,ineffective_paired_result.txt,ineffective,yes,pos 1: 30/240 pairs disagree (+47 more position(s))
mayo,pqmayo_MAYO_1_ref_sample_solution,binOpFault/pqmayo_MAYO_1_ref_sample_solution_line207_undef,correction_paired_result.txt,correction,yes,pos 58: 1/16 secret values with y1 = y2 xor alpha
mayo,pqmayo_MAYO_1_ref_sample_solution,binOpFault/pqmayo_MAYO_1_ref_sample_solution_line207_undef,ineffective_paired_result.txt,ineffective,yes,pos 1: 30/240 pairs disagree (+47 more position(s))
mayo,pqmayo_MAYO_1_ref_sample_solution,binOpFault/pqmayo_MAYO_1_ref_sample_solution_line207_zero,correction_paired_result.txt,correction,yes,pos 58: 1/16 secret values with y1 = y2 xor alpha
mayo,pqmayo_MAYO_1_ref_sample_solution,binOpFault/pqmayo_MAYO_1_ref_sample_solution_line207_zero,ineffective_paired_result.txt,ineffective,yes,pos 1: 30/240 pairs disagree (+47 more position(s))
mayo,pqmayo_MAYO_1_ref_sample_solution,binOpFault/pqmayo_MAYO_1_ref_sample_solution_line214_opA,correction_paired_result.txt,correction,yes,pos 58: 1/16 secret values with y1 = y2 xor alpha
mayo,pqmayo_MAYO_1_ref_sample_solution,binOpFault/pqmayo_MAYO_1_ref_sample_solution_line214_opA,ineffective_paired_result.txt,ineffective,yes,pos 1: 30/240 pairs disagree (+47 more position(s))
mayo,pqmayo_MAYO_1_ref_sample_solution,binOpFault/pqmayo_MAYO_1_ref_sample_solution_line214_opB,correction_paired_result.txt,correction,yes,pos 58: 1/16 secret values with y1 = y2 xor alpha
mayo,pqmayo_MAYO_1_ref_sample_solution,binOpFault/pqmayo_MAYO_1_ref_sample_solution_line214_opB,ineffective_paired_result.txt,ineffective,yes,pos 1: 30/240 pairs disagree (+47 more position(s))
mayo,pqmayo_MAYO_1_ref_sample_solution,binOpFault/pqmayo_MAYO_1_ref_sample_solution_line214_undef,correction_paired_result.txt,correction,yes,pos 58: 1/16 secret values with y1 = y2 xor alpha
mayo,pqmayo_MAYO_1_ref_sample_solution,binOpFault/pqmayo_MAYO_1_ref_sample_solution_line214_undef,ineffective_paired_result.txt,ineffective,yes,pos 1: 30/240 pairs disagree (+47 more position(s))
mayo,pqmayo_MAYO_1_ref_sample_solution,binOpFault/pqmayo_MAYO_1_ref_sample_solution_line214_zero,correction_paired_result.txt,correction,yes,pos 58: 1/16 secret values with y1 = y2 xor alpha
mayo,pqmayo_MAYO_1_ref_sample_solution,binOpFault/pqmayo_MAYO_1_ref_sample_solution_line214_zero,ineffective_paired_result.txt,ineffective,yes,pos 1: 30/240 pairs disagree (+47 more position(s))
mayo,pqmayo_MAYO_1_ref_sample_solution,binOpFault/pqmayo_MAYO_1_ref_sample_solution_line215_opA,correction_paired_result.txt,correction,yes,pos 58: 1/16 secret values with y1 = y2 xor alpha
mayo,pqmayo_MAYO_1_ref_sample_solution,binOpFault/pqmayo_MAYO_1_ref_sample_solution_line215_opA,ineffective_paired_result.txt,ineffective,yes,pos 1: 30/240 pairs disagree (+47 more position(s))
mayo,pqmayo_MAYO_1_ref_sample_solution,binOpFault/pqmayo_MAYO_1_ref_sample_solution_line215_opB,correction_paired_result.txt,correction,yes,pos 58: 1/16 secret values with y1 = y2 xor alpha
mayo,pqmayo_MAYO_1_ref_sample_solution,binOpFault/pqmayo_MAYO_1_ref_sample_solution_line215_opB,ineffective_paired_result.txt,ineffective,yes,pos 1: 30/240 pairs disagree (+47 more position(s))
mayo,pqmayo_MAYO_1_ref_sample_solution,binOpFault/pqmayo_MAYO_1_ref_sample_solution_line215_undef,correction_paired_result.txt,correction,yes,pos 58: 1/16 secret values with y1 = y2 xor alpha
mayo,pqmayo_MAYO_1_ref_sample_solution,binOpFault/pqmayo_MAYO_1_ref_sample_solution_line215_undef,ineffective_paired_result.txt,ineffective,yes,pos 1: 30/240 pairs disagree (+47 more position(s))
mayo,pqmayo_MAYO_1_ref_sample_solution,binOpFault/pqmayo_MAYO_1_ref_sample_solution_line215_zero,correction_paired_result.txt,correction,yes,pos 58: 1/16 secret values with y1 = y2 xor alpha
mayo,pqmayo_MAYO_1_ref_sample_solution,binOpFault/pqmayo_MAYO_1_ref_sample_solution_line215_zero,ineffective_paired_result.txt,ineffective,yes,pos 1: 30/240 pairs disagree (+47 more position(s))
mayo,pqmayo_MAYO_1_ref_sample_solution,binOpFault/pqmayo_MAYO_1_ref_sample_solution_line217_opA,correction_paired_result.txt,correction,yes,pos 6: 1/16 secret values with y1 = y2 xor alpha
mayo,pqmayo_MAYO_1_ref_sample_solution,binOpFault/pqmayo_MAYO_1_ref_sample_solution_line217_opA,ineffective_paired_result.txt,ineffective,yes,pos 1: 56/240 pairs disagree (+48 more position(s))
mayo,pqmayo_MAYO_1_ref_sample_solution,binOpFault/pqmayo_MAYO_1_ref_sample_solution_line217_opB,correction_paired_result.txt,correction,no,no position with disagreeing pairs
mayo,pqmayo_MAYO_1_ref_sample_solution,binOpFault/pqmayo_MAYO_1_ref_sample_solution_line217_opB,ineffective_paired_result.txt,ineffective,yes,pos 0: 30/240 pairs disagree (+53 more position(s))
mayo,pqmayo_MAYO_1_ref_sample_solution,binOpFault/pqmayo_MAYO_1_ref_sample_solution_line217_undef,correction_paired_result.txt,correction,no,no position with disagreeing pairs
mayo,pqmayo_MAYO_1_ref_sample_solution,binOpFault/pqmayo_MAYO_1_ref_sample_solution_line217_undef,ineffective_paired_result.txt,ineffective,yes,pos 0: 30/240 pairs disagree (+53 more position(s))
mayo,pqmayo_MAYO_1_ref_sample_solution,binOpFault/pqmayo_MAYO_1_ref_sample_solution_line217_zero,correction_paired_result.txt,correction,no,no position with disagreeing pairs
mayo,pqmayo_MAYO_1_ref_sample_solution,binOpFault/pqmayo_MAYO_1_ref_sample_solution_line217_zero,ineffective_paired_result.txt,ineffective,yes,pos 0: 30/240 pairs disagree (+53 more position(s))
mayo,pqmayo_MAYO_1_ref_sample_solution,binOpFault/pqmayo_MAYO_1_ref_sample_solution_line224_opA,correction_paired_result.txt,correction,no,no position with disagreeing pairs
mayo,pqmayo_MAYO_1_ref_sample_solution,binOpFault/pqmayo_MAYO_1_ref_sample_solution_line224_opA,ineffective_paired_result.txt,ineffective,yes,pos 0: 30/240 pairs disagree (+53 more position(s))
mayo,pqmayo_MAYO_1_ref_sample_solution,binOpFault/pqmayo_MAYO_1_ref_sample_solution_line224_opB,correction_paired_result.txt,correction,no,no position with disagreeing pairs
mayo,pqmayo_MAYO_1_ref_sample_solution,binOpFault/pqmayo_MAYO_1_ref_sample_solution_line224_opB,ineffective_paired_result.txt,ineffective,yes,pos 0: 30/240 pairs disagree (+53 more position(s))
mayo,pqmayo_MAYO_1_ref_sample_solution,binOpFault/pqmayo_MAYO_1_ref_sample_solution_line224_undef,correction_paired_result.txt,correction,no,no position with disagreeing pairs
mayo,pqmayo_MAYO_1_ref_sample_solution,binOpFault/pqmayo_MAYO_1_ref_sample_solution_line224_undef,ineffective_paired_result.txt,ineffective,yes,pos 0: 30/240 pairs disagree (+53 more position(s))
mayo,pqmayo_MAYO_1_ref_sample_solution,binOpFault/pqmayo_MAYO_1_ref_sample_solution_line224_zero,correction_paired_result.txt,correction,no,no position with disagreeing pairs
mayo,pqmayo_MAYO_1_ref_sample_solution,binOpFault/pqmayo_MAYO_1_ref_sample_solution_line224_zero,ineffective_paired_result.txt,ineffective,yes,pos 0: 30/240 pairs disagree (+53 more position(s))
mayo,pqmayo_MAYO_1_ref_sample_solution,binOpFault/pqmayo_MAYO_1_ref_sample_solution_line225_opA,correction_paired_result.txt,correction,no,no position with disagreeing pairs
mayo,pqmayo_MAYO_1_ref_sample_solution,binOpFault/pqmayo_MAYO_1_ref_sample_solution_line225_opA,ineffective_paired_result.txt,ineffective,yes,pos 0: 30/240 pairs disagree (+53 more position(s))
mayo,pqmayo_MAYO_1_ref_sample_solution,binOpFault/pqmayo_MAYO_1_ref_sample_solution_line225_opB,correction_paired_result.txt,correction,no,no position with disagreeing pairs
mayo,pqmayo_MAYO_1_ref_sample_solution,binOpFault/pqmayo_MAYO_1_ref_sample_solution_line225_opB,ineffective_paired_result.txt,ineffective,yes,pos 0: 30/240 pairs disagree (+53 more position(s))
mayo,pqmayo_MAYO_1_ref_sample_solution,binOpFault/pqmayo_MAYO_1_ref_sample_solution_line225_undef,correction_paired_result.txt,correction,no,no position with disagreeing pairs
mayo,pqmayo_MAYO_1_ref_sample_solution,binOpFault/pqmayo_MAYO_1_ref_sample_solution_line225_undef,ineffective_paired_result.txt,ineffective,yes,pos 0: 30/240 pairs disagree (+53 more position(s))
mayo,pqmayo_MAYO_1_ref_sample_solution,binOpFault/pqmayo_MAYO_1_ref_sample_solution_line225_zero,correction_paired_result.txt,correction,no,no position with disagreeing pairs
mayo,pqmayo_MAYO_1_ref_sample_solution,binOpFault/pqmayo_MAYO_1_ref_sample_solution_line225_zero,ineffective_paired_result.txt,ineffective,yes,pos 0: 30/240 pairs disagree (+53 more position(s))
mayo,pqmayo_MAYO_1_ref_sample_solution,binOpFault/pqmayo_MAYO_1_ref_sample_solution_line227_opA,correction_paired_result.txt,correction,no,no position with disagreeing pairs
mayo,pqmayo_MAYO_1_ref_sample_solution,binOpFault/pqmayo_MAYO_1_ref_sample_solution_line227_opA,ineffective_paired_result.txt,ineffective,yes,pos 1: 56/240 pairs disagree (+42 more position(s))
mayo,pqmayo_MAYO_1_ref_sample_solution,binOpFault/pqmayo_MAYO_1_ref_sample_solution_line227_opB,correction_paired_result.txt,correction,no,no position with disagreeing pairs
mayo,pqmayo_MAYO_1_ref_sample_solution,binOpFault/pqmayo_MAYO_1_ref_sample_solution_line227_opB,ineffective_paired_result.txt,ineffective,yes,pos 2: 30/240 pairs disagree (+41 more position(s))
mayo,pqmayo_MAYO_1_ref_sample_solution,binOpFault/pqmayo_MAYO_1_ref_sample_solution_line227_undef,correction_paired_result.txt,correction,no,no position with disagreeing pairs
mayo,pqmayo_MAYO_1_ref_sample_solution,binOpFault/pqmayo_MAYO_1_ref_sample_solution_line227_undef,ineffective_paired_result.txt,ineffective,yes,pos 2: 30/240 pairs disagree (+41 more position(s))
mayo,pqmayo_MAYO_1_ref_sample_solution,binOpFault/pqmayo_MAYO_1_ref_sample_solution_line227_zero,correction_paired_result.txt,correction,no,no position with disagreeing pairs
mayo,pqmayo_MAYO_1_ref_sample_solution,binOpFault/pqmayo_MAYO_1_ref_sample_solution_line227_zero,ineffective_paired_result.txt,ineffective,yes,pos 2: 30/240 pairs disagree (+41 more position(s))
mayo,pqmayo_MAYO_1_ref_sample_solution,binOpFault/pqmayo_MAYO_1_ref_sample_solution_line234_opA,correction_paired_result.txt,correction,no,no position with disagreeing pairs
mayo,pqmayo_MAYO_1_ref_sample_solution,binOpFault/pqmayo_MAYO_1_ref_sample_solution_line234_opA,ineffective_paired_result.txt,ineffective,yes,pos 2: 30/240 pairs disagree (+41 more position(s))
mayo,pqmayo_MAYO_1_ref_sample_solution,binOpFault/pqmayo_MAYO_1_ref_sample_solution_line234_opB,correction_paired_result.txt,correction,no,no position with disagreeing pairs
mayo,pqmayo_MAYO_1_ref_sample_solution,binOpFault/pqmayo_MAYO_1_ref_sample_solution_line234_opB,ineffective_paired_result.txt,ineffective,yes,pos 2: 30/240 pairs disagree (+41 more position(s))
mayo,pqmayo_MAYO_1_ref_sample_solution,binOpFault/pqmayo_MAYO_1_ref_sample_solution_line234_undef,correction_paired_result.txt,correction,no,no position with disagreeing pairs
mayo,pqmayo_MAYO_1_ref_sample_solution,binOpFault/pqmayo_MAYO_1_ref_sample_solution_line234_undef,ineffective_paired_result.txt,ineffective,yes,pos 2: 30/240 pairs disagree (+41 more position(s))
mayo,pqmayo_MAYO_1_ref_sample_solution,binOpFault/pqmayo_MAYO_1_ref_sample_solution_line234_zero,correction_paired_result.txt,correction,no,no position with disagreeing pairs
mayo,pqmayo_MAYO_1_ref_sample_solution,binOpFault/pqmayo_MAYO_1_ref_sample_solution_line234_zero,ineffective_paired_result.txt,ineffective,yes,pos 2: 30/240 pairs disagree (+41 more position(s))
mayo,pqmayo_MAYO_1_ref_sample_solution,binOpFault/pqmayo_MAYO_1_ref_sample_solution_line235_opA,correction_paired_result.txt,correction,no,no position with disagreeing pairs
mayo,pqmayo_MAYO_1_ref_sample_solution,binOpFault/pqmayo_MAYO_1_ref_sample_solution_line235_opA,ineffective_paired_result.txt,ineffective,yes,pos 2: 30/240 pairs disagree (+41 more position(s))
mayo,pqmayo_MAYO_1_ref_sample_solution,binOpFault/pqmayo_MAYO_1_ref_sample_solution_line235_opB,correction_paired_result.txt,correction,no,no position with disagreeing pairs
mayo,pqmayo_MAYO_1_ref_sample_solution,binOpFault/pqmayo_MAYO_1_ref_sample_solution_line235_opB,ineffective_paired_result.txt,ineffective,yes,pos 2: 30/240 pairs disagree (+41 more position(s))
mayo,pqmayo_MAYO_1_ref_sample_solution,binOpFault/pqmayo_MAYO_1_ref_sample_solution_line235_undef,correction_paired_result.txt,correction,no,no position with disagreeing pairs
mayo,pqmayo_MAYO_1_ref_sample_solution,binOpFault/pqmayo_MAYO_1_ref_sample_solution_line235_undef,ineffective_paired_result.txt,ineffective,yes,pos 2: 30/240 pairs disagree (+41 more position(s))
mayo,pqmayo_MAYO_1_ref_sample_solution,binOpFault/pqmayo_MAYO_1_ref_sample_solution_line235_zero,correction_paired_result.txt,correction,no,no position with disagreeing pairs
mayo,pqmayo_MAYO_1_ref_sample_solution,binOpFault/pqmayo_MAYO_1_ref_sample_solution_line235_zero,ineffective_paired_result.txt,ineffective,yes,pos 2: 30/240 pairs disagree (+41 more position(s))
mayo,pqmayo_MAYO_1_ref_sample_solution,binOpFault/pqmayo_MAYO_1_ref_sample_solution_line237_opA,correction_paired_result.txt,correction,no,no position with disagreeing pairs
mayo,pqmayo_MAYO_1_ref_sample_solution,binOpFault/pqmayo_MAYO_1_ref_sample_solution_line237_opA,ineffective_paired_result.txt,ineffective,yes,pos 0: 56/240 pairs disagree (+48 more position(s))
mayo,pqmayo_MAYO_1_ref_sample_solution,binOpFault/pqmayo_MAYO_1_ref_sample_solution_line237_opB,correction_paired_result.txt,correction,yes,pos 10: 1/16 secret values with y1 = y2 xor alpha
mayo,pqmayo_MAYO_1_ref_sample_solution,binOpFault/pqmayo_MAYO_1_ref_sample_solution_line237_opB,ineffective_paired_result.txt,ineffective,yes,pos 1: 30/240 pairs disagree (+50 more position(s))
mayo,pqmayo_MAYO_1_ref_sample_solution,binOpFault/pqmayo_MAYO_1_ref_sample_solution_line237_undef,correction_paired_result.txt,correction,yes,pos 10: 1/16 secret values with y1 = y2 xor alpha
mayo,pqmayo_MAYO_1_ref_sample_solution,binOpFault/pqmayo_MAYO_1_ref_sample_solution_line237_undef,ineffective_paired_result.txt,ineffective,yes,pos 1: 30/240 pairs disagree (+50 more position(s))
mayo,pqmayo_MAYO_1_ref_sample_solution,binOpFault/pqmayo_MAYO_1_ref_sample_solution_line237_zero,correction_paired_result.txt,correction,yes,pos 10: 1/16 secret values with y1 = y2 xor alpha
mayo,pqmayo_MAYO_1_ref_sample_solution,binOpFault/pqmayo_MAYO_1_ref_sample_solution_line237_zero,ineffective_paired_result.txt,ineffective,yes,pos 1: 30/240 pairs disagree (+50 more position(s))
mayo,pqmayo_MAYO_1_ref_sample_solution,binOpFault/pqmayo_MAYO_1_ref_sample_solution_line244_opA,correction_paired_result.txt,correction,yes,pos 10: 1/16 secret values with y1 = y2 xor alpha
mayo,pqmayo_MAYO_1_ref_sample_solution,binOpFault/pqmayo_MAYO_1_ref_sample_solution_line244_opA,ineffective_paired_result.txt,ineffective,yes,pos 1: 30/240 pairs disagree (+50 more position(s))
mayo,pqmayo_MAYO_1_ref_sample_solution,binOpFault/pqmayo_MAYO_1_ref_sample_solution_line244_opB,correction_paired_result.txt,correction,yes,pos 10: 1/16 secret values with y1 = y2 xor alpha
mayo,pqmayo_MAYO_1_ref_sample_solution,binOpFault/pqmayo_MAYO_1_ref_sample_solution_line244_opB,ineffective_paired_result.txt,ineffective,yes,pos 1: 30/240 pairs disagree (+50 more position(s))
mayo,pqmayo_MAYO_1_ref_sample_solution,binOpFault/pqmayo_MAYO_1_ref_sample_solution_line244_undef,correction_paired_result.txt,correction,yes,pos 10: 1/16 secret values with y1 = y2 xor alpha
mayo,pqmayo_MAYO_1_ref_sample_solution,binOpFault/pqmayo_MAYO_1_ref_sample_solution_line244_undef,ineffective_paired_result.txt,ineffective,yes,pos 1: 30/240 pairs disagree (+50 more position(s))
mayo,pqmayo_MAYO_1_ref_sample_solution,binOpFault/pqmayo_MAYO_1_ref_sample_solution_line244_zero,correction_paired_result.txt,correction,yes,pos 10: 1/16 secret values with y1 = y2 xor alpha
mayo,pqmayo_MAYO_1_ref_sample_solution,binOpFault/pqmayo_MAYO_1_ref_sample_solution_line244_zero,ineffective_paired_result.txt,ineffective,yes,pos 1: 30/240 pairs disagree (+50 more position(s))
mayo,pqmayo_MAYO_1_ref_sample_solution,binOpFault/pqmayo_MAYO_1_ref_sample_solution_line245_opA,correction_paired_result.txt,correction,yes,pos 10: 1/16 secret values with y1 = y2 xor alpha
mayo,pqmayo_MAYO_1_ref_sample_solution,binOpFault/pqmayo_MAYO_1_ref_sample_solution_line245_opA,ineffective_paired_result.txt,ineffective,yes,pos 1: 30/240 pairs disagree (+50 more position(s))
mayo,pqmayo_MAYO_1_ref_sample_solution,binOpFault/pqmayo_MAYO_1_ref_sample_solution_line245_opB,correction_paired_result.txt,correction,yes,pos 10: 1/16 secret values with y1 = y2 xor alpha
mayo,pqmayo_MAYO_1_ref_sample_solution,binOpFault/pqmayo_MAYO_1_ref_sample_solution_line245_opB,ineffective_paired_result.txt,ineffective,yes,pos 1: 30/240 pairs disagree (+50 more position(s))
mayo,pqmayo_MAYO_1_ref_sample_solution,binOpFault/pqmayo_MAYO_1_ref_sample_solution_line245_undef,correction_paired_result.txt,correction,yes,pos 10: 1/16 secret values with y1 = y2 xor alpha
mayo,pqmayo_MAYO_1_ref_sample_solution,binOpFault/pqmayo_MAYO_1_ref_sample_solution_line245_undef,ineffective_paired_result.txt,ineffective,yes,pos 1: 30/240 pairs disagree (+50 more position(s))
mayo,pqmayo_MAYO_1_ref_sample_solution,binOpFault/pqmayo_MAYO_1_ref_sample_solution_line245_zero,correction_paired_result.txt,correction,yes,pos 10: 1/16 secret values with y1 = y2 xor alpha
mayo,pqmayo_MAYO_1_ref_sample_solution,binOpFault/pqmayo_MAYO_1_ref_sample_solution_line245_zero,ineffective_paired_result.txt,ineffective,yes,pos 1: 30/240 pairs disagree (+50 more position(s))
mayo,pqmayo_MAYO_1_ref_sample_solution,binOpFault/pqmayo_MAYO_1_ref_sample_solution_line247_opA,correction_paired_result.txt,correction,no,no position with disagreeing pairs
mayo,pqmayo_MAYO_1_ref_sample_solution,binOpFault/pqmayo_MAYO_1_ref_sample_solution_line247_opA,ineffective_paired_result.txt,ineffective,yes,pos 0: 56/240 pairs disagree (+50 more position(s))
mayo,pqmayo_MAYO_1_ref_sample_solution,binOpFault/pqmayo_MAYO_1_ref_sample_solution_line247_opB,correction_paired_result.txt,correction,no,no position with disagreeing pairs
mayo,pqmayo_MAYO_1_ref_sample_solution,binOpFault/pqmayo_MAYO_1_ref_sample_solution_line247_opB,ineffective_paired_result.txt,ineffective,yes,pos 0: 56/240 pairs disagree (+45 more position(s))
mayo,pqmayo_MAYO_1_ref_sample_solution,binOpFault/pqmayo_MAYO_1_ref_sample_solution_line247_undef,correction_paired_result.txt,correction,no,no position with disagreeing pairs
mayo,pqmayo_MAYO_1_ref_sample_solution,binOpFault/pqmayo_MAYO_1_ref_sample_solution_line247_undef,ineffective_paired_result.txt,ineffective,yes,pos 0: 56/240 pairs disagree (+45 more position(s))
mayo,pqmayo_MAYO_1_ref_sample_solution,binOpFault/pqmayo_MAYO_1_ref_sample_solution_line247_zero,correction_paired_result.txt,correction,no,no position with disagreeing pairs
mayo,pqmayo_MAYO_1_ref_sample_solution,binOpFault/pqmayo_MAYO_1_ref_sample_solution_line247_zero,ineffective_paired_result.txt,ineffective,yes,pos 0: 56/240 pairs disagree (+45 more position(s))
mayo,pqmayo_MAYO_1_ref_sample_solution,binOpFault/pqmayo_MAYO_1_ref_sample_solution_line254_opA,correction_paired_result.txt,correction,no,no position with disagreeing pairs
mayo,pqmayo_MAYO_1_ref_sample_solution,binOpFault/pqmayo_MAYO_1_ref_sample_solution_line254_opA,ineffective_paired_result.txt,ineffective,yes,pos 0: 56/240 pairs disagree (+45 more position(s))
mayo,pqmayo_MAYO_1_ref_sample_solution,binOpFault/pqmayo_MAYO_1_ref_sample_solution_line254_opB,correction_paired_result.txt,correction,no,no position with disagreeing pairs
mayo,pqmayo_MAYO_1_ref_sample_solution,binOpFault/pqmayo_MAYO_1_ref_sample_solution_line254_opB,ineffective_paired_result.txt,ineffective,yes,pos 1: 30/240 pairs disagree (+51 more position(s))
mayo,pqmayo_MAYO_1_ref_sample_solution,binOpFault/pqmayo_MAYO_1_ref_sample_solution_line254_undef,correction_paired_result.txt,correction,no,no position with disagreeing pairs
mayo,pqmayo_MAYO_1_ref_sample_solution,binOpFault/pqmayo_MAYO_1_ref_sample_solution_line254_undef,ineffective_paired_result.txt,ineffective,yes,pos 0: 56/240 pairs disagree (+45 more position(s))
mayo,pqmayo_MAYO_1_ref_sample_solution,binOpFault/pqmayo_MAYO_1_ref_sample_solution_line254_zero,correction_paired_result.txt,correction,no,no position with disagreeing pairs
mayo,pqmayo_MAYO_1_ref_sample_solution,binOpFault/pqmayo_MAYO_1_ref_sample_solution_line254_zero,ineffective_paired_result.txt,ineffective,yes,pos 0: 56/240 pairs disagree (+53 more position(s))
mayo,pqmayo_MAYO_1_ref_sample_solution,binOpFault/pqmayo_MAYO_1_ref_sample_solution_line258_opA,correction_paired_result.txt,correction,no,no position with disagreeing pairs
mayo,pqmayo_MAYO_1_ref_sample_solution,binOpFault/pqmayo_MAYO_1_ref_sample_solution_line258_opA,ineffective_paired_result.txt,ineffective,yes,pos 1: 30/240 pairs disagree (+54 more position(s))
mayo,pqmayo_MAYO_1_ref_sample_solution,binOpFault/pqmayo_MAYO_1_ref_sample_solution_line258_opB,correction_paired_result.txt,correction,no,no position with disagreeing pairs
mayo,pqmayo_MAYO_1_ref_sample_solution,binOpFault/pqmayo_MAYO_1_ref_sample_solution_line258_opB,ineffective_paired_result.txt,ineffective,yes,pos 0: 120/240 pairs disagree (+75 more position(s))
mayo,pqmayo_MAYO_1_ref_sample_solution,binOpFault/pqmayo_MAYO_1_ref_sample_solution_line258_undef,correction_paired_result.txt,correction,no,no position with disagreeing pairs
mayo,pqmayo_MAYO_1_ref_sample_solution,binOpFault/pqmayo_MAYO_1_ref_sample_solution_line258_undef,ineffective_paired_result.txt,ineffective,yes,pos 1: 30/240 pairs disagree (+54 more position(s))
mayo,pqmayo_MAYO_1_ref_sample_solution,binOpFault/pqmayo_MAYO_1_ref_sample_solution_line258_zero,correction_paired_result.txt,correction,no,no position with disagreeing pairs
mayo,pqmayo_MAYO_1_ref_sample_solution,binOpFault/pqmayo_MAYO_1_ref_sample_solution_line258_zero,ineffective_paired_result.txt,ineffective,yes,pos 1: 30/240 pairs disagree (+54 more position(s))
mayo,pqmayo_MAYO_1_ref_sample_solution,binOpFault/pqmayo_MAYO_1_ref_sample_solution_line66_opA,correction_paired_result.txt,correction,no,no position with disagreeing pairs
mayo,pqmayo_MAYO_1_ref_sample_solution,binOpFault/pqmayo_MAYO_1_ref_sample_solution_line66_opA,ineffective_paired_result.txt,ineffective,yes,pos 1: 30/240 pairs disagree (+66 more position(s))
mayo,pqmayo_MAYO_1_ref_sample_solution,binOpFault/pqmayo_MAYO_1_ref_sample_solution_line66_opB,correction_paired_result.txt,correction,no,no position with disagreeing pairs
mayo,pqmayo_MAYO_1_ref_sample_solution,binOpFault/pqmayo_MAYO_1_ref_sample_solution_line66_opB,ineffective_paired_result.txt,ineffective,yes,pos 0: 30/240 pairs disagree (+73 more position(s))
mayo,pqmayo_MAYO_1_ref_sample_solution,binOpFault/pqmayo_MAYO_1_ref_sample_solution_line66_undef,correction_paired_result.txt,correction,no,no position with disagreeing pairs
mayo,pqmayo_MAYO_1_ref_sample_solution,binOpFault/pqmayo_MAYO_1_ref_sample_solution_line66_undef,ineffective_paired_result.txt,ineffective,yes,pos 1: 30/240 pairs disagree (+66 more position(s))
mayo,pqmayo_MAYO_1_ref_sample_solution,binOpFault/pqmayo_MAYO_1_ref_sample_solution_line66_zero,correction_paired_result.txt,correction,no,no position with disagreeing pairs
mayo,pqmayo_MAYO_1_ref_sample_solution,binOpFault/pqmayo_MAYO_1_ref_sample_solution_line66_zero,ineffective_paired_result.txt,ineffective,yes,pos 1: 30/240 pairs disagree (+66 more position(s))
mayo,pqmayo_MAYO_1_ref_sample_solution,loadStoreSkip/pqmayo_MAYO_1_ref_sample_solution_line105_mem,correction_paired_result.txt,correction,no,no position with disagreeing pairs
mayo,pqmayo_MAYO_1_ref_sample_solution,loadStoreSkip/pqmayo_MAYO_1_ref_sample_solution_line105_mem,ineffective_paired_result.txt,ineffective,yes,pos 1: 30/240 pairs disagree (+66 more position(s))
mayo,pqmayo_MAYO_1_ref_sample_solution,loadStoreSkip/pqmayo_MAYO_1_ref_sample_solution_line109_mem,correction_paired_result.txt,correction,no,no position with disagreeing pairs
mayo,pqmayo_MAYO_1_ref_sample_solution,loadStoreSkip/pqmayo_MAYO_1_ref_sample_solution_line109_mem,ineffective_paired_result.txt,ineffective,yes,pos 47: 30/240 pairs disagree (+29 more position(s))
mayo,pqmayo_MAYO_1_ref_sample_solution,loadStoreSkip/pqmayo_MAYO_1_ref_sample_solution_line111_mem,correction_paired_result.txt,correction,no,no position with disagreeing pairs
mayo,pqmayo_MAYO_1_ref_sample_solution,loadStoreSkip/pqmayo_MAYO_1_ref_sample_solution_line111_mem,ineffective_paired_result.txt,ineffective,yes,pos 47: 30/240 pairs disagree (+29 more position(s))
mayo,pqmayo_MAYO_1_ref_sample_solution,loadStoreSkip/pqmayo_MAYO_1_ref_sample_solution_line119_mem,correction_paired_result.txt,correction,no,no position with disagreeing pairs
mayo,pqmayo_MAYO_1_ref_sample_solution,loadStoreSkip/pqmayo_MAYO_1_ref_sample_solution_line119_mem,ineffective_paired_result.txt,ineffective,yes,pos 0: 30/240 pairs disagree (+53 more position(s))
mayo,pqmayo_MAYO_1_ref_sample_solution,loadStoreSkip/pqmayo_MAYO_1_ref_sample_solution_line125_mem,correction_paired_result.txt,correction,yes,pos 62: 1/16 secret values with y1 = y2 xor alpha
mayo,pqmayo_MAYO_1_ref_sample_solution,loadStoreSkip/pqmayo_MAYO_1_ref_sample_solution_line125_mem,ineffective_paired_result.txt,ineffective,yes,pos 0: 96/240 pairs disagree (+45 more position(s))
mayo,pqmayo_MAYO_1_ref_sample_solution,loadStoreSkip/pqmayo_MAYO_1_ref_sample_solution_line12_mem,correction_paired_result.txt,correction,no,no position with disagreeing pairs
mayo,pqmayo_MAYO_1_ref_sample_solution,loadStoreSkip/pqmayo_MAYO_1_ref_sample_solution_line12_mem,ineffective_paired_result.txt,ineffective,no,no position with disagreeing pairs
mayo,pqmayo_MAYO_1_ref_sample_solution,loadStoreSkip/pqmayo_MAYO_1_ref_sample_solution_line133_mem,correction_paired_result.txt,correction,no,no position with disagreeing pairs
mayo,pqmayo_MAYO_1_ref_sample_solution,loadStoreSkip/pqmayo_MAYO_1_ref_sample_solution_line133_mem,ineffective_paired_result.txt,ineffective,yes,pos 0: 30/240 pairs disagree (+49 more position(s))
mayo,pqmayo_MAYO_1_ref_sample_solution,loadStoreSkip/pqmayo_MAYO_1_ref_sample_solution_line141_mem,correction_paired_result.txt,correction,yes,pos 58: 1/16 secret values with y1 = y2 xor alpha
mayo,pqmayo_MAYO_1_ref_sample_solution,loadStoreSkip/pqmayo_MAYO_1_ref_sample_solution_line141_mem,ineffective_paired_result.txt,ineffective,yes,pos 1: 30/240 pairs disagree (+47 more position(s))
mayo,pqmayo_MAYO_1_ref_sample_solution,loadStoreSkip/pqmayo_MAYO_1_ref_sample_solution_line149_mem,correction_paired_result.txt,correction,no,no position with disagreeing pairs
mayo,pqmayo_MAYO_1_ref_sample_solution,loadStoreSkip/pqmayo_MAYO_1_ref_sample_solution_line149_mem,ineffective_paired_result.txt,ineffective,yes,pos 0: 30/240 pairs disagree (+53 more position(s))
mayo,pqmayo_MAYO_1_ref_sample_solution,loadStoreSkip/pqmayo_MAYO_1_ref_sample_solution_line14_mem,correction_paired_result.txt,correction,no,no position with disagreeing pairs
mayo,pqmayo_MAYO_1_ref_sample_solution,loadStoreSkip/pqmayo_MAYO_1_ref_sample_solution_line14_mem,ineffective_paired_result.txt,ineffective,no,no position with disagreeing pairs
mayo,pqmayo_MAYO_1_ref_sample_solution,loadStoreSkip/pqmayo_MAYO_1_ref_sample_solution_line157_mem,correction_paired_result.txt,correction,no,no position with disagreeing pairs
mayo,pqmayo_MAYO_1_ref_sample_solution,loadStoreSkip/pqmayo_MAYO_1_ref_sample_solution_line157_mem,ineffective_paired_result.txt,ineffective,yes,pos 2: 30/240 pairs disagree (+41 more position(s))
mayo,pqmayo_MAYO_1_ref_sample_solution,loadStoreSkip/pqmayo_MAYO_1_ref_sample_solution_line165_mem,correction_paired_result.txt,correction,yes,pos 10: 1/16 secret values with y1 = y2 xor alpha
mayo,pqmayo_MAYO_1_ref_sample_solution,loadStoreSkip/pqmayo_MAYO_1_ref_sample_solution_line165_mem,ineffective_paired_result.txt,ineffective,yes,pos 1: 30/240 pairs disagree (+50 more position(s))
mayo,pqmayo_MAYO_1_ref_sample_solution,loadStoreSkip/pqmayo_MAYO_1_ref_sample_solution_line173_mem,correction_paired_result.txt,correction,no,no position with disagreeing pairs
mayo,pqmayo_MAYO_1_ref_sample_solution,loadStoreSkip/pqmayo_MAYO_1_ref_sample_solution_line173_mem,ineffective_paired_result.txt,ineffective,yes,pos 0: 56/240 pairs disagree (+45 more position(s))
mayo,pqmayo_MAYO_1_ref_sample_solution,loadStoreSkip/pqmayo_MAYO_1_ref_sample_solution_line182_mem,correction_paired_result.txt,correction,no,no position with disagreeing pairs
mayo,pqmayo_MAYO_1_ref_sample_solution,loadStoreSkip/pqmayo_MAYO_1_ref_sample_solution_line182_mem,ineffective_paired_result.txt,ineffective,yes,pos 0: 56/240 pairs disagree (+51 more position(s))
mayo,pqmayo_MAYO_1_ref_sample_solution,loadStoreSkip/pqmayo_MAYO_1_ref_sample_solution_line186_mem,correction_paired_result.txt,correction,no,no position with disagreeing pairs
mayo,pqmayo_MAYO_1_ref_sample_solution,loadStoreSkip/pqmayo_MAYO_1_ref_sample_solution_line186_mem,ineffective_paired_result.txt,ineffective,yes,pos 0: 56/240 pairs disagree (+51 more position(s))
mayo,pqmayo_MAYO_1_ref_sample_solution,loadStoreSkip/pqmayo_MAYO_1_ref_sample_solution_line192_mem,correction_paired_result.txt,correction,yes,pos 61: 1/16 secret values with y1 = y2 xor alpha
mayo,pqmayo_MAYO_1_ref_sample_solution,loadStoreSkip/pqmayo_MAYO_1_ref_sample_solution_line192_mem,ineffective_paired_result.txt,ineffective,yes,pos 0: 30/240 pairs disagree (+54 more position(s))
mayo,pqmayo_MAYO_1_ref_sample_solution,loadStoreSkip/pqmayo_MAYO_1_ref_sample_solution_line196_mem,correction_paired_result.txt,correction,yes,pos 61: 1/16 secret values with y1 = y2 xor alpha
mayo,pqmayo_MAYO_1_ref_sample_solution,loadStoreSkip/pqmayo_MAYO_1_ref_sample_solution_line196_mem,ineffective_paired_result.txt,ineffective,yes,pos 0: 30/240 pairs disagree (+54 more position(s))
mayo,pqmayo_MAYO_1_ref_sample_solution,loadStoreSkip/pqmayo_MAYO_1_ref_sample_solution_line202_mem,correction_paired_result.txt,correction,no,no position with disagreeing pairs
mayo,pqmayo_MAYO_1_ref_sample_solution,loadStoreSkip/pqmayo_MAYO_1_ref_sample_solution_line202_mem,ineffective_paired_result.txt,ineffective,yes,pos 0: 30/240 pairs disagree (+48 more position(s))
mayo,pqmayo_MAYO_1_ref_sample_solution,loadStoreSkip/pqmayo_MAYO_1_ref_sample_solution_line206_mem,correction_paired_result.txt,correction,no,no position with disagreeing pairs
mayo,pqmayo_MAYO_1_ref_sample_solution,loadStoreSkip/pqmayo_MAYO_1_ref_sample_solution_line206_mem,ineffective_paired_result.txt,ineffective,yes,pos 0: 30/240 pairs disagree (+48 more position(s))
mayo,pqmayo_MAYO_1_ref_sample_solution,loadStoreSkip/pqmayo_MAYO_1_ref_sample_solution_line212_mem,correction_paired_result.txt,correction,no,no position with disagreeing pairs
mayo,pqmayo_MAYO_1_ref_sample_solution,loadStoreSkip/pqmayo_MAYO_1_ref_sample_solution_line212_mem,ineffective_paired_result.txt,ineffective,yes,pos 1: 30/240 pairs disagree (+47 more position(s))
mayo,pqmayo_MAYO_1_ref_sample_solution,loadStoreSkip/pqmayo_MAYO_1_ref_sample_solution_line216_mem,correction_paired_result.txt,correction,no,no position with disagreeing pairs
mayo,pqmayo_MAYO_1_ref_sample_solution,loadStoreSkip/pqmayo_MAYO_1_ref_sample_solution_line216_mem,ineffective_paired_result.txt,ineffective,yes,pos 1: 30/240 pairs disagree (+47 more position(s))
mayo,pqmayo_MAYO_1_ref_sample_solution,loadStoreSkip/pqmayo_MAYO_1_ref_sample_solution_line222_mem,correction_paired_result.txt,correction,yes,pos 59: 1/16 secret values with y1 = y2 xor alpha
mayo,pqmayo_MAYO_1_ref_sample_solution,loadStoreSkip/pqmayo_MAYO_1_ref_sample_solution_line222_mem,ineffective_paired_result.txt,ineffective,yes,pos 0: 30/240 pairs disagree (+45 more position(s))
mayo,pqmayo_MAYO_1_ref_sample_solution,loadStoreSkip/pqmayo_MAYO_1_ref_sample_solution_line226_mem,correction_paired_result.txt,correction,yes,pos 59: 1/16 secret values with y1 = y2 xor alpha
mayo,pqmayo_MAYO_1_ref_sample_solution,loadStoreSkip/pqmayo_MAYO_1_ref_sample_solution_line226_mem,ineffective_paired_result.txt,ineffective,yes,pos 0: 30/240 pairs disagree (+45 more position(s))
mayo,pqmayo_MAYO_1_ref_sample_solution,loadStoreSkip/pqmayo_MAYO_1_ref_sample_solution_line232_mem,correction_paired_result.txt,correction,yes,pos 48: 1/16 secret values with y1 = y2 xor alpha (+1 more position(s))
mayo,pqmayo_MAYO_1_ref_sample_solution,loadStoreSkip/pqmayo_MAYO_1_ref_sample_solution_line232_mem,ineffective_paired_result.txt,ineffective,yes,pos 1: 96/240 pairs disagree (+58 more position(s))
mayo,pqmayo_MAYO_1_ref_sample_solution,loadStoreSkip/pqmayo_MAYO_1_ref_sample_solution_line236_mem,correction_paired_result.txt,correction,yes,pos 48: 1/16 secret values with y1 = y2 xor alpha (+1 more position(s))
mayo,pqmayo_MAYO_1_ref_sample_solution,loadStoreSkip/pqmayo_MAYO_1_ref_sample_solution_line236_mem,ineffective_paired_result.txt,ineffective,yes,pos 1: 96/240 pairs disagree (+58 more position(s))
mayo,pqmayo_MAYO_1_ref_sample_solution,loadStoreSkip/pqmayo_MAYO_1_ref_sample_solution_line242_mem,correction_paired_result.txt,correction,yes,pos 9: 1/16 secret values with y1 = y2 xor alpha
mayo,pqmayo_MAYO_1_ref_sample_solution,loadStoreSkip/pqmayo_MAYO_1_ref_sample_solution_line242_mem,ineffective_paired_result.txt,ineffective,yes,pos 1: 30/240 pairs disagree (+46 more position(s))
mayo,pqmayo_MAYO_1_ref_sample_solution,loadStoreSkip/pqmayo_MAYO_1_ref_sample_solution_line246_mem,correction_paired_result.txt,correction,yes,pos 9: 1/16 secret values with y1 = y2 xor alpha
mayo,pqmayo_MAYO_1_ref_sample_solution,loadStoreSkip/pqmayo_MAYO_1_ref_sample_solution_line246_mem,ineffective_paired_result.txt,ineffective,yes,pos 1: 30/240 pairs disagree (+46 more position(s))
mayo,pqmayo_MAYO_1_ref_sample_solution,loadStoreSkip/pqmayo_MAYO_1_ref_sample_solution_line252_mem,correction_paired_result.txt,correction,no,no position with disagreeing pairs
mayo,pqmayo_MAYO_1_ref_sample_solution,loadStoreSkip/pqmayo_MAYO_1_ref_sample_solution_line252_mem,ineffective_paired_result.txt,ineffective,yes,pos 1: 30/240 pairs disagree (+51 more position(s))
mayo,pqmayo_MAYO_1_ref_sample_solution,loadStoreSkip/pqmayo_MAYO_1_ref_sample_solution_line255_mem,correction_paired_result.txt,correction,no,no position with disagreeing pairs
mayo,pqmayo_MAYO_1_ref_sample_solution,loadStoreSkip/pqmayo_MAYO_1_ref_sample_solution_line255_mem,ineffective_paired_result.txt,ineffective,yes,pos 1: 30/240 pairs disagree (+51 more position(s))
mayo,pqmayo_MAYO_1_ref_sample_solution,loadStoreSkip/pqmayo_MAYO_1_ref_sample_solution_line26_mem,correction_paired_result.txt,correction,no,no position with disagreeing pairs
mayo,pqmayo_MAYO_1_ref_sample_solution,loadStoreSkip/pqmayo_MAYO_1_ref_sample_solution_line26_mem,ineffective_paired_result.txt,ineffective,yes,pos 1: 30/240 pairs disagree (+72 more position(s))
mayo,pqmayo_MAYO_1_ref_sample_solution,loadStoreSkip/pqmayo_MAYO_1_ref_sample_solution_line37_mem,correction_paired_result.txt,correction,no,no position with disagreeing pairs
mayo,pqmayo_MAYO_1_ref_sample_solution,loadStoreSkip/pqmayo_MAYO_1_ref_sample_solution_line37_mem,ineffective_paired_result.txt,ineffective,yes,pos 0: 30/240 pairs disagree (+73 more position(s))
mayo,pqmayo_MAYO_1_ref_sample_solution,loadStoreSkip/pqmayo_MAYO_1_ref_sample_solution_line47_mem,correction_paired_result.txt,correction,no,no position with disagreeing pairs
mayo,pqmayo_MAYO_1_ref_sample_solution,loadStoreSkip/pqmayo_MAYO_1_ref_sample_solution_line47_mem,ineffective_paired_result.txt,ineffective,yes,pos 1: 30/240 pairs disagree (+66 more position(s))
mayo,pqmayo_MAYO_1_ref_sample_solution,loadStoreSkip/pqmayo_MAYO_1_ref_sample_solution_line65_mem,correction_paired_result.txt,correction,no,no position with disagreeing pairs
mayo,pqmayo_MAYO_1_ref_sample_solution,loadStoreSkip/pqmayo_MAYO_1_ref_sample_solution_line65_mem,ineffective_paired_result.txt,ineffective,yes,pos 1: 30/240 pairs disagree (+66 more position(s))
mayo,pqmayo_MAYO_1_ref_sample_solution,loadStoreSkip/pqmayo_MAYO_1_ref_sample_solution_line99_mem,correction_paired_result.txt,correction,no,no position with disagreeing pairs
mayo,pqmayo_MAYO_1_ref_sample_solution,loadStoreSkip/pqmayo_MAYO_1_ref_sample_solution_line99_mem,ineffective_paired_result.txt,ineffective,yes,pos 1: 30/240 pairs disagree (+66 more position(s))
mayo,pqmayo_MAYO_1_ref_sample_solution,loopOrFuncSkip/pqmayo_MAYO_1_ref_sample_solution_fnSkip_EF_line52,correction_paired_result.txt,correction,yes,pos 55: 1/16 secret values with y1 = y2 xor alpha
mayo,pqmayo_MAYO_1_ref_sample_solution,loopOrFuncSkip/pqmayo_MAYO_1_ref_sample_solution_fnSkip_EF_line52,ineffective_paired_result.txt,ineffective,yes,pos 0: 30/240 pairs disagree (+71 more position(s))
mayo,pqmayo_MAYO_1_ref_sample_solution,loopOrFuncSkip/pqmayo_MAYO_1_ref_sample_solution_fnSkip_ct_compare_8_line100,correction_paired_result.txt,correction,no,no position with disagreeing pairs
mayo,pqmayo_MAYO_1_ref_sample_solution,loopOrFuncSkip/pqmayo_MAYO_1_ref_sample_solution_fnSkip_ct_compare_8_line100,ineffective_paired_result.txt,ineffective,no,no position with disagreeing pairs
mayo,pqmayo_MAYO_1_ref_sample_solution,loopOrFuncSkip/pqmayo_MAYO_1_ref_sample_solution_fnSkip_mat_mul.21_line31,correction_paired_result.txt,correction,no,no position with disagreeing pairs
mayo,pqmayo_MAYO_1_ref_sample_solution,loopOrFuncSkip/pqmayo_MAYO_1_ref_sample_solution_fnSkip_mat_mul.21_line31,ineffective_paired_result.txt,ineffective,yes,pos 1: 30/240 pairs disagree (+72 more position(s))
mayo,pqmayo_MAYO_1_ref_sample_solution,loopOrFuncSkip/pqmayo_MAYO_1_ref_sample_solution_fnSkip_mul_fx8_line177,correction_paired_result.txt,correction,no,no position with disagreeing pairs
mayo,pqmayo_MAYO_1_ref_sample_solution,loopOrFuncSkip/pqmayo_MAYO_1_ref_sample_solution_fnSkip_mul_fx8_line177,ineffective_paired_result.txt,ineffective,no,no position with disagreeing pairs
mayo,pqmayo_MAYO_1_ref_sample_solution,loopOrFuncSkip/pqmayo_MAYO_1_ref_sample_solution_fnSkip_sub_f_line40,correction_paired_result.txt,correction,no,no position with disagreeing pairs
mayo,pqmayo_MAYO_1_ref_sample_solution,loopOrFuncSkip/pqmayo_MAYO_1_ref_sample_solution_fnSkip_sub_f_line40,ineffective_paired_result.txt,ineffective,no,no position with disagreeing pairs
mayo,shake256,loadStoreSkip/shake256_line17_mem,correction_paired_result.txt,correction,yes,pos 0: 236/240 pairs disagree (+23 more position(s))
mayo,shake256,loadStoreSkip/shake256_line17_mem,ineffective_paired_result.txt,ineffective,yes,pos 0: 96/240 pairs disagree (+17 more position(s))
mayo,shake256,loadStoreSkip/shake256_line19_mem,correction_paired_result.txt,correction,yes,pos 0: 236/240 pairs disagree (+23 more position(s))
mayo,shake256,loadStoreSkip/shake256_line19_mem,ineffective_paired_result.txt,ineffective,yes,pos 0: 96/240 pairs disagree (+17 more position(s))
mayo,shake256,loopOrFuncSkip/shake256_fnSkip_shake256_squeezeblocks_line11,correction_paired_result.txt,correction,yes,pos 0: 236/240 pairs disagree (+23 more position(s))
mayo,shake256,loopOrFuncSkip/shake256_fnSkip_shake256_squeezeblocks_line11,ineffective_paired_result.txt,ineffective,yes,pos 0: 96/240 pairs disagree (+17 more position(s))
mayo,shake256,loopOrFuncSkip/shake256_fnSkip_shake256_squeezeblocks_line4,correction_paired_result.txt,correction,no,no position with disagreeing pairs
mayo,shake256,loopOrFuncSkip/shake256_fnSkip_shake256_squeezeblocks_line4,ineffective_paired_result.txt,ineffective,no,no position with disagreeing pairs
mayo,sub_f,binOpFault/sub_f_line0_opA,correction_paired_result.txt,correction,yes,pos 0: 15/16 secret values with y1 = y2 xor alpha
mayo,sub_f,binOpFault/sub_f_line0_opA,ineffective_paired_result.txt,ineffective,yes,pos 0: 30/240 pairs disagree
mayo,sub_f,binOpFault/sub_f_line0_opB,correction_paired_result.txt,correction,no,no position with disagreeing pairs
mayo,sub_f,binOpFault/sub_f_line0_opB,ineffective_paired_result.txt,ineffective,no,no position with disagreeing pairs
mayo,sub_f,binOpFault/sub_f_line0_undef,correction_paired_result.txt,correction,no,no position with disagreeing pairs
mayo,sub_f,binOpFault/sub_f_line0_undef,ineffective_paired_result.txt,ineffective,yes,pos 0: 30/240 pairs disagree
mayo,sub_f,binOpFault/sub_f_line0_zero,correction_paired_result.txt,correction,no,no position with disagreeing pairs
mayo,sub_f,binOpFault/sub_f_line0_zero,ineffective_paired_result.txt,ineffective,yes,pos 0: 30/240 pairs disagree
mayo,vec_mul_add_u64,binOpFault/vec_mul_add_u64_line10_opA,correction_paired_result.txt,correction,yes,pos 0: 8/16 secret values with y1 = y2 xor alpha (+1 more position(s))
mayo,vec_mul_add_u64,binOpFault/vec_mul_add_u64_line10_opA,ineffective_paired_result.txt,ineffective,yes,pos 0: 128/240 pairs disagree
mayo,vec_mul_add_u64,binOpFault/vec_mul_add_u64_line10_opB,correction_paired_result.txt,correction,yes,pos 0: 8/16 secret values with y1 = y2 xor alpha (+1 more position(s))
mayo,vec_mul_add_u64,binOpFault/vec_mul_add_u64_line10_opB,ineffective_paired_result.txt,ineffective,yes,pos 0: 128/240 pairs disagree
mayo,vec_mul_add_u64,binOpFault/vec_mul_add_u64_line10_undef,correction_paired_result.txt,correction,yes,pos 0: 8/16 secret values with y1 = y2 xor alpha (+1 more position(s))
mayo,vec_mul_add_u64,binOpFault/vec_mul_add_u64_line10_undef,ineffective_paired_result.txt,ineffective,yes,pos 0: 128/240 pairs disagree
mayo,vec_mul_add_u64,binOpFault/vec_mul_add_u64_line10_zero,correction_paired_result.txt,correction,yes,pos 0: 8/16 secret values with y1 = y2 xor alpha (+1 more position(s))
mayo,vec_mul_add_u64,binOpFault/vec_mul_add_u64_line10_zero,ineffective_paired_result.txt,ineffective,yes,pos 0: 128/240 pairs disagree
mayo,vec_mul_add_u64,binOpFault/vec_mul_add_u64_line12_opA,correction_paired_result.txt,correction,yes,pos 0: 8/16 secret values with y1 = y2 xor alpha (+1 more position(s))
mayo,vec_mul_add_u64,binOpFault/vec_mul_add_u64_line12_opA,ineffective_paired_result.txt,ineffective,yes,pos 0: 128/240 pairs disagree
mayo,vec_mul_add_u64,binOpFault/vec_mul_add_u64_line12_opB,correction_paired_result.txt,correction,yes,pos 0: 8/16 secret values with y1 = y2 xor alpha (+1 more position(s))
mayo,vec_mul_add_u64,binOpFault/vec_mul_add_u64_line12_opB,ineffective_paired_result.txt,ineffective,yes,pos 0: 128/240 pairs disagree
mayo,vec_mul_add_u64,binOpFault/vec_mul_add_u64_line12_undef,correction_paired_result.txt,correction,yes,pos 0: 15/16 secret values with y1 = y2 xor alpha
mayo,vec_mul_add_u64,binOpFault/vec_mul_add_u64_line12_undef,ineffective_paired_result.txt,ineffective,yes,pos 0: 30/240 pairs disagree
mayo,vec_mul_add_u64,binOpFault/vec_mul_add_u64_line12_zero,correction_paired_result.txt,correction,yes,pos 0: 8/16 secret values with y1 = y2 xor alpha (+1 more position(s))
mayo,vec_mul_add_u64,binOpFault/vec_mul_add_u64_line12_zero,ineffective_paired_result.txt,ineffective,yes,pos 0: 128/240 pairs disagree
mayo,vec_mul_add_u64,binOpFault/vec_mul_add_u64_line13_opA,correction_paired_result.txt,correction,yes,pos 0: 8/16 secret values with y1 = y2 xor alpha (+2 more position(s))
mayo,vec_mul_add_u64,binOpFault/vec_mul_add_u64_line13_opA,ineffective_paired_result.txt,ineffective,yes,pos 0: 128/240 pairs disagree
mayo,vec_mul_add_u64,binOpFault/vec_mul_add_u64_line13_opB,correction_paired_result.txt,correction,yes,pos 0: 8/16 secret values with y1 = y2 xor alpha (+4 more position(s))
mayo,vec_mul_add_u64,binOpFault/vec_mul_add_u64_line13_opB,ineffective_paired_result.txt,ineffective,yes,pos 0: 128/240 pairs disagree
mayo,vec_mul_add_u64,binOpFault/vec_mul_add_u64_line13_undef,correction_paired_result.txt,correction,yes,pos 0: 8/16 secret values with y1 = y2 xor alpha (+4 more position(s))
mayo,vec_mul_add_u64,binOpFault/vec_mul_add_u64_line13_undef,ineffective_paired_result.txt,ineffective,yes,pos 0: 128/240 pairs disagree
mayo,vec_mul_add_u64,binOpFault/vec_mul_add_u64_line13_zero,correction_paired_result.txt,correction,yes,pos 0: 8/16 secret values with y1 = y2 xor alpha (+4 more position(s))
mayo,vec_mul_add_u64,binOpFault/vec_mul_add_u64_line13_zero,ineffective_paired_result.txt,ineffective,yes,pos 0: 128/240 pairs disagree
mayo,vec_mul_add_u64,binOpFault/vec_mul_add_u64_line14_opA,correction_paired_result.txt,correction,yes,pos 0: 8/16 secret values with y1 = y2 xor alpha (+4 more position(s))
mayo,vec_mul_add_u64,binOpFault/vec_mul_add_u64_line14_opA,ineffective_paired_result.txt,ineffective,yes,pos 0: 128/240 pairs disagree
mayo,vec_mul_add_u64,binOpFault/vec_mul_add_u64_line14_opB,correction_paired_result.txt,correction,yes,pos 0: 8/16 secret values with y1 = y2 xor alpha (+4 more position(s))
mayo,vec_mul_add_u64,binOpFault/vec_mul_add_u64_line14_opB,ineffective_paired_result.txt,ineffective,yes,pos 0: 128/240 pairs disagree
mayo,vec_mul_add_u64,binOpFault/vec_mul_add_u64_line14_undef,correction_paired_result.txt,correction,yes,pos 0: 8/16 secret values with y1 = y2 xor alpha (+4 more position(s))
mayo,vec_mul_add_u64,binOpFault/vec_mul_add_u64_line14_undef,ineffective_paired_result.txt,ineffective,yes,pos 0: 128/240 pairs disagree
mayo,vec_mul_add_u64,binOpFault/vec_mul_add_u64_line14_zero,correction_paired_result.txt,correction,yes,pos 0: 8/16 secret values with y1 = y2 xor alpha (+4 more position(s))
mayo,vec_mul_add_u64,binOpFault/vec_mul_add_u64_line14_zero,ineffective_paired_result.txt,ineffective,yes,pos 0: 128/240 pairs disagree
mayo,vec_mul_add_u64,binOpFault/vec_mul_add_u64_line15_opA,correction_paired_result.txt,correction,yes,pos 0: 8/16 secret values with y1 = y2 xor alpha (+4 more position(s))
mayo,vec_mul_add_u64,binOpFault/vec_mul_add_u64_line15_opA,ineffective_paired_result.txt,ineffective,yes,pos 0: 128/240 pairs disagree
mayo,vec_mul_add_u64,binOpFault/vec_mul_add_u64_line15_opB,correction_paired_result.txt,correction,yes,pos 0: 8/16 secret values with y1 = y2 xor alpha (+4 more position(s))
mayo,vec_mul_add_u64,binOpFault/vec_mul_add_u64_line15_opB,ineffective_paired_result.txt,ineffective,yes,pos 0: 128/240 pairs disagree
mayo,vec_mul_add_u64,binOpFault/vec_mul_add_u64_line15_undef,correction_paired_result.txt,correction,yes,pos 0: 8/16 secret values with y1 = y2 xor alpha (+4 more position(s))
mayo,vec_mul_add_u64,binOpFault/vec_mul_add_u64_line15_undef,ineffective_paired_result.txt,ineffective,yes,pos 0: 128/240 pairs disagree
mayo,vec_mul_add_u64,binOpFault/vec_mul_add_u64_line15_zero,correction_paired_result.txt,correction,yes,pos 0: 8/16 secret values with y1 = y2 xor alpha (+4 more position(s))
mayo,vec_mul_add_u64,binOpFault/vec_mul_add_u64_line15_zero,ineffective_paired_result.txt,ineffective,yes,pos 0: 128/240 pairs disagree
mayo,vec_mul_add_u64,binOpFault/vec_mul_add_u64_line16_opA,correction_paired_result.txt,correction,yes,pos 0: 8/16 secret values with y1 = y2 xor alpha (+4 more position(s))
mayo,vec_mul_add_u64,binOpFault/vec_mul_add_u64_line16_opA,ineffective_paired_result.txt,ineffective,yes,pos 0: 128/240 pairs disagree
mayo,vec_mul_add_u64,binOpFault/vec_mul_add_u64_line16_opB,correction_paired_result.txt,correction,yes,pos 0: 8/16 secret values with y1 = y2 xor alpha (+4 more position(s))
mayo,vec_mul_add_u64,binOpFault/vec_mul_add_u64_line16_opB,ineffective_paired_result.txt,ineffective,yes,pos 0: 128/240 pairs disagree
mayo,vec_mul_add_u64,binOpFault/vec_mul_add_u64_line16_undef,correction_paired_result.txt,correction,yes,pos 0: 8/16 secret values with y1 = y2 xor alpha (+4 more position(s))
mayo,vec_mul_add_u64,binOpFault/vec_mul_add_u64_line16_undef,ineffective_paired_result.txt,ineffective,yes,pos 0: 128/240 pairs disagree
mayo,vec_mul_add_u64,binOpFault/vec_mul_add_u64_line16_zero,correction_paired_result.txt,correction,yes,pos 0: 8/16 secret values with y1 = y2 xor alpha (+4 more position(s))
mayo,vec_mul_add_u64,binOpFault/vec_mul_add_u64_line16_zero,ineffective_paired_result.txt,ineffective,yes,pos 0: 128/240 pairs disagree
mayo,vec_mul_add_u64,binOpFault/vec_mul_add_u64_line18_opA,correction_paired_result.txt,correction,yes,pos 0: 8/16 secret values with y1 = y2 xor alpha (+4 more position(s))
mayo,vec_mul_add_u64,binOpFault/vec_mul_add_u64_line18_opA,ineffective_paired_result.txt,ineffective,yes,pos 0: 128/240 pairs disagree
mayo,vec_mul_add_u64,binOpFault/vec_mul_add_u64_line18_opB,correction_paired_result.txt,correction,yes,pos 0: 8/16 secret values with y1 = y2 xor alpha (+4 more position(s))
mayo,vec_mul_add_u64,binOpFault/vec_mul_add_u64_line18_opB,ineffective_paired_result.txt,ineffective,yes,pos 0: 128/240 pairs disagree
mayo,vec_mul_add_u64,binOpFault/vec_mul_add_u64_line18_undef,correction_paired_result.txt,correction,yes,pos 0: 15/16 secret values with y1 = y2 xor alpha
mayo,vec_mul_add_u64,binOpFault/vec_mul_add_u64_line18_undef,ineffective_paired_result.txt,ineffective,yes,pos 0: 30/240 pairs disagree
mayo,vec_mul_add_u64,binOpFault/vec_mul_add_u64_line18_zero,correction_paired_result.txt,correction,yes,pos 0: 8/16 secret values with y1 = y2 xor alpha (+4 more position(s))
mayo,vec_mul_add_u64,binOpFault/vec_mul_add_u64_line18_zero,ineffective_paired_result.txt,ineffective,yes,pos 0: 128/240 pairs disagree
mayo,vec_mul_add_u64,binOpFault/vec_mul_add_u64_line19_opA,correction_paired_result.txt,correction,yes,pos 0: 8/16 secret values with y1 = y2 xor alpha (+4 more position(s))
mayo,vec_mul_add_u64,binOpFault/vec_mul_add_u64_line19_opA,ineffective_paired_result.txt,ineffective,yes,pos 0: 128/240 pairs disagree
mayo,vec_mul_add_u64,binOpFault/vec_mul_add_u64_line19_opB,correction_paired_result.txt,correction,yes,pos 0: 8/16 secret values with y1 = y2 xor alpha (+1 more position(s))
mayo,vec_mul_add_u64,binOpFault/vec_mul_add_u64_line19_opB,ineffective_paired_result.txt,ineffective,yes,pos 0: 128/240 pairs disagree
mayo,vec_mul_add_u64,binOpFault/vec_mul_add_u64_line19_undef,correction_paired_result.txt,correction,yes,pos 0: 15/16 secret values with y1 = y2 xor alpha
mayo,vec_mul_add_u64,binOpFault/vec_mul_add_u64_line19_undef,ineffective_paired_result.txt,ineffective,yes,pos 0: 30/240 pairs disagree
mayo,vec_mul_add_u64,binOpFault/vec_mul_add_u64_line19_zero,correction_paired_result.txt,correction,yes,pos 0: 12/16 secret values with y1 = y2 xor alpha
mayo,vec_mul_add_u64,binOpFault/vec_mul_add_u64_line19_zero,ineffective_paired_result.txt,ineffective,yes,pos 0: 96/240 pairs disagree
mayo,vec_mul_add_u64,binOpFault/vec_mul_add_u64_line22_opA,correction_paired_result.txt,correction,yes,pos 0: 8/16 secret values with y1 = y2 xor alpha (+2 more position(s))
mayo,vec_mul_add_u64,binOpFault/vec_mul_add_u64_line22_opA,ineffective_paired_result.txt,ineffective,yes,pos 0: 128/240 pairs disagree
mayo,vec_mul_add_u64,binOpFault/vec_mul_add_u64_line22_opB,correction_paired_result.txt,correction,yes,pos 0: 8/16 secret values with y1 = y2 xor alpha (+4 more position(s))
mayo,vec_mul_add_u64,binOpFault/vec_mul_add_u64_line22_opB,ineffective_paired_result.txt,ineffective,yes,pos 0: 128/240 pairs disagree
mayo,vec_mul_add_u64,binOpFault/vec_mul_add_u64_line22_undef,correction_paired_result.txt,correction,yes,pos 0: 8/16 secret values with y1 = y2 xor alpha (+4 more position(s))
mayo,vec_mul_add_u64,binOpFault/vec_mul_add_u64_line22_undef,ineffective_paired_result.txt,ineffective,yes,pos 0: 128/240 pairs disagree
mayo,vec_mul_add_u64,binOpFault/vec_mul_add_u64_line22_zero,correction_paired_result.txt,correction,yes,pos 0: 8/16 secret values with y1 = y2 xor alpha (+4 more position(s))
mayo,vec_mul_add_u64,binOpFault/vec_mul_add_u64_line22_zero,ineffective_paired_result.txt,ineffective,yes,pos 0: 128/240 pairs disagree
mayo,vec_mul_add_u64,binOpFault/vec_mul_add_u64_line23_opA,correction_paired_result.txt,correction,yes,pos 0: 8/16 secret values with y1 = y2 xor alpha (+4 more position(s))
mayo,vec_mul_add_u64,binOpFault/vec_mul_add_u64_line23_opA,ineffective_paired_result.txt,ineffective,yes,pos 0: 128/240 pairs disagree
mayo,vec_mul_add_u64,binOpFault/vec_mul_add_u64_line23_opB,correction_paired_result.txt,correction,yes,pos 0: 8/16 secret values with y1 = y2 xor alpha (+4 more position(s))
mayo,vec_mul_add_u64,binOpFault/vec_mul_add_u64_line23_opB,ineffective_paired_result.txt,ineffective,yes,pos 0: 128/240 pairs disagree
mayo,vec_mul_add_u64,binOpFault/vec_mul_add_u64_line23_undef,correction_paired_result.txt,correction,yes,pos 0: 8/16 secret values with y1 = y2 xor alpha (+4 more position(s))
mayo,vec_mul_add_u64,binOpFault/vec_mul_add_u64_line23_undef,ineffective_paired_result.txt,ineffective,yes,pos 0: 128/240 pairs disagree
mayo,vec_mul_add_u64,binOpFault/vec_mul_add_u64_line23_zero,correction_paired_result.txt,correction,yes,pos 0: 8/16 secret values with y1 = y2 xor alpha (+4 more position(s))
mayo,vec_mul_add_u64,binOpFault/vec_mul_add_u64_line23_zero,ineffective_paired_result.txt,ineffective,yes,pos 0: 128/240 pairs disagree
mayo,vec_mul_add_u64,binOpFault/vec_mul_add_u64_line24_opA,correction_paired_result.txt,correction,yes,pos 0: 8/16 secret values with y1 = y2 xor alpha (+4 more position(s))
mayo,vec_mul_add_u64,binOpFault/vec_mul_add_u64_line24_opA,ineffective_paired_result.txt,ineffective,yes,pos 0: 128/240 pairs disagree
mayo,vec_mul_add_u64,binOpFault/vec_mul_add_u64_line24_opB,correction_paired_result.txt,correction,yes,pos 0: 8/16 secret values with y1 = y2 xor alpha (+4 more position(s))
mayo,vec_mul_add_u64,binOpFault/vec_mul_add_u64_line24_opB,ineffective_paired_result.txt,ineffective,yes,pos 0: 128/240 pairs disagree
mayo,vec_mul_add_u64,binOpFault/vec_mul_add_u64_line24_undef,correction_paired_result.txt,correction,yes,pos 0: 8/16 secret values with y1 = y2 xor alpha (+4 more position(s))
mayo,vec_mul_add_u64,binOpFault/vec_mul_add_u64_line24_undef,ineffective_paired_result.txt,ineffective,yes,pos 0: 128/240 pairs disagree
mayo,vec_mul_add_u64,binOpFault/vec_mul_add_u64_line24_zero,correction_paired_result.txt,correction,yes,pos 0: 8/16 secret values with y1 = y2 xor alpha (+4 more position(s))
mayo,vec_mul_add_u64,binOpFault/vec_mul_add_u64_line24_zero,ineffective_paired_result.txt,ineffective,yes,pos 0: 128/240 pairs disagree
mayo,vec_mul_add_u64,binOpFault/vec_mul_add_u64_line25_opA,correction_paired_result.txt,correction,yes,pos 0: 8/16 secret values with y1 = y2 xor alpha (+4 more position(s))
mayo,vec_mul_add_u64,binOpFault/vec_mul_add_u64_line25_opA,ineffective_paired_result.txt,ineffective,yes,pos 0: 128/240 pairs disagree
mayo,vec_mul_add_u64,binOpFault/vec_mul_add_u64_line25_opB,correction_paired_result.txt,correction,yes,pos 0: 8/16 secret values with y1 = y2 xor alpha (+4 more position(s))
mayo,vec_mul_add_u64,binOpFault/vec_mul_add_u64_line25_opB,ineffective_paired_result.txt,ineffective,yes,pos 0: 128/240 pairs disagree
mayo,vec_mul_add_u64,binOpFault/vec_mul_add_u64_line25_undef,correction_paired_result.txt,correction,yes,pos 0: 8/16 secret values with y1 = y2 xor alpha (+4 more position(s))
mayo,vec_mul_add_u64,binOpFault/vec_mul_add_u64_line25_undef,ineffective_paired_result.txt,ineffective,yes,pos 0: 128/240 pairs disagree
mayo,vec_mul_add_u64,binOpFault/vec_mul_add_u64_line25_zero,correction_paired_result.txt,correction,yes,pos 0: 8/16 secret values with y1 = y2 xor alpha (+4 more position(s))
mayo,vec_mul_add_u64,binOpFault/vec_mul_add_u64_line25_zero,ineffective_paired_result.txt,ineffective,yes,pos 0: 128/240 pairs disagree
mayo,vec_mul_add_u64,binOpFault/vec_mul_add_u64_line27_opA,correction_paired_result.txt,correction,yes,pos 0: 8/16 secret values with y1 = y2 xor alpha (+4 more position(s))
mayo,vec_mul_add_u64,binOpFault/vec_mul_add_u64_line27_opA,ineffective_paired_result.txt,ineffective,yes,pos 0: 128/240 pairs disagree
mayo,vec_mul_add_u64,binOpFault/vec_mul_add_u64_line27_opB,correction_paired_result.txt,correction,yes,pos 0: 8/16 secret values with y1 = y2 xor alpha (+4 more position(s))
mayo,vec_mul_add_u64,binOpFault/vec_mul_add_u64_line27_opB,ineffective_paired_result.txt,ineffective,yes,pos 0: 128/240 pairs disagree
mayo,vec_mul_add_u64,binOpFault/vec_mul_add_u64_line27_undef,correction_paired_result.txt,correction,yes,pos 0: 15/16 secret values with y1 = y2 xor alpha
mayo,vec_mul_add_u64,binOpFault/vec_mul_add_u64_line27_undef,ineffective_paired_result.txt,ineffective,yes,pos 0: 30/240 pairs disagree
mayo,vec_mul_add_u64,binOpFault/vec_mul_add_u64_line27_zero,correction_paired_result.txt,correction,yes,pos 0: 8/16 secret values with y1 = y2 xor alpha (+4 more position(s))
mayo,vec_mul_add_u64,binOpFault/vec_mul_add_u64_line27_zero,ineffective_paired_result.txt,ineffective,yes,pos 0: 128/240 pairs disagree
mayo,vec_mul_add_u64,binOpFault/vec_mul_add_u64_line28_opA,correction_paired_result.txt,correction,yes,pos 0: 8/16 secret values with y1 = y2 xor alpha (+4 more position(s))
mayo,vec_mul_add_u64,binOpFault/vec_mul_add_u64_line28_opA,ineffective_paired_result.txt,ineffective,yes,pos 0: 128/240 pairs disagree
mayo,vec_mul_add_u64,binOpFault/vec_mul_add_u64_line28_opB,correction_paired_result.txt,correction,yes,pos 0: 12/16 secret values with y1 = y2 xor alpha
mayo,vec_mul_add_u64,binOpFault/vec_mul_add_u64_line28_opB,ineffective_paired_result.txt,ineffective,yes,pos 0: 96/240 pairs disagree
mayo,vec_mul_add_u64,binOpFault/vec_mul_add_u64_line28_undef,correction_paired_result.txt,correction,yes,pos 0: 15/16 secret values with y1 = y2 xor alpha
mayo,vec_mul_add_u64,binOpFault/vec_mul_add_u64_line28_undef,ineffective_paired_result.txt,ineffective,yes,pos 0: 30/240 pairs disagree
mayo,vec_mul_add_u64,binOpFault/vec_mul_add_u64_line28_zero,correction_paired_result.txt,correction,yes,pos 0: 14/16 secret values with y1 = y2 xor alpha
mayo,vec_mul_add_u64,binOpFault/vec_mul_add_u64_line28_zero,ineffective_paired_result.txt,ineffective,yes,pos 0: 56/240 pairs disagree
mayo,vec_mul_add_u64,binOpFault/vec_mul_add_u64_line31_opA,correction_paired_result.txt,correction,yes,pos 0: 8/16 secret values with y1 = y2 xor alpha (+3 more position(s))
mayo,vec_mul_add_u64,binOpFault/vec_mul_add_u64_line31_opA,ineffective_paired_result.txt,ineffective,yes,pos 0: 128/240 pairs disagree
mayo,vec_mul_add_u64,binOpFault/vec_mul_add_u64_line31_opB,correction_paired_result.txt,correction,yes,pos 0: 8/16 secret values with y1 = y2 xor alpha (+2 more position(s))
mayo,vec_mul_add_u64,binOpFault/vec_mul_add_u64_line31_opB,ineffective_paired_result.txt,ineffective,yes,pos 0: 128/240 pairs disagree
mayo,vec_mul_add_u64,binOpFault/vec_mul_add_u64_line31_undef,correction_paired_result.txt,correction,yes,pos 0: 8/16 secret values with y1 = y2 xor alpha (+2 more position(s))
mayo,vec_mul_add_u64,binOpFault/vec_mul_add_u64_line31_undef,ineffective_paired_result.txt,ineffective,yes,pos 0: 128/240 pairs disagree
mayo,vec_mul_add_u64,binOpFault/vec_mul_add_u64_line31_zero,correction_paired_result.txt,correction,yes,pos 0: 8/16 secret values with y1 = y2 xor alpha (+2 more position(s))
mayo,vec_mul_add_u64,binOpFault/vec_mul_add_u64_line31_zero,ineffective_paired_result.txt,ineffective,yes,pos 0: 128/240 pairs disagree
mayo,vec_mul_add_u64,binOpFault/vec_mul_add_u64_line32_opA,correction_paired_result.txt,correction,yes,pos 0: 8/16 secret values with y1 = y2 xor alpha (+2 more position(s))
mayo,vec_mul_add_u64,binOpFault/vec_mul_add_u64_line32_opA,ineffective_paired_result.txt,ineffective,yes,pos 0: 128/240 pairs disagree
mayo,vec_mul_add_u64,binOpFault/vec_mul_add_u64_line32_opB,correction_paired_result.txt,correction,yes,pos 0: 8/16 secret values with y1 = y2 xor alpha (+2 more position(s))
mayo,vec_mul_add_u64,binOpFault/vec_mul_add_u64_line32_opB,ineffective_paired_result.txt,ineffective,yes,pos 0: 128/240 pairs disagree
mayo,vec_mul_add_u64,binOpFault/vec_mul_add_u64_line32_undef,correction_paired_result.txt,correction,yes,pos 0: 8/16 secret values with y1 = y2 xor alpha (+2 more position(s))
mayo,vec_mul_add_u64,binOpFault/vec_mul_add_u64_line32_undef,ineffective_paired_result.txt,ineffective,yes,pos 0: 128/240 pairs disagree
mayo,vec_mul_add_u64,binOpFault/vec_mul_add_u64_line32_zero,correction_paired_result.txt,correction,yes,pos 0: 8/16 secret values with y1 = y2 xor alpha (+2 more position(s))
mayo,vec_mul_add_u64,binOpFault/vec_mul_add_u64_line32_zero,ineffective_paired_result.txt,ineffective,yes,pos 0: 128/240 pairs disagree
mayo,vec_mul_add_u64,binOpFault/vec_mul_add_u64_line33_opA,correction_paired_result.txt,correction,yes,pos 0: 8/16 secret values with y1 = y2 xor alpha (+2 more position(s))
mayo,vec_mul_add_u64,binOpFault/vec_mul_add_u64_line33_opA,ineffective_paired_result.txt,ineffective,yes,pos 0: 128/240 pairs disagree
mayo,vec_mul_add_u64,binOpFault/vec_mul_add_u64_line33_opB,correction_paired_result.txt,correction,yes,pos 0: 8/16 secret values with y1 = y2 xor alpha (+2 more position(s))
mayo,vec_mul_add_u64,binOpFault/vec_mul_add_u64_line33_opB,ineffective_paired_result.txt,ineffective,yes,pos 0: 128/240 pairs disagree
mayo,vec_mul_add_u64,binOpFault/vec_mul_add_u64_line33_undef,correction_paired_result.txt,correction,yes,pos 0: 8/16 secret values with y1 = y2 xor alpha (+2 more position(s))
mayo,vec_mul_add_u64,binOpFault/vec_mul_add_u64_line33_undef,ineffective_paired_result.txt,ineffective,yes,pos 0: 128/240 pairs disagree
mayo,vec_mul_add_u64,binOpFault/vec_mul_add_u64_line33_zero,correction_paired_result.txt,correction,yes,pos 0: 8/16 secret values with y1 = y2 xor alpha (+2 more position(s))
mayo,vec_mul_add_u64,binOpFault/vec_mul_add_u64_line33_zero,ineffective_paired_result.txt,ineffective,yes,pos 0: 128/240 pairs disagree
mayo,vec_mul_add_u64,binOpFault/vec_mul_add_u64_line34_opA,correction_paired_result.txt,correction,yes,pos 0: 8/16 secret values with y1 = y2 xor alpha (+2 more position(s))
mayo,vec_mul_add_u64,binOpFault/vec_mul_add_u64_line34_opA,ineffective_paired_result.txt,ineffective,yes,pos 0: 128/240 pairs disagree
mayo,vec_mul_add_u64,binOpFault/vec_mul_add_u64_line34_opB,correction_paired_result.txt,correction,yes,pos 0: 8/16 secret values with y1 = y2 xor alpha (+2 more position(s))
mayo,vec_mul_add_u64,binOpFault/vec_mul_add_u64_line34_opB,ineffective_paired_result.txt,ineffective,yes,pos 0: 128/240 pairs disagree
mayo,vec_mul_add_u64,binOpFault/vec_mul_add_u64_line34_undef,correction_paired_result.txt,correction,yes,pos 0: 8/16 secret values with y1 = y2 xor alpha (+2 more position(s))
mayo,vec_mul_add_u64,binOpFault/vec_mul_add_u64_line34_undef,ineffective_paired_result.txt,ineffective,yes,pos 0: 128/240 pairs disagree
mayo,vec_mul_add_u64,binOpFault/vec_mul_add_u64_line34_zero,correction_paired_result.txt,correction,yes,pos 0: 8/16 secret values with y1 = y2 xor alpha (+2 more position(s))
mayo,vec_mul_add_u64,binOpFault/vec_mul_add_u64_line34_zero,ineffective_paired_result.txt,ineffective,yes,pos 0: 128/240 pairs disagree
mayo,vec_mul_add_u64,binOpFault/vec_mul_add_u64_line36_opA,correction_paired_result.txt,correction,yes,pos 0: 8/16 secret values with y1 = y2 xor alpha (+2 more position(s))
mayo,vec_mul_add_u64,binOpFault/vec_mul_add_u64_line36_opA,ineffective_paired_result.txt,ineffective,yes,pos 0: 128/240 pairs disagree
mayo,vec_mul_add_u64,binOpFault/vec_mul_add_u64_line36_opB,correction_paired_result.txt,correction,yes,pos 0: 8/16 secret values with y1 = y2 xor alpha (+2 more position(s))
mayo,vec_mul_add_u64,binOpFault/vec_mul_add_u64_line36_opB,ineffective_paired_result.txt,ineffective,yes,pos 0: 128/240 pairs disagree
mayo,vec_mul_add_u64,binOpFault/vec_mul_add_u64_line36_undef,correction_paired_result.txt,correction,yes,pos 0: 15/16 secret values with y1 = y2 xor alpha
mayo,vec_mul_add_u64,binOpFault/vec_mul_add_u64_line36_undef,ineffective_paired_result.txt,ineffective,yes,pos 0: 30/240 pairs disagree
mayo,vec_mul_add_u64,binOpFault/vec_mul_add_u64_line36_zero,correction_paired_result.txt,correction,yes,pos 0: 8/16 secret values with y1 = y2 xor alpha (+2 more position(s))
mayo,vec_mul_add_u64,binOpFault/vec_mul_add_u64_line36_zero,ineffective_paired_result.txt,ineffective,yes,pos 0: 128/240 pairs disagree
mayo,vec_mul_add_u64,binOpFault/vec_mul_add_u64_line37_opA,correction_paired_result.txt,correction,yes,pos 0: 8/16 secret values with y1 = y2 xor alpha (+2 more position(s))
mayo,vec_mul_add_u64,binOpFault/vec_mul_add_u64_line37_opA,ineffective_paired_result.txt,ineffective,yes,pos 0: 128/240 pairs disagree
mayo,vec_mul_add_u64,binOpFault/vec_mul_add_u64_line37_opB,correction_paired_result.txt,correction,yes,pos 0: 14/16 secret values with y1 = y2 xor alpha
mayo,vec_mul_add_u64,binOpFault/vec_mul_add_u64_line37_opB,ineffective_paired_result.txt,ineffective,yes,pos 0: 56/240 pairs disagree
mayo,vec_mul_add_u64,binOpFault/vec_mul_add_u64_line37_undef,correction_paired_result.txt,correction,yes,pos 0: 15/16 secret values with y1 = y2 xor alpha
mayo,vec_mul_add_u64,binOpFault/vec_mul_add_u64_line37_undef,ineffective_paired_result.txt,ineffective,yes,pos 0: 30/240 pairs disagree
mayo,vec_mul_add_u64,binOpFault/vec_mul_add_u64_line37_zero,correction_paired_result.txt,correction,yes,pos 0: 15/16 secret values with y1 = y2 xor alpha
mayo,vec_mul_add_u64,binOpFault/vec_mul_add_u64_line37_zero,ineffective_paired_result.txt,ineffective,yes,pos 0: 30/240 pairs disagree
mayo,vec_mul_add_u64,binOpFault/vec_mul_add_u64_line40_opA,correction_paired_result.txt,correction,yes,pos 0: 15/16 secret values with y1 = y2 xor alpha
mayo,vec_mul_add_u64,binOpFault/vec_mul_add_u64_line40_opA,ineffective_paired_result.txt,ineffective,yes,pos 0: 30/240 pairs disagree
mayo,vec_mul_add_u64,binOpFault/vec_mul_add_u64_line40_opB,correction_paired_result.txt,correction,no,no position with disagreeing pairs
mayo,vec_mul_add_u64,binOpFault/vec_mul_add_u64_line40_opB,ineffective_paired_result.txt,ineffective,no,no position with disagreeing pairs
mayo,vec_mul_add_u64,binOpFault/vec_mul_add_u64_line40_undef,correction_paired_result.txt,correction,yes,pos 0: 15/16 secret values with y1 = y2 xor alpha
mayo,vec_mul_add_u64,binOpFault/vec_mul_add_u64_line40_undef,ineffective_paired_result.txt,ineffective,yes,pos 0: 30/240 pairs disagree
mayo,vec_mul_add_u64,binOpFault/vec_mul_add_u64_line40_zero,correction_paired_result.txt,correction,yes,pos 0: 15/16 secret values with y1 = y2 xor alpha
mayo,vec_mul_add_u64,binOpFault/vec_mul_add_u64_line40_zero,ineffective_paired_result.txt,ineffective,yes,pos 0: 30/240 pairs disagree
mayo,vec_mul_add_u64,binOpFault/vec_mul_add_u64_line9_opA,correction_paired_result.txt,correction,yes,pos 0: 8/16 secret values with y1 = y2 xor alpha (+1 more position(s))
mayo,vec_mul_add_u64,binOpFault/vec_mul_add_u64_line9_opA,ineffective_paired_result.txt,ineffective,yes,pos 0: 128/240 pairs disagree
mayo,vec_mul_add_u64,binOpFault/vec_mul_add_u64_line9_opB,correction_paired_result.txt,correction,yes,pos 0: 8/16 secret values with y1 = y2 xor alpha (+1 more position(s))
mayo,vec_mul_add_u64,binOpFault/vec_mul_add_u64_line9_opB,ineffective_paired_result.txt,ineffective,yes,pos 0: 128/240 pairs disagree
mayo,vec_mul_add_u64,binOpFault/vec_mul_add_u64_line9_undef,correction_paired_result.txt,correction,yes,pos 0: 8/16 secret values with y1 = y2 xor alpha (+1 more position(s))
mayo,vec_mul_add_u64,binOpFault/vec_mul_add_u64_line9_undef,ineffective_paired_result.txt,ineffective,yes,pos 0: 128/240 pairs disagree
mayo,vec_mul_add_u64,binOpFault/vec_mul_add_u64_line9_zero,correction_paired_result.txt,correction,yes,pos 0: 8/16 secret values with y1 = y2 xor alpha (+1 more position(s))
mayo,vec_mul_add_u64,binOpFault/vec_mul_add_u64_line9_zero,ineffective_paired_result.txt,ineffective,yes,pos 0: 128/240 pairs disagree
mayo,vec_mul_add_u64,loadStoreSkip/vec_mul_add_u64_line21_mem,correction_paired_result.txt,correction,yes,pos 0: 8/16 secret values with y1 = y2 xor alpha (+4 more position(s))
mayo,vec_mul_add_u64,loadStoreSkip/vec_mul_add_u64_line21_mem,ineffective_paired_result.txt,ineffective,yes,pos 0: 128/240 pairs disagree
mayo,vec_mul_add_u64,loadStoreSkip/vec_mul_add_u64_line30_mem,correction_paired_result.txt,correction,yes,pos 0: 8/16 secret values with y1 = y2 xor alpha (+2 more position(s))
mayo,vec_mul_add_u64,loadStoreSkip/vec_mul_add_u64_line30_mem,ineffective_paired_result.txt,ineffective,yes,pos 0: 128/240 pairs disagree
mayo,vec_mul_add_u64,loadStoreSkip/vec_mul_add_u64_line39_mem,correction_paired_result.txt,correction,no,no position with disagreeing pairs
mayo,vec_mul_add_u64,loadStoreSkip/vec_mul_add_u64_line39_mem,ineffective_paired_result.txt,ineffective,no,no position with disagreeing pairs
mayo,vec_mul_add_u64,loadStoreSkip/vec_mul_add_u64_line41_mem,correction_paired_result.txt,correction,no,no position with disagreeing pairs
mayo,vec_mul_add_u64,loadStoreSkip/vec_mul_add_u64_line41_mem,ineffective_paired_result.txt,ineffective,no,no position with disagreeing pairs
mayo,vec_mul_add_u64,loadStoreSkip/vec_mul_add_u64_line8_mem,correction_paired_result.txt,correction,yes,pos 0: 12/16 secret values with y1 = y2 xor alpha
mayo,vec_mul_add_u64,loadStoreSkip/vec_mul_add_u64_line8_mem,ineffective_paired_result.txt,ineffective,yes,pos 0: 96/240 pairs disagree
mayo,vec_mul_add_u64,loopOrFuncSkip/vec_mul_add_u64_fnSkip_mul_table.22_line0,correction_paired_result.txt,correction,yes,pos 0: 15/16 secret values with y1 = y2 xor alpha
mayo,vec_mul_add_u64,loopOrFuncSkip/vec_mul_add_u64_fnSkip_mul_table.22_line0,ineffective_paired_result.txt,ineffective,yes,pos 0: 30/240 pairs disagree
